ISO-10303-21;
HEADER;
FILE_DESCRIPTION(('KiCad electronic assembly'),'2;1');
FILE_NAME('oled-stats-dongle.step','2026-08-26T22:20:14',('Pcbnew'),(
    'Kicad'),'Open CASCADE STEP processor 7.9','KiCad to STEP converter'
  ,'Unknown');
FILE_SCHEMA(('AUTOMOTIVE_DESIGN { 1 0 10303 214 1 1 1 1 }'));
ENDSEC;
DATA;
#1 = APPLICATION_PROTOCOL_DEFINITION('international standard',
  'automotive_design',2000,#2);
#2 = APPLICATION_CONTEXT(
  'core data for automotive mechanical design processes');
#3 = SHAPE_DEFINITION_REPRESENTATION(#4,#10);
#4 = PRODUCT_DEFINITION_SHAPE('','',#5);
#5 = PRODUCT_DEFINITION('design','',#6,#9);
#6 = PRODUCT_DEFINITION_FORMATION('','',#7);
#7 = PRODUCT('oled-stats-dongle 1','oled-stats-dongle 1','',(#8));
#8 = PRODUCT_CONTEXT('',#2,'mechanical');
#9 = PRODUCT_DEFINITION_CONTEXT('part definition',#2,'design');
#10 = SHAPE_REPRESENTATION('',(#11,#15,#19,#23,#27,#31,#35,#39),#43);
#11 = AXIS2_PLACEMENT_3D('',#12,#13,#14);
#12 = CARTESIAN_POINT('',(0.,0.,0.));
#13 = DIRECTION('',(0.,0.,1.));
#14 = DIRECTION('',(1.,0.,-0.));
#15 = AXIS2_PLACEMENT_3D('',#16,#17,#18);
#16 = CARTESIAN_POINT('',(110.,-46.865,1.995));
#17 = DIRECTION('',(-0.,0.,1.));
#18 = DIRECTION('',(1.110223024625E-16,-1.,0.));
#19 = AXIS2_PLACEMENT_3D('',#20,#21,#22);
#20 = CARTESIAN_POINT('',(105.,-71.5,1.995));
#21 = DIRECTION('',(0.,0.,1.));
#22 = DIRECTION('',(-1.,1.224646799147E-16,0.));
#23 = AXIS2_PLACEMENT_3D('',#24,#25,#26);
#24 = CARTESIAN_POINT('',(103.525,-81.365,1.995));
#25 = DIRECTION('',(0.,0.,1.));
#26 = DIRECTION('',(1.,0.,0.));
#27 = AXIS2_PLACEMENT_3D('',#28,#29,#30);
#28 = CARTESIAN_POINT('',(106.31,-67.775,3.995));
#29 = DIRECTION('',(0.,0.,1.));
#30 = DIRECTION('',(1.,0.,0.));
#31 = AXIS2_PLACEMENT_3D('',#32,#33,#34);
#32 = CARTESIAN_POINT('',(105.,-73.365,1.995));
#33 = DIRECTION('',(0.,0.,1.));
#34 = DIRECTION('',(1.,0.,0.));
#35 = AXIS2_PLACEMENT_3D('',#36,#37,#38);
#36 = CARTESIAN_POINT('',(103.275,-46.865,1.995));
#37 = DIRECTION('',(0.,0.,1.));
#38 = DIRECTION('',(1.,0.,0.));
#39 = AXIS2_PLACEMENT_3D('',#40,#41,#42);
#40 = CARTESIAN_POINT('',(0.,0.,0.));
#41 = DIRECTION('',(0.,0.,1.));
#42 = DIRECTION('',(1.,0.,-0.));
#43 = ( GEOMETRIC_REPRESENTATION_CONTEXT(3) 
GLOBAL_UNCERTAINTY_ASSIGNED_CONTEXT((#47)) GLOBAL_UNIT_ASSIGNED_CONTEXT(
(#44,#45,#46)) REPRESENTATION_CONTEXT('Context #1',
  '3D Context with UNIT and UNCERTAINTY') );
#44 = ( LENGTH_UNIT() NAMED_UNIT(*) SI_UNIT(.MILLI.,.METRE.) );
#45 = ( NAMED_UNIT(*) PLANE_ANGLE_UNIT() SI_UNIT($,.RADIAN.) );
#46 = ( NAMED_UNIT(*) SI_UNIT($,.STERADIAN.) SOLID_ANGLE_UNIT() );
#47 = UNCERTAINTY_MEASURE_WITH_UNIT(LENGTH_MEASURE(1.E-07),#44,
  'distance_accuracy_value','confusion accuracy');
#48 = PRODUCT_RELATED_PRODUCT_CATEGORY('part',$,(#7));
#49 = SHAPE_DEFINITION_REPRESENTATION(#50,#56);
#50 = PRODUCT_DEFINITION_SHAPE('','',#51);
#51 = PRODUCT_DEFINITION('design','',#52,#55);
#52 = PRODUCT_DEFINITION_FORMATION('','',#53);
#53 = PRODUCT('R_0603_1608Metric','R_0603_1608Metric','',(#54));
#54 = PRODUCT_CONTEXT('',#2,'mechanical');
#55 = PRODUCT_DEFINITION_CONTEXT('part definition',#2,'design');
#56 = SHAPE_REPRESENTATION('',(#11,#57),#61);
#57 = AXIS2_PLACEMENT_3D('',#58,#59,#60);
#58 = CARTESIAN_POINT('',(0.,0.,0.));
#59 = DIRECTION('',(0.,0.,1.));
#60 = DIRECTION('',(1.,0.,-0.));
#61 = ( GEOMETRIC_REPRESENTATION_CONTEXT(3) 
GLOBAL_UNCERTAINTY_ASSIGNED_CONTEXT((#65)) GLOBAL_UNIT_ASSIGNED_CONTEXT(
(#62,#63,#64)) REPRESENTATION_CONTEXT('Context #1',
  '3D Context with UNIT and UNCERTAINTY') );
#62 = ( LENGTH_UNIT() NAMED_UNIT(*) SI_UNIT(.MILLI.,.METRE.) );
#63 = ( NAMED_UNIT(*) PLANE_ANGLE_UNIT() SI_UNIT($,.RADIAN.) );
#64 = ( NAMED_UNIT(*) SI_UNIT($,.STERADIAN.) SOLID_ANGLE_UNIT() );
#65 = UNCERTAINTY_MEASURE_WITH_UNIT(LENGTH_MEASURE(1.E-07),#62,
  'distance_accuracy_value','confusion accuracy');
#66 = CONTEXT_DEPENDENT_SHAPE_REPRESENTATION(#67,#69);
#67 = ( REPRESENTATION_RELATIONSHIP('','',#56,#10) 
REPRESENTATION_RELATIONSHIP_WITH_TRANSFORMATION(#68) 
SHAPE_REPRESENTATION_RELATIONSHIP() );
#68 = ITEM_DEFINED_TRANSFORMATION('','',#11,#15);
#69 = PRODUCT_DEFINITION_SHAPE('Placement','Placement of an item',#70);
#70 = NEXT_ASSEMBLY_USAGE_OCCURRENCE('2','R1','',#5,#51,$);
#71 = PRODUCT_RELATED_PRODUCT_CATEGORY('part',$,(#53));
#72 = SHAPE_DEFINITION_REPRESENTATION(#73,#79);
#73 = PRODUCT_DEFINITION_SHAPE('','',#74);
#74 = PRODUCT_DEFINITION('design','',#75,#78);
#75 = PRODUCT_DEFINITION_FORMATION('','',#76);
#76 = PRODUCT('R_0603_1608Metric','R_0603_1608Metric','',(#77));
#77 = PRODUCT_CONTEXT('',#2,'mechanical');
#78 = PRODUCT_DEFINITION_CONTEXT('part definition',#2,'design');
#79 = ADVANCED_BREP_SHAPE_REPRESENTATION('',(#11,#80),#870);
#80 = MANIFOLD_SOLID_BREP('',#81);
#81 = CLOSED_SHELL('',(#82,#122,#205,#230,#255,#322,#339,#356,#405,#422,
    #439,#488,#505,#574,#605,#629,#698,#722,#739,#756,#773,#790,#807,
    #824,#841,#858));
#82 = ADVANCED_FACE('',(#83),#117,.F.);
#83 = FACE_BOUND('',#84,.F.);
#84 = EDGE_LOOP('',(#85,#95,#103,#111));
#85 = ORIENTED_EDGE('',*,*,#86,.F.);
#86 = EDGE_CURVE('',#87,#89,#91,.T.);
#87 = VERTEX_POINT('',#88);
#88 = CARTESIAN_POINT('',(-0.8,-0.4,4.5E-02));
#89 = VERTEX_POINT('',#90);
#90 = CARTESIAN_POINT('',(-0.8,-0.4,0.405));
#91 = LINE('',#92,#93);
#92 = CARTESIAN_POINT('',(-0.8,-0.4,0.));
#93 = VECTOR('',#94,1.);
#94 = DIRECTION('',(0.,0.,1.));
#95 = ORIENTED_EDGE('',*,*,#96,.T.);
#96 = EDGE_CURVE('',#87,#97,#99,.T.);
#97 = VERTEX_POINT('',#98);
#98 = CARTESIAN_POINT('',(-0.8,0.4,4.5E-02));
#99 = LINE('',#100,#101);
#100 = CARTESIAN_POINT('',(-0.8,-0.4,4.5E-02));
#101 = VECTOR('',#102,1.);
#102 = DIRECTION('',(0.,1.,0.));
#103 = ORIENTED_EDGE('',*,*,#104,.T.);
#104 = EDGE_CURVE('',#97,#105,#107,.T.);
#105 = VERTEX_POINT('',#106);
#106 = CARTESIAN_POINT('',(-0.8,0.4,0.405));
#107 = LINE('',#108,#109);
#108 = CARTESIAN_POINT('',(-0.8,0.4,0.));
#109 = VECTOR('',#110,1.);
#110 = DIRECTION('',(0.,0.,1.));
#111 = ORIENTED_EDGE('',*,*,#112,.F.);
#112 = EDGE_CURVE('',#89,#105,#113,.T.);
#113 = LINE('',#114,#115);
#114 = CARTESIAN_POINT('',(-0.8,-0.4,0.405));
#115 = VECTOR('',#116,1.);
#116 = DIRECTION('',(0.,1.,0.));
#117 = PLANE('',#118);
#118 = AXIS2_PLACEMENT_3D('',#119,#120,#121);
#119 = CARTESIAN_POINT('',(-0.8,-0.4,0.));
#120 = DIRECTION('',(1.,0.,0.));
#121 = DIRECTION('',(0.,0.,1.));
#122 = ADVANCED_FACE('',(#123),#200,.F.);
#123 = FACE_BOUND('',#124,.F.);
#124 = EDGE_LOOP('',(#125,#135,#142,#143,#152,#160,#169,#177,#185,#193)
  );
#125 = ORIENTED_EDGE('',*,*,#126,.F.);
#126 = EDGE_CURVE('',#127,#129,#131,.T.);
#127 = VERTEX_POINT('',#128);
#128 = CARTESIAN_POINT('',(-0.755,-0.4,-2.775557561563E-17));
#129 = VERTEX_POINT('',#130);
#130 = CARTESIAN_POINT('',(-0.545,-0.4,-2.775557561563E-17));
#131 = LINE('',#132,#133);
#132 = CARTESIAN_POINT('',(-0.8,-0.4,0.));
#133 = VECTOR('',#134,1.);
#134 = DIRECTION('',(1.,0.,0.));
#135 = ORIENTED_EDGE('',*,*,#136,.F.);
#136 = EDGE_CURVE('',#87,#127,#137,.T.);
#137 = CIRCLE('',#138,4.5E-02);
#138 = AXIS2_PLACEMENT_3D('',#139,#140,#141);
#139 = CARTESIAN_POINT('',(-0.755,-0.4,4.5E-02));
#140 = DIRECTION('',(0.,-1.,0.));
#141 = DIRECTION('',(0.,0.,1.));
#142 = ORIENTED_EDGE('',*,*,#86,.T.);
#143 = ORIENTED_EDGE('',*,*,#144,.T.);
#144 = EDGE_CURVE('',#89,#145,#147,.T.);
#145 = VERTEX_POINT('',#146);
#146 = CARTESIAN_POINT('',(-0.755,-0.4,0.45));
#147 = CIRCLE('',#148,4.5E-02);
#148 = AXIS2_PLACEMENT_3D('',#149,#150,#151);
#149 = CARTESIAN_POINT('',(-0.755,-0.4,0.405));
#150 = DIRECTION('',(0.,1.,0.));
#151 = DIRECTION('',(0.,-0.,1.));
#152 = ORIENTED_EDGE('',*,*,#153,.T.);
#153 = EDGE_CURVE('',#145,#154,#156,.T.);
#154 = VERTEX_POINT('',#155);
#155 = CARTESIAN_POINT('',(-0.545,-0.4,0.45));
#156 = LINE('',#157,#158);
#157 = CARTESIAN_POINT('',(-0.8,-0.4,0.45));
#158 = VECTOR('',#159,1.);
#159 = DIRECTION('',(1.,0.,0.));
#160 = ORIENTED_EDGE('',*,*,#161,.F.);
#161 = EDGE_CURVE('',#162,#154,#164,.T.);
#162 = VERTEX_POINT('',#163);
#163 = CARTESIAN_POINT('',(-0.5,-0.4,0.405));
#164 = CIRCLE('',#165,4.5E-02);
#165 = AXIS2_PLACEMENT_3D('',#166,#167,#168);
#166 = CARTESIAN_POINT('',(-0.545,-0.4,0.405));
#167 = DIRECTION('',(0.,-1.,0.));
#168 = DIRECTION('',(0.,0.,1.));
#169 = ORIENTED_EDGE('',*,*,#170,.F.);
#170 = EDGE_CURVE('',#171,#162,#173,.T.);
#171 = VERTEX_POINT('',#172);
#172 = CARTESIAN_POINT('',(-0.755,-0.4,0.405));
#173 = LINE('',#174,#175);
#174 = CARTESIAN_POINT('',(-0.755,-0.4,0.405));
#175 = VECTOR('',#176,1.);
#176 = DIRECTION('',(1.,0.,0.));
#177 = ORIENTED_EDGE('',*,*,#178,.F.);
#178 = EDGE_CURVE('',#179,#171,#181,.T.);
#179 = VERTEX_POINT('',#180);
#180 = CARTESIAN_POINT('',(-0.755,-0.4,4.5E-02));
#181 = LINE('',#182,#183);
#182 = CARTESIAN_POINT('',(-0.755,-0.4,4.5E-02));
#183 = VECTOR('',#184,1.);
#184 = DIRECTION('',(0.,0.,1.));
#185 = ORIENTED_EDGE('',*,*,#186,.T.);
#186 = EDGE_CURVE('',#179,#187,#189,.T.);
#187 = VERTEX_POINT('',#188);
#188 = CARTESIAN_POINT('',(-0.5,-0.4,4.5E-02));
#189 = LINE('',#190,#191);
#190 = CARTESIAN_POINT('',(-0.755,-0.4,4.5E-02));
#191 = VECTOR('',#192,1.);
#192 = DIRECTION('',(1.,0.,0.));
#193 = ORIENTED_EDGE('',*,*,#194,.T.);
#194 = EDGE_CURVE('',#187,#129,#195,.T.);
#195 = CIRCLE('',#196,4.5E-02);
#196 = AXIS2_PLACEMENT_3D('',#197,#198,#199);
#197 = CARTESIAN_POINT('',(-0.545,-0.4,4.5E-02));
#198 = DIRECTION('',(0.,1.,0.));
#199 = DIRECTION('',(0.,-0.,1.));
#200 = PLANE('',#201);
#201 = AXIS2_PLACEMENT_3D('',#202,#203,#204);
#202 = CARTESIAN_POINT('',(-0.8,-0.4,0.));
#203 = DIRECTION('',(0.,1.,0.));
#204 = DIRECTION('',(0.,-0.,1.));
#205 = ADVANCED_FACE('',(#206),#225,.T.);
#206 = FACE_BOUND('',#207,.T.);
#207 = EDGE_LOOP('',(#208,#209,#218,#224));
#208 = ORIENTED_EDGE('',*,*,#96,.T.);
#209 = ORIENTED_EDGE('',*,*,#210,.T.);
#210 = EDGE_CURVE('',#97,#211,#213,.T.);
#211 = VERTEX_POINT('',#212);
#212 = CARTESIAN_POINT('',(-0.755,0.4,-2.775557561563E-17));
#213 = CIRCLE('',#214,4.5E-02);
#214 = AXIS2_PLACEMENT_3D('',#215,#216,#217);
#215 = CARTESIAN_POINT('',(-0.755,0.4,4.5E-02));
#216 = DIRECTION('',(0.,-1.,0.));
#217 = DIRECTION('',(0.,0.,1.));
#218 = ORIENTED_EDGE('',*,*,#219,.F.);
#219 = EDGE_CURVE('',#127,#211,#220,.T.);
#220 = LINE('',#221,#222);
#221 = CARTESIAN_POINT('',(-0.755,-0.4,-2.775557561563E-17));
#222 = VECTOR('',#223,1.);
#223 = DIRECTION('',(0.,1.,0.));
#224 = ORIENTED_EDGE('',*,*,#136,.F.);
#225 = CYLINDRICAL_SURFACE('',#226,4.5E-02);
#226 = AXIS2_PLACEMENT_3D('',#227,#228,#229);
#227 = CARTESIAN_POINT('',(-0.755,-0.4,4.5E-02));
#228 = DIRECTION('',(0.,1.,0.));
#229 = DIRECTION('',(-1.,0.,0.));
#230 = ADVANCED_FACE('',(#231),#250,.T.);
#231 = FACE_BOUND('',#232,.T.);
#232 = EDGE_LOOP('',(#233,#234,#242,#249));
#233 = ORIENTED_EDGE('',*,*,#144,.T.);
#234 = ORIENTED_EDGE('',*,*,#235,.T.);
#235 = EDGE_CURVE('',#145,#236,#238,.T.);
#236 = VERTEX_POINT('',#237);
#237 = CARTESIAN_POINT('',(-0.755,0.4,0.45));
#238 = LINE('',#239,#240);
#239 = CARTESIAN_POINT('',(-0.755,-0.4,0.45));
#240 = VECTOR('',#241,1.);
#241 = DIRECTION('',(0.,1.,0.));
#242 = ORIENTED_EDGE('',*,*,#243,.F.);
#243 = EDGE_CURVE('',#105,#236,#244,.T.);
#244 = CIRCLE('',#245,4.5E-02);
#245 = AXIS2_PLACEMENT_3D('',#246,#247,#248);
#246 = CARTESIAN_POINT('',(-0.755,0.4,0.405));
#247 = DIRECTION('',(0.,1.,0.));
#248 = DIRECTION('',(0.,-0.,1.));
#249 = ORIENTED_EDGE('',*,*,#112,.F.);
#250 = CYLINDRICAL_SURFACE('',#251,4.5E-02);
#251 = AXIS2_PLACEMENT_3D('',#252,#253,#254);
#252 = CARTESIAN_POINT('',(-0.755,-0.4,0.405));
#253 = DIRECTION('',(0.,1.,0.));
#254 = DIRECTION('',(-1.,0.,0.));
#255 = ADVANCED_FACE('',(#256),#317,.T.);
#256 = FACE_BOUND('',#257,.T.);
#257 = EDGE_LOOP('',(#258,#266,#267,#268,#269,#277,#286,#294,#302,#310)
  );
#258 = ORIENTED_EDGE('',*,*,#259,.F.);
#259 = EDGE_CURVE('',#211,#260,#262,.T.);
#260 = VERTEX_POINT('',#261);
#261 = CARTESIAN_POINT('',(-0.545,0.4,-2.775557561563E-17));
#262 = LINE('',#263,#264);
#263 = CARTESIAN_POINT('',(-0.8,0.4,0.));
#264 = VECTOR('',#265,1.);
#265 = DIRECTION('',(1.,0.,0.));
#266 = ORIENTED_EDGE('',*,*,#210,.F.);
#267 = ORIENTED_EDGE('',*,*,#104,.T.);
#268 = ORIENTED_EDGE('',*,*,#243,.T.);
#269 = ORIENTED_EDGE('',*,*,#270,.T.);
#270 = EDGE_CURVE('',#236,#271,#273,.T.);
#271 = VERTEX_POINT('',#272);
#272 = CARTESIAN_POINT('',(-0.545,0.4,0.45));
#273 = LINE('',#274,#275);
#274 = CARTESIAN_POINT('',(-0.8,0.4,0.45));
#275 = VECTOR('',#276,1.);
#276 = DIRECTION('',(1.,0.,0.));
#277 = ORIENTED_EDGE('',*,*,#278,.F.);
#278 = EDGE_CURVE('',#279,#271,#281,.T.);
#279 = VERTEX_POINT('',#280);
#280 = CARTESIAN_POINT('',(-0.5,0.4,0.405));
#281 = CIRCLE('',#282,4.5E-02);
#282 = AXIS2_PLACEMENT_3D('',#283,#284,#285);
#283 = CARTESIAN_POINT('',(-0.545,0.4,0.405));
#284 = DIRECTION('',(0.,-1.,0.));
#285 = DIRECTION('',(0.,0.,1.));
#286 = ORIENTED_EDGE('',*,*,#287,.F.);
#287 = EDGE_CURVE('',#288,#279,#290,.T.);
#288 = VERTEX_POINT('',#289);
#289 = CARTESIAN_POINT('',(-0.755,0.4,0.405));
#290 = LINE('',#291,#292);
#291 = CARTESIAN_POINT('',(-0.755,0.4,0.405));
#292 = VECTOR('',#293,1.);
#293 = DIRECTION('',(1.,0.,0.));
#294 = ORIENTED_EDGE('',*,*,#295,.F.);
#295 = EDGE_CURVE('',#296,#288,#298,.T.);
#296 = VERTEX_POINT('',#297);
#297 = CARTESIAN_POINT('',(-0.755,0.4,4.5E-02));
#298 = LINE('',#299,#300);
#299 = CARTESIAN_POINT('',(-0.755,0.4,4.5E-02));
#300 = VECTOR('',#301,1.);
#301 = DIRECTION('',(0.,0.,1.));
#302 = ORIENTED_EDGE('',*,*,#303,.T.);
#303 = EDGE_CURVE('',#296,#304,#306,.T.);
#304 = VERTEX_POINT('',#305);
#305 = CARTESIAN_POINT('',(-0.5,0.4,4.5E-02));
#306 = LINE('',#307,#308);
#307 = CARTESIAN_POINT('',(-0.755,0.4,4.5E-02));
#308 = VECTOR('',#309,1.);
#309 = DIRECTION('',(1.,0.,0.));
#310 = ORIENTED_EDGE('',*,*,#311,.T.);
#311 = EDGE_CURVE('',#304,#260,#312,.T.);
#312 = CIRCLE('',#313,4.5E-02);
#313 = AXIS2_PLACEMENT_3D('',#314,#315,#316);
#314 = CARTESIAN_POINT('',(-0.545,0.4,4.5E-02));
#315 = DIRECTION('',(0.,1.,0.));
#316 = DIRECTION('',(0.,-0.,1.));
#317 = PLANE('',#318);
#318 = AXIS2_PLACEMENT_3D('',#319,#320,#321);
#319 = CARTESIAN_POINT('',(-0.8,0.4,0.));
#320 = DIRECTION('',(0.,1.,0.));
#321 = DIRECTION('',(0.,-0.,1.));
#322 = ADVANCED_FACE('',(#323),#334,.F.);
#323 = FACE_BOUND('',#324,.F.);
#324 = EDGE_LOOP('',(#325,#326,#327,#328));
#325 = ORIENTED_EDGE('',*,*,#259,.F.);
#326 = ORIENTED_EDGE('',*,*,#219,.F.);
#327 = ORIENTED_EDGE('',*,*,#126,.T.);
#328 = ORIENTED_EDGE('',*,*,#329,.T.);
#329 = EDGE_CURVE('',#129,#260,#330,.T.);
#330 = LINE('',#331,#332);
#331 = CARTESIAN_POINT('',(-0.545,-0.4,-2.775557561563E-17));
#332 = VECTOR('',#333,1.);
#333 = DIRECTION('',(0.,1.,0.));
#334 = PLANE('',#335);
#335 = AXIS2_PLACEMENT_3D('',#336,#337,#338);
#336 = CARTESIAN_POINT('',(-0.8,-0.4,0.));
#337 = DIRECTION('',(0.,0.,1.));
#338 = DIRECTION('',(1.,0.,-0.));
#339 = ADVANCED_FACE('',(#340),#351,.T.);
#340 = FACE_BOUND('',#341,.T.);
#341 = EDGE_LOOP('',(#342,#343,#344,#345));
#342 = ORIENTED_EDGE('',*,*,#194,.T.);
#343 = ORIENTED_EDGE('',*,*,#329,.T.);
#344 = ORIENTED_EDGE('',*,*,#311,.F.);
#345 = ORIENTED_EDGE('',*,*,#346,.F.);
#346 = EDGE_CURVE('',#187,#304,#347,.T.);
#347 = LINE('',#348,#349);
#348 = CARTESIAN_POINT('',(-0.5,-0.4,4.5E-02));
#349 = VECTOR('',#350,1.);
#350 = DIRECTION('',(0.,1.,0.));
#351 = CYLINDRICAL_SURFACE('',#352,4.5E-02);
#352 = AXIS2_PLACEMENT_3D('',#353,#354,#355);
#353 = CARTESIAN_POINT('',(-0.545,-0.4,4.5E-02));
#354 = DIRECTION('',(0.,1.,0.));
#355 = DIRECTION('',(1.,0.,0.));
#356 = ADVANCED_FACE('',(#357),#400,.F.);
#357 = FACE_BOUND('',#358,.F.);
#358 = EDGE_LOOP('',(#359,#360,#361,#362,#370,#378,#386,#394));
#359 = ORIENTED_EDGE('',*,*,#186,.F.);
#360 = ORIENTED_EDGE('',*,*,#178,.T.);
#361 = ORIENTED_EDGE('',*,*,#170,.T.);
#362 = ORIENTED_EDGE('',*,*,#363,.T.);
#363 = EDGE_CURVE('',#162,#364,#366,.T.);
#364 = VERTEX_POINT('',#365);
#365 = CARTESIAN_POINT('',(0.5,-0.4,0.405));
#366 = LINE('',#367,#368);
#367 = CARTESIAN_POINT('',(-0.5,-0.4,0.405));
#368 = VECTOR('',#369,1.);
#369 = DIRECTION('',(1.,0.,0.));
#370 = ORIENTED_EDGE('',*,*,#371,.T.);
#371 = EDGE_CURVE('',#364,#372,#374,.T.);
#372 = VERTEX_POINT('',#373);
#373 = CARTESIAN_POINT('',(0.755,-0.4,0.405));
#374 = LINE('',#375,#376);
#375 = CARTESIAN_POINT('',(-0.755,-0.4,0.405));
#376 = VECTOR('',#377,1.);
#377 = DIRECTION('',(1.,0.,0.));
#378 = ORIENTED_EDGE('',*,*,#379,.F.);
#379 = EDGE_CURVE('',#380,#372,#382,.T.);
#380 = VERTEX_POINT('',#381);
#381 = CARTESIAN_POINT('',(0.755,-0.4,4.5E-02));
#382 = LINE('',#383,#384);
#383 = CARTESIAN_POINT('',(0.755,-0.4,4.5E-02));
#384 = VECTOR('',#385,1.);
#385 = DIRECTION('',(0.,0.,1.));
#386 = ORIENTED_EDGE('',*,*,#387,.F.);
#387 = EDGE_CURVE('',#388,#380,#390,.T.);
#388 = VERTEX_POINT('',#389);
#389 = CARTESIAN_POINT('',(0.5,-0.4,4.5E-02));
#390 = LINE('',#391,#392);
#391 = CARTESIAN_POINT('',(-0.755,-0.4,4.5E-02));
#392 = VECTOR('',#393,1.);
#393 = DIRECTION('',(1.,0.,0.));
#394 = ORIENTED_EDGE('',*,*,#395,.F.);
#395 = EDGE_CURVE('',#187,#388,#396,.T.);
#396 = LINE('',#397,#398);
#397 = CARTESIAN_POINT('',(-0.755,-0.4,4.5E-02));
#398 = VECTOR('',#399,1.);
#399 = DIRECTION('',(1.,0.,0.));
#400 = PLANE('',#401);
#401 = AXIS2_PLACEMENT_3D('',#402,#403,#404);
#402 = CARTESIAN_POINT('',(-0.755,-0.4,4.5E-02));
#403 = DIRECTION('',(0.,1.,0.));
#404 = DIRECTION('',(0.,-0.,1.));
#405 = ADVANCED_FACE('',(#406),#417,.T.);
#406 = FACE_BOUND('',#407,.T.);
#407 = EDGE_LOOP('',(#408,#409,#410,#411));
#408 = ORIENTED_EDGE('',*,*,#270,.F.);
#409 = ORIENTED_EDGE('',*,*,#235,.F.);
#410 = ORIENTED_EDGE('',*,*,#153,.T.);
#411 = ORIENTED_EDGE('',*,*,#412,.T.);
#412 = EDGE_CURVE('',#154,#271,#413,.T.);
#413 = LINE('',#414,#415);
#414 = CARTESIAN_POINT('',(-0.545,-0.4,0.45));
#415 = VECTOR('',#416,1.);
#416 = DIRECTION('',(0.,1.,0.));
#417 = PLANE('',#418);
#418 = AXIS2_PLACEMENT_3D('',#419,#420,#421);
#419 = CARTESIAN_POINT('',(-0.8,-0.4,0.45));
#420 = DIRECTION('',(0.,0.,1.));
#421 = DIRECTION('',(1.,0.,-0.));
#422 = ADVANCED_FACE('',(#423),#434,.T.);
#423 = FACE_BOUND('',#424,.T.);
#424 = EDGE_LOOP('',(#425,#431,#432,#433));
#425 = ORIENTED_EDGE('',*,*,#426,.T.);
#426 = EDGE_CURVE('',#162,#279,#427,.T.);
#427 = LINE('',#428,#429);
#428 = CARTESIAN_POINT('',(-0.5,-0.4,0.405));
#429 = VECTOR('',#430,1.);
#430 = DIRECTION('',(0.,1.,0.));
#431 = ORIENTED_EDGE('',*,*,#278,.T.);
#432 = ORIENTED_EDGE('',*,*,#412,.F.);
#433 = ORIENTED_EDGE('',*,*,#161,.F.);
#434 = CYLINDRICAL_SURFACE('',#435,4.5E-02);
#435 = AXIS2_PLACEMENT_3D('',#436,#437,#438);
#436 = CARTESIAN_POINT('',(-0.545,-0.4,0.405));
#437 = DIRECTION('',(0.,1.,0.));
#438 = DIRECTION('',(1.,0.,0.));
#439 = ADVANCED_FACE('',(#440),#483,.T.);
#440 = FACE_BOUND('',#441,.T.);
#441 = EDGE_LOOP('',(#442,#443,#444,#445,#453,#461,#469,#477));
#442 = ORIENTED_EDGE('',*,*,#303,.F.);
#443 = ORIENTED_EDGE('',*,*,#295,.T.);
#444 = ORIENTED_EDGE('',*,*,#287,.T.);
#445 = ORIENTED_EDGE('',*,*,#446,.T.);
#446 = EDGE_CURVE('',#279,#447,#449,.T.);
#447 = VERTEX_POINT('',#448);
#448 = CARTESIAN_POINT('',(0.5,0.4,0.405));
#449 = LINE('',#450,#451);
#450 = CARTESIAN_POINT('',(-0.5,0.4,0.405));
#451 = VECTOR('',#452,1.);
#452 = DIRECTION('',(1.,0.,0.));
#453 = ORIENTED_EDGE('',*,*,#454,.T.);
#454 = EDGE_CURVE('',#447,#455,#457,.T.);
#455 = VERTEX_POINT('',#456);
#456 = CARTESIAN_POINT('',(0.755,0.4,0.405));
#457 = LINE('',#458,#459);
#458 = CARTESIAN_POINT('',(-0.755,0.4,0.405));
#459 = VECTOR('',#460,1.);
#460 = DIRECTION('',(1.,0.,0.));
#461 = ORIENTED_EDGE('',*,*,#462,.F.);
#462 = EDGE_CURVE('',#463,#455,#465,.T.);
#463 = VERTEX_POINT('',#464);
#464 = CARTESIAN_POINT('',(0.755,0.4,4.5E-02));
#465 = LINE('',#466,#467);
#466 = CARTESIAN_POINT('',(0.755,0.4,4.5E-02));
#467 = VECTOR('',#468,1.);
#468 = DIRECTION('',(0.,0.,1.));
#469 = ORIENTED_EDGE('',*,*,#470,.F.);
#470 = EDGE_CURVE('',#471,#463,#473,.T.);
#471 = VERTEX_POINT('',#472);
#472 = CARTESIAN_POINT('',(0.5,0.4,4.5E-02));
#473 = LINE('',#474,#475);
#474 = CARTESIAN_POINT('',(-0.755,0.4,4.5E-02));
#475 = VECTOR('',#476,1.);
#476 = DIRECTION('',(1.,0.,0.));
#477 = ORIENTED_EDGE('',*,*,#478,.F.);
#478 = EDGE_CURVE('',#304,#471,#479,.T.);
#479 = LINE('',#480,#481);
#480 = CARTESIAN_POINT('',(-0.755,0.4,4.5E-02));
#481 = VECTOR('',#482,1.);
#482 = DIRECTION('',(1.,0.,0.));
#483 = PLANE('',#484);
#484 = AXIS2_PLACEMENT_3D('',#485,#486,#487);
#485 = CARTESIAN_POINT('',(-0.755,0.4,4.5E-02));
#486 = DIRECTION('',(0.,1.,0.));
#487 = DIRECTION('',(0.,-0.,1.));
#488 = ADVANCED_FACE('',(#489),#500,.F.);
#489 = FACE_BOUND('',#490,.F.);
#490 = EDGE_LOOP('',(#491,#492,#493,#499));
#491 = ORIENTED_EDGE('',*,*,#346,.F.);
#492 = ORIENTED_EDGE('',*,*,#395,.T.);
#493 = ORIENTED_EDGE('',*,*,#494,.T.);
#494 = EDGE_CURVE('',#388,#471,#495,.T.);
#495 = LINE('',#496,#497);
#496 = CARTESIAN_POINT('',(0.5,-0.4,4.5E-02));
#497 = VECTOR('',#498,1.);
#498 = DIRECTION('',(0.,1.,0.));
#499 = ORIENTED_EDGE('',*,*,#478,.F.);
#500 = PLANE('',#501);
#501 = AXIS2_PLACEMENT_3D('',#502,#503,#504);
#502 = CARTESIAN_POINT('',(-0.755,-0.4,4.5E-02));
#503 = DIRECTION('',(0.,0.,1.));
#504 = DIRECTION('',(1.,0.,-0.));
#505 = ADVANCED_FACE('',(#506),#569,.F.);
#506 = FACE_BOUND('',#507,.F.);
#507 = EDGE_LOOP('',(#508,#518,#525,#526,#527,#528,#537,#545,#554,#562)
  );
#508 = ORIENTED_EDGE('',*,*,#509,.F.);
#509 = EDGE_CURVE('',#510,#512,#514,.T.);
#510 = VERTEX_POINT('',#511);
#511 = CARTESIAN_POINT('',(0.545,-0.4,-2.775557561563E-17));
#512 = VERTEX_POINT('',#513);
#513 = CARTESIAN_POINT('',(0.755,-0.4,-2.775557561563E-17));
#514 = LINE('',#515,#516);
#515 = CARTESIAN_POINT('',(0.5,-0.4,0.));
#516 = VECTOR('',#517,1.);
#517 = DIRECTION('',(1.,0.,0.));
#518 = ORIENTED_EDGE('',*,*,#519,.F.);
#519 = EDGE_CURVE('',#388,#510,#520,.T.);
#520 = CIRCLE('',#521,4.5E-02);
#521 = AXIS2_PLACEMENT_3D('',#522,#523,#524);
#522 = CARTESIAN_POINT('',(0.545,-0.4,4.5E-02));
#523 = DIRECTION('',(0.,-1.,0.));
#524 = DIRECTION('',(0.,0.,1.));
#525 = ORIENTED_EDGE('',*,*,#387,.T.);
#526 = ORIENTED_EDGE('',*,*,#379,.T.);
#527 = ORIENTED_EDGE('',*,*,#371,.F.);
#528 = ORIENTED_EDGE('',*,*,#529,.T.);
#529 = EDGE_CURVE('',#364,#530,#532,.T.);
#530 = VERTEX_POINT('',#531);
#531 = CARTESIAN_POINT('',(0.545,-0.4,0.45));
#532 = CIRCLE('',#533,4.5E-02);
#533 = AXIS2_PLACEMENT_3D('',#534,#535,#536);
#534 = CARTESIAN_POINT('',(0.545,-0.4,0.405));
#535 = DIRECTION('',(0.,1.,0.));
#536 = DIRECTION('',(0.,-0.,1.));
#537 = ORIENTED_EDGE('',*,*,#538,.T.);
#538 = EDGE_CURVE('',#530,#539,#541,.T.);
#539 = VERTEX_POINT('',#540);
#540 = CARTESIAN_POINT('',(0.755,-0.4,0.45));
#541 = LINE('',#542,#543);
#542 = CARTESIAN_POINT('',(0.5,-0.4,0.45));
#543 = VECTOR('',#544,1.);
#544 = DIRECTION('',(1.,0.,0.));
#545 = ORIENTED_EDGE('',*,*,#546,.F.);
#546 = EDGE_CURVE('',#547,#539,#549,.T.);
#547 = VERTEX_POINT('',#548);
#548 = CARTESIAN_POINT('',(0.8,-0.4,0.405));
#549 = CIRCLE('',#550,4.5E-02);
#550 = AXIS2_PLACEMENT_3D('',#551,#552,#553);
#551 = CARTESIAN_POINT('',(0.755,-0.4,0.405));
#552 = DIRECTION('',(0.,-1.,0.));
#553 = DIRECTION('',(0.,0.,1.));
#554 = ORIENTED_EDGE('',*,*,#555,.F.);
#555 = EDGE_CURVE('',#556,#547,#558,.T.);
#556 = VERTEX_POINT('',#557);
#557 = CARTESIAN_POINT('',(0.8,-0.4,4.5E-02));
#558 = LINE('',#559,#560);
#559 = CARTESIAN_POINT('',(0.8,-0.4,0.));
#560 = VECTOR('',#561,1.);
#561 = DIRECTION('',(0.,0.,1.));
#562 = ORIENTED_EDGE('',*,*,#563,.T.);
#563 = EDGE_CURVE('',#556,#512,#564,.T.);
#564 = CIRCLE('',#565,4.5E-02);
#565 = AXIS2_PLACEMENT_3D('',#566,#567,#568);
#566 = CARTESIAN_POINT('',(0.755,-0.4,4.5E-02));
#567 = DIRECTION('',(0.,1.,0.));
#568 = DIRECTION('',(0.,-0.,1.));
#569 = PLANE('',#570);
#570 = AXIS2_PLACEMENT_3D('',#571,#572,#573);
#571 = CARTESIAN_POINT('',(0.5,-0.4,0.));
#572 = DIRECTION('',(0.,1.,0.));
#573 = DIRECTION('',(0.,-0.,1.));
#574 = ADVANCED_FACE('',(#575),#600,.F.);
#575 = FACE_BOUND('',#576,.F.);
#576 = EDGE_LOOP('',(#577,#578,#586,#594));
#577 = ORIENTED_EDGE('',*,*,#363,.F.);
#578 = ORIENTED_EDGE('',*,*,#579,.T.);
#579 = EDGE_CURVE('',#162,#580,#582,.T.);
#580 = VERTEX_POINT('',#581);
#581 = CARTESIAN_POINT('',(-0.5,-0.4,0.45));
#582 = LINE('',#583,#584);
#583 = CARTESIAN_POINT('',(-0.5,-0.4,0.405));
#584 = VECTOR('',#585,1.);
#585 = DIRECTION('',(0.,0.,1.));
#586 = ORIENTED_EDGE('',*,*,#587,.T.);
#587 = EDGE_CURVE('',#580,#588,#590,.T.);
#588 = VERTEX_POINT('',#589);
#589 = CARTESIAN_POINT('',(0.5,-0.4,0.45));
#590 = LINE('',#591,#592);
#591 = CARTESIAN_POINT('',(-0.5,-0.4,0.45));
#592 = VECTOR('',#593,1.);
#593 = DIRECTION('',(1.,0.,0.));
#594 = ORIENTED_EDGE('',*,*,#595,.F.);
#595 = EDGE_CURVE('',#364,#588,#596,.T.);
#596 = LINE('',#597,#598);
#597 = CARTESIAN_POINT('',(0.5,-0.4,0.405));
#598 = VECTOR('',#599,1.);
#599 = DIRECTION('',(0.,0.,1.));
#600 = PLANE('',#601);
#601 = AXIS2_PLACEMENT_3D('',#602,#603,#604);
#602 = CARTESIAN_POINT('',(-0.5,-0.4,0.405));
#603 = DIRECTION('',(0.,1.,0.));
#604 = DIRECTION('',(0.,-0.,1.));
#605 = ADVANCED_FACE('',(#606),#624,.F.);
#606 = FACE_BOUND('',#607,.F.);
#607 = EDGE_LOOP('',(#608,#609,#610,#618));
#608 = ORIENTED_EDGE('',*,*,#579,.F.);
#609 = ORIENTED_EDGE('',*,*,#426,.T.);
#610 = ORIENTED_EDGE('',*,*,#611,.T.);
#611 = EDGE_CURVE('',#279,#612,#614,.T.);
#612 = VERTEX_POINT('',#613);
#613 = CARTESIAN_POINT('',(-0.5,0.4,0.45));
#614 = LINE('',#615,#616);
#615 = CARTESIAN_POINT('',(-0.5,0.4,0.405));
#616 = VECTOR('',#617,1.);
#617 = DIRECTION('',(0.,0.,1.));
#618 = ORIENTED_EDGE('',*,*,#619,.F.);
#619 = EDGE_CURVE('',#580,#612,#620,.T.);
#620 = LINE('',#621,#622);
#621 = CARTESIAN_POINT('',(-0.5,-0.4,0.45));
#622 = VECTOR('',#623,1.);
#623 = DIRECTION('',(0.,1.,0.));
#624 = PLANE('',#625);
#625 = AXIS2_PLACEMENT_3D('',#626,#627,#628);
#626 = CARTESIAN_POINT('',(-0.5,-0.4,0.405));
#627 = DIRECTION('',(1.,0.,0.));
#628 = DIRECTION('',(0.,0.,1.));
#629 = ADVANCED_FACE('',(#630),#693,.T.);
#630 = FACE_BOUND('',#631,.T.);
#631 = EDGE_LOOP('',(#632,#642,#649,#650,#651,#652,#661,#669,#678,#686)
  );
#632 = ORIENTED_EDGE('',*,*,#633,.F.);
#633 = EDGE_CURVE('',#634,#636,#638,.T.);
#634 = VERTEX_POINT('',#635);
#635 = CARTESIAN_POINT('',(0.545,0.4,-2.775557561563E-17));
#636 = VERTEX_POINT('',#637);
#637 = CARTESIAN_POINT('',(0.755,0.4,-2.775557561563E-17));
#638 = LINE('',#639,#640);
#639 = CARTESIAN_POINT('',(0.5,0.4,0.));
#640 = VECTOR('',#641,1.);
#641 = DIRECTION('',(1.,0.,0.));
#642 = ORIENTED_EDGE('',*,*,#643,.F.);
#643 = EDGE_CURVE('',#471,#634,#644,.T.);
#644 = CIRCLE('',#645,4.5E-02);
#645 = AXIS2_PLACEMENT_3D('',#646,#647,#648);
#646 = CARTESIAN_POINT('',(0.545,0.4,4.5E-02));
#647 = DIRECTION('',(0.,-1.,0.));
#648 = DIRECTION('',(0.,0.,1.));
#649 = ORIENTED_EDGE('',*,*,#470,.T.);
#650 = ORIENTED_EDGE('',*,*,#462,.T.);
#651 = ORIENTED_EDGE('',*,*,#454,.F.);
#652 = ORIENTED_EDGE('',*,*,#653,.T.);
#653 = EDGE_CURVE('',#447,#654,#656,.T.);
#654 = VERTEX_POINT('',#655);
#655 = CARTESIAN_POINT('',(0.545,0.4,0.45));
#656 = CIRCLE('',#657,4.5E-02);
#657 = AXIS2_PLACEMENT_3D('',#658,#659,#660);
#658 = CARTESIAN_POINT('',(0.545,0.4,0.405));
#659 = DIRECTION('',(0.,1.,0.));
#660 = DIRECTION('',(0.,-0.,1.));
#661 = ORIENTED_EDGE('',*,*,#662,.T.);
#662 = EDGE_CURVE('',#654,#663,#665,.T.);
#663 = VERTEX_POINT('',#664);
#664 = CARTESIAN_POINT('',(0.755,0.4,0.45));
#665 = LINE('',#666,#667);
#666 = CARTESIAN_POINT('',(0.5,0.4,0.45));
#667 = VECTOR('',#668,1.);
#668 = DIRECTION('',(1.,0.,0.));
#669 = ORIENTED_EDGE('',*,*,#670,.F.);
#670 = EDGE_CURVE('',#671,#663,#673,.T.);
#671 = VERTEX_POINT('',#672);
#672 = CARTESIAN_POINT('',(0.8,0.4,0.405));
#673 = CIRCLE('',#674,4.5E-02);
#674 = AXIS2_PLACEMENT_3D('',#675,#676,#677);
#675 = CARTESIAN_POINT('',(0.755,0.4,0.405));
#676 = DIRECTION('',(0.,-1.,0.));
#677 = DIRECTION('',(0.,0.,1.));
#678 = ORIENTED_EDGE('',*,*,#679,.F.);
#679 = EDGE_CURVE('',#680,#671,#682,.T.);
#680 = VERTEX_POINT('',#681);
#681 = CARTESIAN_POINT('',(0.8,0.4,4.5E-02));
#682 = LINE('',#683,#684);
#683 = CARTESIAN_POINT('',(0.8,0.4,0.));
#684 = VECTOR('',#685,1.);
#685 = DIRECTION('',(0.,0.,1.));
#686 = ORIENTED_EDGE('',*,*,#687,.T.);
#687 = EDGE_CURVE('',#680,#636,#688,.T.);
#688 = CIRCLE('',#689,4.5E-02);
#689 = AXIS2_PLACEMENT_3D('',#690,#691,#692);
#690 = CARTESIAN_POINT('',(0.755,0.4,4.5E-02));
#691 = DIRECTION('',(0.,1.,0.));
#692 = DIRECTION('',(0.,-0.,1.));
#693 = PLANE('',#694);
#694 = AXIS2_PLACEMENT_3D('',#695,#696,#697);
#695 = CARTESIAN_POINT('',(0.5,0.4,0.));
#696 = DIRECTION('',(0.,1.,0.));
#697 = DIRECTION('',(0.,-0.,1.));
#698 = ADVANCED_FACE('',(#699),#717,.T.);
#699 = FACE_BOUND('',#700,.T.);
#700 = EDGE_LOOP('',(#701,#702,#703,#711));
#701 = ORIENTED_EDGE('',*,*,#446,.F.);
#702 = ORIENTED_EDGE('',*,*,#611,.T.);
#703 = ORIENTED_EDGE('',*,*,#704,.T.);
#704 = EDGE_CURVE('',#612,#705,#707,.T.);
#705 = VERTEX_POINT('',#706);
#706 = CARTESIAN_POINT('',(0.5,0.4,0.45));
#707 = LINE('',#708,#709);
#708 = CARTESIAN_POINT('',(-0.5,0.4,0.45));
#709 = VECTOR('',#710,1.);
#710 = DIRECTION('',(1.,0.,0.));
#711 = ORIENTED_EDGE('',*,*,#712,.F.);
#712 = EDGE_CURVE('',#447,#705,#713,.T.);
#713 = LINE('',#714,#715);
#714 = CARTESIAN_POINT('',(0.5,0.4,0.405));
#715 = VECTOR('',#716,1.);
#716 = DIRECTION('',(0.,0.,1.));
#717 = PLANE('',#718);
#718 = AXIS2_PLACEMENT_3D('',#719,#720,#721);
#719 = CARTESIAN_POINT('',(-0.5,0.4,0.405));
#720 = DIRECTION('',(0.,1.,0.));
#721 = DIRECTION('',(0.,-0.,1.));
#722 = ADVANCED_FACE('',(#723),#734,.T.);
#723 = FACE_BOUND('',#724,.T.);
#724 = EDGE_LOOP('',(#725,#726,#727,#733));
#725 = ORIENTED_EDGE('',*,*,#494,.T.);
#726 = ORIENTED_EDGE('',*,*,#643,.T.);
#727 = ORIENTED_EDGE('',*,*,#728,.F.);
#728 = EDGE_CURVE('',#510,#634,#729,.T.);
#729 = LINE('',#730,#731);
#730 = CARTESIAN_POINT('',(0.545,-0.4,-2.775557561563E-17));
#731 = VECTOR('',#732,1.);
#732 = DIRECTION('',(0.,1.,0.));
#733 = ORIENTED_EDGE('',*,*,#519,.F.);
#734 = CYLINDRICAL_SURFACE('',#735,4.5E-02);
#735 = AXIS2_PLACEMENT_3D('',#736,#737,#738);
#736 = CARTESIAN_POINT('',(0.545,-0.4,4.5E-02));
#737 = DIRECTION('',(0.,1.,0.));
#738 = DIRECTION('',(-1.,0.,0.));
#739 = ADVANCED_FACE('',(#740),#751,.F.);
#740 = FACE_BOUND('',#741,.F.);
#741 = EDGE_LOOP('',(#742,#743,#744,#745));
#742 = ORIENTED_EDGE('',*,*,#633,.F.);
#743 = ORIENTED_EDGE('',*,*,#728,.F.);
#744 = ORIENTED_EDGE('',*,*,#509,.T.);
#745 = ORIENTED_EDGE('',*,*,#746,.T.);
#746 = EDGE_CURVE('',#512,#636,#747,.T.);
#747 = LINE('',#748,#749);
#748 = CARTESIAN_POINT('',(0.755,-0.4,-2.775557561563E-17));
#749 = VECTOR('',#750,1.);
#750 = DIRECTION('',(0.,1.,0.));
#751 = PLANE('',#752);
#752 = AXIS2_PLACEMENT_3D('',#753,#754,#755);
#753 = CARTESIAN_POINT('',(0.5,-0.4,0.));
#754 = DIRECTION('',(0.,0.,1.));
#755 = DIRECTION('',(1.,0.,-0.));
#756 = ADVANCED_FACE('',(#757),#768,.T.);
#757 = FACE_BOUND('',#758,.T.);
#758 = EDGE_LOOP('',(#759,#760,#761,#762));
#759 = ORIENTED_EDGE('',*,*,#563,.T.);
#760 = ORIENTED_EDGE('',*,*,#746,.T.);
#761 = ORIENTED_EDGE('',*,*,#687,.F.);
#762 = ORIENTED_EDGE('',*,*,#763,.F.);
#763 = EDGE_CURVE('',#556,#680,#764,.T.);
#764 = LINE('',#765,#766);
#765 = CARTESIAN_POINT('',(0.8,-0.4,4.5E-02));
#766 = VECTOR('',#767,1.);
#767 = DIRECTION('',(0.,1.,0.));
#768 = CYLINDRICAL_SURFACE('',#769,4.5E-02);
#769 = AXIS2_PLACEMENT_3D('',#770,#771,#772);
#770 = CARTESIAN_POINT('',(0.755,-0.4,4.5E-02));
#771 = DIRECTION('',(0.,1.,0.));
#772 = DIRECTION('',(1.,0.,0.));
#773 = ADVANCED_FACE('',(#774),#785,.T.);
#774 = FACE_BOUND('',#775,.T.);
#775 = EDGE_LOOP('',(#776,#777,#778,#779));
#776 = ORIENTED_EDGE('',*,*,#555,.F.);
#777 = ORIENTED_EDGE('',*,*,#763,.T.);
#778 = ORIENTED_EDGE('',*,*,#679,.T.);
#779 = ORIENTED_EDGE('',*,*,#780,.F.);
#780 = EDGE_CURVE('',#547,#671,#781,.T.);
#781 = LINE('',#782,#783);
#782 = CARTESIAN_POINT('',(0.8,-0.4,0.405));
#783 = VECTOR('',#784,1.);
#784 = DIRECTION('',(0.,1.,0.));
#785 = PLANE('',#786);
#786 = AXIS2_PLACEMENT_3D('',#787,#788,#789);
#787 = CARTESIAN_POINT('',(0.8,-0.4,0.));
#788 = DIRECTION('',(1.,0.,0.));
#789 = DIRECTION('',(0.,0.,1.));
#790 = ADVANCED_FACE('',(#791),#802,.T.);
#791 = FACE_BOUND('',#792,.T.);
#792 = EDGE_LOOP('',(#793,#794,#795,#801));
#793 = ORIENTED_EDGE('',*,*,#780,.T.);
#794 = ORIENTED_EDGE('',*,*,#670,.T.);
#795 = ORIENTED_EDGE('',*,*,#796,.F.);
#796 = EDGE_CURVE('',#539,#663,#797,.T.);
#797 = LINE('',#798,#799);
#798 = CARTESIAN_POINT('',(0.755,-0.4,0.45));
#799 = VECTOR('',#800,1.);
#800 = DIRECTION('',(0.,1.,0.));
#801 = ORIENTED_EDGE('',*,*,#546,.F.);
#802 = CYLINDRICAL_SURFACE('',#803,4.5E-02);
#803 = AXIS2_PLACEMENT_3D('',#804,#805,#806);
#804 = CARTESIAN_POINT('',(0.755,-0.4,0.405));
#805 = DIRECTION('',(0.,1.,0.));
#806 = DIRECTION('',(1.,0.,0.));
#807 = ADVANCED_FACE('',(#808),#819,.T.);
#808 = FACE_BOUND('',#809,.T.);
#809 = EDGE_LOOP('',(#810,#811,#817,#818));
#810 = ORIENTED_EDGE('',*,*,#662,.F.);
#811 = ORIENTED_EDGE('',*,*,#812,.F.);
#812 = EDGE_CURVE('',#530,#654,#813,.T.);
#813 = LINE('',#814,#815);
#814 = CARTESIAN_POINT('',(0.545,-0.4,0.45));
#815 = VECTOR('',#816,1.);
#816 = DIRECTION('',(0.,1.,0.));
#817 = ORIENTED_EDGE('',*,*,#538,.T.);
#818 = ORIENTED_EDGE('',*,*,#796,.T.);
#819 = PLANE('',#820);
#820 = AXIS2_PLACEMENT_3D('',#821,#822,#823);
#821 = CARTESIAN_POINT('',(0.5,-0.4,0.45));
#822 = DIRECTION('',(0.,0.,1.));
#823 = DIRECTION('',(1.,0.,-0.));
#824 = ADVANCED_FACE('',(#825),#836,.T.);
#825 = FACE_BOUND('',#826,.T.);
#826 = EDGE_LOOP('',(#827,#828,#829,#830));
#827 = ORIENTED_EDGE('',*,*,#529,.T.);
#828 = ORIENTED_EDGE('',*,*,#812,.T.);
#829 = ORIENTED_EDGE('',*,*,#653,.F.);
#830 = ORIENTED_EDGE('',*,*,#831,.F.);
#831 = EDGE_CURVE('',#364,#447,#832,.T.);
#832 = LINE('',#833,#834);
#833 = CARTESIAN_POINT('',(0.5,-0.4,0.405));
#834 = VECTOR('',#835,1.);
#835 = DIRECTION('',(0.,1.,0.));
#836 = CYLINDRICAL_SURFACE('',#837,4.5E-02);
#837 = AXIS2_PLACEMENT_3D('',#838,#839,#840);
#838 = CARTESIAN_POINT('',(0.545,-0.4,0.405));
#839 = DIRECTION('',(0.,1.,0.));
#840 = DIRECTION('',(-1.,0.,0.));
#841 = ADVANCED_FACE('',(#842),#853,.T.);
#842 = FACE_BOUND('',#843,.T.);
#843 = EDGE_LOOP('',(#844,#845,#846,#847));
#844 = ORIENTED_EDGE('',*,*,#595,.F.);
#845 = ORIENTED_EDGE('',*,*,#831,.T.);
#846 = ORIENTED_EDGE('',*,*,#712,.T.);
#847 = ORIENTED_EDGE('',*,*,#848,.F.);
#848 = EDGE_CURVE('',#588,#705,#849,.T.);
#849 = LINE('',#850,#851);
#850 = CARTESIAN_POINT('',(0.5,-0.4,0.45));
#851 = VECTOR('',#852,1.);
#852 = DIRECTION('',(0.,1.,0.));
#853 = PLANE('',#854);
#854 = AXIS2_PLACEMENT_3D('',#855,#856,#857);
#855 = CARTESIAN_POINT('',(0.5,-0.4,0.405));
#856 = DIRECTION('',(1.,0.,0.));
#857 = DIRECTION('',(0.,0.,1.));
#858 = ADVANCED_FACE('',(#859),#865,.T.);
#859 = FACE_BOUND('',#860,.T.);
#860 = EDGE_LOOP('',(#861,#862,#863,#864));
#861 = ORIENTED_EDGE('',*,*,#619,.F.);
#862 = ORIENTED_EDGE('',*,*,#587,.T.);
#863 = ORIENTED_EDGE('',*,*,#848,.T.);
#864 = ORIENTED_EDGE('',*,*,#704,.F.);
#865 = PLANE('',#866);
#866 = AXIS2_PLACEMENT_3D('',#867,#868,#869);
#867 = CARTESIAN_POINT('',(-0.5,-0.4,0.45));
#868 = DIRECTION('',(0.,0.,1.));
#869 = DIRECTION('',(1.,0.,-0.));
#870 = ( GEOMETRIC_REPRESENTATION_CONTEXT(3) 
GLOBAL_UNCERTAINTY_ASSIGNED_CONTEXT((#874)) GLOBAL_UNIT_ASSIGNED_CONTEXT
((#871,#872,#873)) REPRESENTATION_CONTEXT('Context #1',
  '3D Context with UNIT and UNCERTAINTY') );
#871 = ( LENGTH_UNIT() NAMED_UNIT(*) SI_UNIT(.MILLI.,.METRE.) );
#872 = ( NAMED_UNIT(*) PLANE_ANGLE_UNIT() SI_UNIT($,.RADIAN.) );
#873 = ( NAMED_UNIT(*) SI_UNIT($,.STERADIAN.) SOLID_ANGLE_UNIT() );
#874 = UNCERTAINTY_MEASURE_WITH_UNIT(LENGTH_MEASURE(1.E-07),#871,
  'distance_accuracy_value','confusion accuracy');
#875 = CONTEXT_DEPENDENT_SHAPE_REPRESENTATION(#876,#878);
#876 = ( REPRESENTATION_RELATIONSHIP('','',#79,#56) 
REPRESENTATION_RELATIONSHIP_WITH_TRANSFORMATION(#877) 
SHAPE_REPRESENTATION_RELATIONSHIP() );
#877 = ITEM_DEFINED_TRANSFORMATION('','',#11,#57);
#878 = PRODUCT_DEFINITION_SHAPE('Placement','Placement of an item',#879
  );
#879 = NEXT_ASSEMBLY_USAGE_OCCURRENCE('1','=>[0:1:1:3]','',#51,#74,$);
#880 = PRODUCT_RELATED_PRODUCT_CATEGORY('part',$,(#76));
#881 = SHAPE_DEFINITION_REPRESENTATION(#882,#888);
#882 = PRODUCT_DEFINITION_SHAPE('','',#883);
#883 = PRODUCT_DEFINITION('design','',#884,#887);
#884 = PRODUCT_DEFINITION_FORMATION('','',#885);
#885 = PRODUCT('C_0603_1608Metric','C_0603_1608Metric','',(#886));
#886 = PRODUCT_CONTEXT('',#2,'mechanical');
#887 = PRODUCT_DEFINITION_CONTEXT('part definition',#2,'design');
#888 = SHAPE_REPRESENTATION('',(#11,#889),#893);
#889 = AXIS2_PLACEMENT_3D('',#890,#891,#892);
#890 = CARTESIAN_POINT('',(0.,0.,0.));
#891 = DIRECTION('',(0.,0.,1.));
#892 = DIRECTION('',(1.,0.,-0.));
#893 = ( GEOMETRIC_REPRESENTATION_CONTEXT(3) 
GLOBAL_UNCERTAINTY_ASSIGNED_CONTEXT((#897)) GLOBAL_UNIT_ASSIGNED_CONTEXT
((#894,#895,#896)) REPRESENTATION_CONTEXT('Context #1',
  '3D Context with UNIT and UNCERTAINTY') );
#894 = ( LENGTH_UNIT() NAMED_UNIT(*) SI_UNIT(.MILLI.,.METRE.) );
#895 = ( NAMED_UNIT(*) PLANE_ANGLE_UNIT() SI_UNIT($,.RADIAN.) );
#896 = ( NAMED_UNIT(*) SI_UNIT($,.STERADIAN.) SOLID_ANGLE_UNIT() );
#897 = UNCERTAINTY_MEASURE_WITH_UNIT(LENGTH_MEASURE(1.E-07),#894,
  'distance_accuracy_value','confusion accuracy');
#898 = CONTEXT_DEPENDENT_SHAPE_REPRESENTATION(#899,#901);
#899 = ( REPRESENTATION_RELATIONSHIP('','',#888,#10) 
REPRESENTATION_RELATIONSHIP_WITH_TRANSFORMATION(#900) 
SHAPE_REPRESENTATION_RELATIONSHIP() );
#900 = ITEM_DEFINED_TRANSFORMATION('','',#11,#19);
#901 = PRODUCT_DEFINITION_SHAPE('Placement','Placement of an item',#902
  );
#902 = NEXT_ASSEMBLY_USAGE_OCCURRENCE('4','C2','',#5,#883,$);
#903 = PRODUCT_RELATED_PRODUCT_CATEGORY('part',$,(#885));
#904 = SHAPE_DEFINITION_REPRESENTATION(#905,#911);
#905 = PRODUCT_DEFINITION_SHAPE('','',#906);
#906 = PRODUCT_DEFINITION('design','',#907,#910);
#907 = PRODUCT_DEFINITION_FORMATION('','',#908);
#908 = PRODUCT('C_0603_1608Metric','C_0603_1608Metric','',(#909));
#909 = PRODUCT_CONTEXT('',#2,'mechanical');
#910 = PRODUCT_DEFINITION_CONTEXT('part definition',#2,'design');
#911 = ADVANCED_BREP_SHAPE_REPRESENTATION('',(#11,#912),#1766);
#912 = MANIFOLD_SOLID_BREP('',#913);
#913 = CLOSED_SHELL('',(#914,#990,#1021,#1046,#1071,#1095,#1119,#1144,
    #1169,#1186,#1272,#1304,#1328,#1353,#1377,#1402,#1426,#1451,#1468,
    #1554,#1585,#1610,#1635,#1659,#1683,#1708,#1733,#1750));
#914 = ADVANCED_FACE('',(#915),#985,.F.);
#915 = FACE_BOUND('',#916,.F.);
#916 = EDGE_LOOP('',(#917,#927,#936,#944,#953,#961,#970,#978));
#917 = ORIENTED_EDGE('',*,*,#918,.F.);
#918 = EDGE_CURVE('',#919,#921,#923,.T.);
#919 = VERTEX_POINT('',#920);
#920 = CARTESIAN_POINT('',(-0.8,-0.4,3.E-02));
#921 = VERTEX_POINT('',#922);
#922 = CARTESIAN_POINT('',(-0.8,-0.4,0.77));
#923 = LINE('',#924,#925);
#924 = CARTESIAN_POINT('',(-0.8,-0.4,0.));
#925 = VECTOR('',#926,1.);
#926 = DIRECTION('',(0.,0.,1.));
#927 = ORIENTED_EDGE('',*,*,#928,.T.);
#928 = EDGE_CURVE('',#919,#929,#931,.T.);
#929 = VERTEX_POINT('',#930);
#930 = CARTESIAN_POINT('',(-0.8,-0.37,0.));
#931 = CIRCLE('',#932,3.E-02);
#932 = AXIS2_PLACEMENT_3D('',#933,#934,#935);
#933 = CARTESIAN_POINT('',(-0.8,-0.37,3.E-02));
#934 = DIRECTION('',(1.,0.,-0.));
#935 = DIRECTION('',(0.,0.,1.));
#936 = ORIENTED_EDGE('',*,*,#937,.T.);
#937 = EDGE_CURVE('',#929,#938,#940,.T.);
#938 = VERTEX_POINT('',#939);
#939 = CARTESIAN_POINT('',(-0.8,0.37,0.));
#940 = LINE('',#941,#942);
#941 = CARTESIAN_POINT('',(-0.8,-0.4,0.));
#942 = VECTOR('',#943,1.);
#943 = DIRECTION('',(0.,1.,0.));
#944 = ORIENTED_EDGE('',*,*,#945,.F.);
#945 = EDGE_CURVE('',#946,#938,#948,.T.);
#946 = VERTEX_POINT('',#947);
#947 = CARTESIAN_POINT('',(-0.8,0.4,3.E-02));
#948 = CIRCLE('',#949,3.E-02);
#949 = AXIS2_PLACEMENT_3D('',#950,#951,#952);
#950 = CARTESIAN_POINT('',(-0.8,0.37,3.E-02));
#951 = DIRECTION('',(-1.,0.,0.));
#952 = DIRECTION('',(0.,0.,1.));
#953 = ORIENTED_EDGE('',*,*,#954,.T.);
#954 = EDGE_CURVE('',#946,#955,#957,.T.);
#955 = VERTEX_POINT('',#956);
#956 = CARTESIAN_POINT('',(-0.8,0.4,0.77));
#957 = LINE('',#958,#959);
#958 = CARTESIAN_POINT('',(-0.8,0.4,0.));
#959 = VECTOR('',#960,1.);
#960 = DIRECTION('',(0.,0.,1.));
#961 = ORIENTED_EDGE('',*,*,#962,.T.);
#962 = EDGE_CURVE('',#955,#963,#965,.T.);
#963 = VERTEX_POINT('',#964);
#964 = CARTESIAN_POINT('',(-0.8,0.37,0.8));
#965 = CIRCLE('',#966,3.E-02);
#966 = AXIS2_PLACEMENT_3D('',#967,#968,#969);
#967 = CARTESIAN_POINT('',(-0.8,0.37,0.77));
#968 = DIRECTION('',(1.,0.,-0.));
#969 = DIRECTION('',(0.,0.,1.));
#970 = ORIENTED_EDGE('',*,*,#971,.F.);
#971 = EDGE_CURVE('',#972,#963,#974,.T.);
#972 = VERTEX_POINT('',#973);
#973 = CARTESIAN_POINT('',(-0.8,-0.37,0.8));
#974 = LINE('',#975,#976);
#975 = CARTESIAN_POINT('',(-0.8,-0.4,0.8));
#976 = VECTOR('',#977,1.);
#977 = DIRECTION('',(0.,1.,0.));
#978 = ORIENTED_EDGE('',*,*,#979,.F.);
#979 = EDGE_CURVE('',#921,#972,#980,.T.);
#980 = CIRCLE('',#981,3.E-02);
#981 = AXIS2_PLACEMENT_3D('',#982,#983,#984);
#982 = CARTESIAN_POINT('',(-0.8,-0.37,0.77));
#983 = DIRECTION('',(-1.,0.,0.));
#984 = DIRECTION('',(0.,0.,1.));
#985 = PLANE('',#986);
#986 = AXIS2_PLACEMENT_3D('',#987,#988,#989);
#987 = CARTESIAN_POINT('',(-0.8,-0.4,0.));
#988 = DIRECTION('',(1.,0.,0.));
#989 = DIRECTION('',(0.,0.,1.));
#990 = ADVANCED_FACE('',(#991),#1016,.F.);
#991 = FACE_BOUND('',#992,.F.);
#992 = EDGE_LOOP('',(#993,#1003,#1009,#1010));
#993 = ORIENTED_EDGE('',*,*,#994,.F.);
#994 = EDGE_CURVE('',#995,#997,#999,.T.);
#995 = VERTEX_POINT('',#996);
#996 = CARTESIAN_POINT('',(-0.5,-0.4,3.E-02));
#997 = VERTEX_POINT('',#998);
#998 = CARTESIAN_POINT('',(-0.5,-0.4,0.77));
#999 = LINE('',#1000,#1001);
#1000 = CARTESIAN_POINT('',(-0.5,-0.4,0.));
#1001 = VECTOR('',#1002,1.);
#1002 = DIRECTION('',(0.,0.,1.));
#1003 = ORIENTED_EDGE('',*,*,#1004,.F.);
#1004 = EDGE_CURVE('',#919,#995,#1005,.T.);
#1005 = LINE('',#1006,#1007);
#1006 = CARTESIAN_POINT('',(-0.8,-0.4,3.E-02));
#1007 = VECTOR('',#1008,1.);
#1008 = DIRECTION('',(1.,0.,0.));
#1009 = ORIENTED_EDGE('',*,*,#918,.T.);
#1010 = ORIENTED_EDGE('',*,*,#1011,.T.);
#1011 = EDGE_CURVE('',#921,#997,#1012,.T.);
#1012 = LINE('',#1013,#1014);
#1013 = CARTESIAN_POINT('',(-0.8,-0.4,0.77));
#1014 = VECTOR('',#1015,1.);
#1015 = DIRECTION('',(1.,0.,0.));
#1016 = PLANE('',#1017);
#1017 = AXIS2_PLACEMENT_3D('',#1018,#1019,#1020);
#1018 = CARTESIAN_POINT('',(-0.8,-0.4,0.));
#1019 = DIRECTION('',(0.,1.,0.));
#1020 = DIRECTION('',(0.,-0.,1.));
#1021 = ADVANCED_FACE('',(#1022),#1041,.T.);
#1022 = FACE_BOUND('',#1023,.T.);
#1023 = EDGE_LOOP('',(#1024,#1025,#1033,#1040));
#1024 = ORIENTED_EDGE('',*,*,#928,.T.);
#1025 = ORIENTED_EDGE('',*,*,#1026,.T.);
#1026 = EDGE_CURVE('',#929,#1027,#1029,.T.);
#1027 = VERTEX_POINT('',#1028);
#1028 = CARTESIAN_POINT('',(-0.5,-0.37,0.));
#1029 = LINE('',#1030,#1031);
#1030 = CARTESIAN_POINT('',(-0.8,-0.37,0.));
#1031 = VECTOR('',#1032,1.);
#1032 = DIRECTION('',(1.,0.,0.));
#1033 = ORIENTED_EDGE('',*,*,#1034,.F.);
#1034 = EDGE_CURVE('',#995,#1027,#1035,.T.);
#1035 = CIRCLE('',#1036,3.E-02);
#1036 = AXIS2_PLACEMENT_3D('',#1037,#1038,#1039);
#1037 = CARTESIAN_POINT('',(-0.5,-0.37,3.E-02));
#1038 = DIRECTION('',(1.,0.,-0.));
#1039 = DIRECTION('',(0.,0.,1.));
#1040 = ORIENTED_EDGE('',*,*,#1004,.F.);
#1041 = CYLINDRICAL_SURFACE('',#1042,3.E-02);
#1042 = AXIS2_PLACEMENT_3D('',#1043,#1044,#1045);
#1043 = CARTESIAN_POINT('',(-0.8,-0.37,3.E-02));
#1044 = DIRECTION('',(1.,0.,0.));
#1045 = DIRECTION('',(0.,-1.,0.));
#1046 = ADVANCED_FACE('',(#1047),#1066,.T.);
#1047 = FACE_BOUND('',#1048,.T.);
#1048 = EDGE_LOOP('',(#1049,#1050,#1059,#1065));
#1049 = ORIENTED_EDGE('',*,*,#1011,.T.);
#1050 = ORIENTED_EDGE('',*,*,#1051,.T.);
#1051 = EDGE_CURVE('',#997,#1052,#1054,.T.);
#1052 = VERTEX_POINT('',#1053);
#1053 = CARTESIAN_POINT('',(-0.5,-0.37,0.8));
#1054 = CIRCLE('',#1055,3.E-02);
#1055 = AXIS2_PLACEMENT_3D('',#1056,#1057,#1058);
#1056 = CARTESIAN_POINT('',(-0.5,-0.37,0.77));
#1057 = DIRECTION('',(-1.,0.,0.));
#1058 = DIRECTION('',(0.,0.,1.));
#1059 = ORIENTED_EDGE('',*,*,#1060,.F.);
#1060 = EDGE_CURVE('',#972,#1052,#1061,.T.);
#1061 = LINE('',#1062,#1063);
#1062 = CARTESIAN_POINT('',(-0.8,-0.37,0.8));
#1063 = VECTOR('',#1064,1.);
#1064 = DIRECTION('',(1.,0.,0.));
#1065 = ORIENTED_EDGE('',*,*,#979,.F.);
#1066 = CYLINDRICAL_SURFACE('',#1067,3.E-02);
#1067 = AXIS2_PLACEMENT_3D('',#1068,#1069,#1070);
#1068 = CARTESIAN_POINT('',(-0.8,-0.37,0.77));
#1069 = DIRECTION('',(1.,0.,0.));
#1070 = DIRECTION('',(0.,-1.,0.));
#1071 = ADVANCED_FACE('',(#1072),#1090,.F.);
#1072 = FACE_BOUND('',#1073,.F.);
#1073 = EDGE_LOOP('',(#1074,#1075,#1076,#1084));
#1074 = ORIENTED_EDGE('',*,*,#937,.F.);
#1075 = ORIENTED_EDGE('',*,*,#1026,.T.);
#1076 = ORIENTED_EDGE('',*,*,#1077,.T.);
#1077 = EDGE_CURVE('',#1027,#1078,#1080,.T.);
#1078 = VERTEX_POINT('',#1079);
#1079 = CARTESIAN_POINT('',(-0.5,0.37,0.));
#1080 = LINE('',#1081,#1082);
#1081 = CARTESIAN_POINT('',(-0.5,-0.4,0.));
#1082 = VECTOR('',#1083,1.);
#1083 = DIRECTION('',(0.,1.,0.));
#1084 = ORIENTED_EDGE('',*,*,#1085,.F.);
#1085 = EDGE_CURVE('',#938,#1078,#1086,.T.);
#1086 = LINE('',#1087,#1088);
#1087 = CARTESIAN_POINT('',(-0.8,0.37,0.));
#1088 = VECTOR('',#1089,1.);
#1089 = DIRECTION('',(1.,0.,0.));
#1090 = PLANE('',#1091);
#1091 = AXIS2_PLACEMENT_3D('',#1092,#1093,#1094);
#1092 = CARTESIAN_POINT('',(-0.8,-0.4,0.));
#1093 = DIRECTION('',(0.,0.,1.));
#1094 = DIRECTION('',(1.,0.,-0.));
#1095 = ADVANCED_FACE('',(#1096),#1114,.T.);
#1096 = FACE_BOUND('',#1097,.T.);
#1097 = EDGE_LOOP('',(#1098,#1099,#1100,#1108));
#1098 = ORIENTED_EDGE('',*,*,#971,.F.);
#1099 = ORIENTED_EDGE('',*,*,#1060,.T.);
#1100 = ORIENTED_EDGE('',*,*,#1101,.T.);
#1101 = EDGE_CURVE('',#1052,#1102,#1104,.T.);
#1102 = VERTEX_POINT('',#1103);
#1103 = CARTESIAN_POINT('',(-0.5,0.37,0.8));
#1104 = LINE('',#1105,#1106);
#1105 = CARTESIAN_POINT('',(-0.5,-0.4,0.8));
#1106 = VECTOR('',#1107,1.);
#1107 = DIRECTION('',(0.,1.,0.));
#1108 = ORIENTED_EDGE('',*,*,#1109,.F.);
#1109 = EDGE_CURVE('',#963,#1102,#1110,.T.);
#1110 = LINE('',#1111,#1112);
#1111 = CARTESIAN_POINT('',(-0.8,0.37,0.8));
#1112 = VECTOR('',#1113,1.);
#1113 = DIRECTION('',(1.,0.,0.));
#1114 = PLANE('',#1115);
#1115 = AXIS2_PLACEMENT_3D('',#1116,#1117,#1118);
#1116 = CARTESIAN_POINT('',(-0.8,-0.4,0.8));
#1117 = DIRECTION('',(0.,0.,1.));
#1118 = DIRECTION('',(1.,0.,-0.));
#1119 = ADVANCED_FACE('',(#1120),#1139,.T.);
#1120 = FACE_BOUND('',#1121,.T.);
#1121 = EDGE_LOOP('',(#1122,#1130,#1137,#1138));
#1122 = ORIENTED_EDGE('',*,*,#1123,.T.);
#1123 = EDGE_CURVE('',#946,#1124,#1126,.T.);
#1124 = VERTEX_POINT('',#1125);
#1125 = CARTESIAN_POINT('',(-0.5,0.4,3.E-02));
#1126 = LINE('',#1127,#1128);
#1127 = CARTESIAN_POINT('',(-0.8,0.4,3.E-02));
#1128 = VECTOR('',#1129,1.);
#1129 = DIRECTION('',(1.,0.,0.));
#1130 = ORIENTED_EDGE('',*,*,#1131,.T.);
#1131 = EDGE_CURVE('',#1124,#1078,#1132,.T.);
#1132 = CIRCLE('',#1133,3.E-02);
#1133 = AXIS2_PLACEMENT_3D('',#1134,#1135,#1136);
#1134 = CARTESIAN_POINT('',(-0.5,0.37,3.E-02));
#1135 = DIRECTION('',(-1.,0.,0.));
#1136 = DIRECTION('',(0.,0.,1.));
#1137 = ORIENTED_EDGE('',*,*,#1085,.F.);
#1138 = ORIENTED_EDGE('',*,*,#945,.F.);
#1139 = CYLINDRICAL_SURFACE('',#1140,3.E-02);
#1140 = AXIS2_PLACEMENT_3D('',#1141,#1142,#1143);
#1141 = CARTESIAN_POINT('',(-0.8,0.37,3.E-02));
#1142 = DIRECTION('',(1.,0.,0.));
#1143 = DIRECTION('',(-0.,1.,0.));
#1144 = ADVANCED_FACE('',(#1145),#1164,.T.);
#1145 = FACE_BOUND('',#1146,.T.);
#1146 = EDGE_LOOP('',(#1147,#1148,#1149,#1158));
#1147 = ORIENTED_EDGE('',*,*,#962,.T.);
#1148 = ORIENTED_EDGE('',*,*,#1109,.T.);
#1149 = ORIENTED_EDGE('',*,*,#1150,.F.);
#1150 = EDGE_CURVE('',#1151,#1102,#1153,.T.);
#1151 = VERTEX_POINT('',#1152);
#1152 = CARTESIAN_POINT('',(-0.5,0.4,0.77));
#1153 = CIRCLE('',#1154,3.E-02);
#1154 = AXIS2_PLACEMENT_3D('',#1155,#1156,#1157);
#1155 = CARTESIAN_POINT('',(-0.5,0.37,0.77));
#1156 = DIRECTION('',(1.,0.,-0.));
#1157 = DIRECTION('',(0.,0.,1.));
#1158 = ORIENTED_EDGE('',*,*,#1159,.F.);
#1159 = EDGE_CURVE('',#955,#1151,#1160,.T.);
#1160 = LINE('',#1161,#1162);
#1161 = CARTESIAN_POINT('',(-0.8,0.4,0.77));
#1162 = VECTOR('',#1163,1.);
#1163 = DIRECTION('',(1.,0.,0.));
#1164 = CYLINDRICAL_SURFACE('',#1165,3.E-02);
#1165 = AXIS2_PLACEMENT_3D('',#1166,#1167,#1168);
#1166 = CARTESIAN_POINT('',(-0.8,0.37,0.77));
#1167 = DIRECTION('',(1.,0.,0.));
#1168 = DIRECTION('',(-0.,1.,0.));
#1169 = ADVANCED_FACE('',(#1170),#1181,.T.);
#1170 = FACE_BOUND('',#1171,.T.);
#1171 = EDGE_LOOP('',(#1172,#1178,#1179,#1180));
#1172 = ORIENTED_EDGE('',*,*,#1173,.F.);
#1173 = EDGE_CURVE('',#1124,#1151,#1174,.T.);
#1174 = LINE('',#1175,#1176);
#1175 = CARTESIAN_POINT('',(-0.5,0.4,0.));
#1176 = VECTOR('',#1177,1.);
#1177 = DIRECTION('',(0.,0.,1.));
#1178 = ORIENTED_EDGE('',*,*,#1123,.F.);
#1179 = ORIENTED_EDGE('',*,*,#954,.T.);
#1180 = ORIENTED_EDGE('',*,*,#1159,.T.);
#1181 = PLANE('',#1182);
#1182 = AXIS2_PLACEMENT_3D('',#1183,#1184,#1185);
#1183 = CARTESIAN_POINT('',(-0.8,0.4,0.));
#1184 = DIRECTION('',(0.,1.,0.));
#1185 = DIRECTION('',(0.,-0.,1.));
#1186 = ADVANCED_FACE('',(#1187,#1197),#1267,.T.);
#1187 = FACE_BOUND('',#1188,.T.);
#1188 = EDGE_LOOP('',(#1189,#1190,#1191,#1192,#1193,#1194,#1195,#1196));
#1189 = ORIENTED_EDGE('',*,*,#994,.F.);
#1190 = ORIENTED_EDGE('',*,*,#1034,.T.);
#1191 = ORIENTED_EDGE('',*,*,#1077,.T.);
#1192 = ORIENTED_EDGE('',*,*,#1131,.F.);
#1193 = ORIENTED_EDGE('',*,*,#1173,.T.);
#1194 = ORIENTED_EDGE('',*,*,#1150,.T.);
#1195 = ORIENTED_EDGE('',*,*,#1101,.F.);
#1196 = ORIENTED_EDGE('',*,*,#1051,.F.);
#1197 = FACE_BOUND('',#1198,.T.);
#1198 = EDGE_LOOP('',(#1199,#1210,#1218,#1227,#1235,#1244,#1252,#1261));
#1199 = ORIENTED_EDGE('',*,*,#1200,.F.);
#1200 = EDGE_CURVE('',#1201,#1203,#1205,.T.);
#1201 = VERTEX_POINT('',#1202);
#1202 = CARTESIAN_POINT('',(-0.5,-0.37,6.E-02));
#1203 = VERTEX_POINT('',#1204);
#1204 = CARTESIAN_POINT('',(-0.5,-0.34,3.E-02));
#1205 = CIRCLE('',#1206,3.E-02);
#1206 = AXIS2_PLACEMENT_3D('',#1207,#1208,#1209);
#1207 = CARTESIAN_POINT('',(-0.5,-0.34,6.E-02));
#1208 = DIRECTION('',(1.,0.,-0.));
#1209 = DIRECTION('',(0.,0.,1.));
#1210 = ORIENTED_EDGE('',*,*,#1211,.T.);
#1211 = EDGE_CURVE('',#1201,#1212,#1214,.T.);
#1212 = VERTEX_POINT('',#1213);
#1213 = CARTESIAN_POINT('',(-0.5,-0.37,0.74));
#1214 = LINE('',#1215,#1216);
#1215 = CARTESIAN_POINT('',(-0.5,-0.37,3.E-02));
#1216 = VECTOR('',#1217,1.);
#1217 = DIRECTION('',(0.,0.,1.));
#1218 = ORIENTED_EDGE('',*,*,#1219,.T.);
#1219 = EDGE_CURVE('',#1212,#1220,#1222,.T.);
#1220 = VERTEX_POINT('',#1221);
#1221 = CARTESIAN_POINT('',(-0.5,-0.34,0.77));
#1222 = CIRCLE('',#1223,3.E-02);
#1223 = AXIS2_PLACEMENT_3D('',#1224,#1225,#1226);
#1224 = CARTESIAN_POINT('',(-0.5,-0.34,0.74));
#1225 = DIRECTION('',(-1.,0.,0.));
#1226 = DIRECTION('',(0.,0.,1.));
#1227 = ORIENTED_EDGE('',*,*,#1228,.T.);
#1228 = EDGE_CURVE('',#1220,#1229,#1231,.T.);
#1229 = VERTEX_POINT('',#1230);
#1230 = CARTESIAN_POINT('',(-0.5,0.34,0.77));
#1231 = LINE('',#1232,#1233);
#1232 = CARTESIAN_POINT('',(-0.5,-0.37,0.77));
#1233 = VECTOR('',#1234,1.);
#1234 = DIRECTION('',(0.,1.,0.));
#1235 = ORIENTED_EDGE('',*,*,#1236,.F.);
#1236 = EDGE_CURVE('',#1237,#1229,#1239,.T.);
#1237 = VERTEX_POINT('',#1238);
#1238 = CARTESIAN_POINT('',(-0.5,0.37,0.74));
#1239 = CIRCLE('',#1240,3.E-02);
#1240 = AXIS2_PLACEMENT_3D('',#1241,#1242,#1243);
#1241 = CARTESIAN_POINT('',(-0.5,0.34,0.74));
#1242 = DIRECTION('',(1.,0.,-0.));
#1243 = DIRECTION('',(0.,0.,1.));
#1244 = ORIENTED_EDGE('',*,*,#1245,.F.);
#1245 = EDGE_CURVE('',#1246,#1237,#1248,.T.);
#1246 = VERTEX_POINT('',#1247);
#1247 = CARTESIAN_POINT('',(-0.5,0.37,6.E-02));
#1248 = LINE('',#1249,#1250);
#1249 = CARTESIAN_POINT('',(-0.5,0.37,3.E-02));
#1250 = VECTOR('',#1251,1.);
#1251 = DIRECTION('',(0.,0.,1.));
#1252 = ORIENTED_EDGE('',*,*,#1253,.T.);
#1253 = EDGE_CURVE('',#1246,#1254,#1256,.T.);
#1254 = VERTEX_POINT('',#1255);
#1255 = CARTESIAN_POINT('',(-0.5,0.34,3.E-02));
#1256 = CIRCLE('',#1257,3.E-02);
#1257 = AXIS2_PLACEMENT_3D('',#1258,#1259,#1260);
#1258 = CARTESIAN_POINT('',(-0.5,0.34,6.E-02));
#1259 = DIRECTION('',(-1.,0.,0.));
#1260 = DIRECTION('',(0.,0.,1.));
#1261 = ORIENTED_EDGE('',*,*,#1262,.F.);
#1262 = EDGE_CURVE('',#1203,#1254,#1263,.T.);
#1263 = LINE('',#1264,#1265);
#1264 = CARTESIAN_POINT('',(-0.5,-0.37,3.E-02));
#1265 = VECTOR('',#1266,1.);
#1266 = DIRECTION('',(0.,1.,0.));
#1267 = PLANE('',#1268);
#1268 = AXIS2_PLACEMENT_3D('',#1269,#1270,#1271);
#1269 = CARTESIAN_POINT('',(-0.5,-0.4,0.));
#1270 = DIRECTION('',(1.,0.,0.));
#1271 = DIRECTION('',(0.,0.,1.));
#1272 = ADVANCED_FACE('',(#1273),#1299,.T.);
#1273 = FACE_BOUND('',#1274,.T.);
#1274 = EDGE_LOOP('',(#1275,#1276,#1284,#1293));
#1275 = ORIENTED_EDGE('',*,*,#1200,.T.);
#1276 = ORIENTED_EDGE('',*,*,#1277,.T.);
#1277 = EDGE_CURVE('',#1203,#1278,#1280,.T.);
#1278 = VERTEX_POINT('',#1279);
#1279 = CARTESIAN_POINT('',(0.5,-0.34,3.E-02));
#1280 = LINE('',#1281,#1282);
#1281 = CARTESIAN_POINT('',(-0.5,-0.34,3.E-02));
#1282 = VECTOR('',#1283,1.);
#1283 = DIRECTION('',(1.,0.,0.));
#1284 = ORIENTED_EDGE('',*,*,#1285,.F.);
#1285 = EDGE_CURVE('',#1286,#1278,#1288,.T.);
#1286 = VERTEX_POINT('',#1287);
#1287 = CARTESIAN_POINT('',(0.5,-0.37,6.E-02));
#1288 = CIRCLE('',#1289,3.E-02);
#1289 = AXIS2_PLACEMENT_3D('',#1290,#1291,#1292);
#1290 = CARTESIAN_POINT('',(0.5,-0.34,6.E-02));
#1291 = DIRECTION('',(1.,0.,-0.));
#1292 = DIRECTION('',(0.,0.,1.));
#1293 = ORIENTED_EDGE('',*,*,#1294,.F.);
#1294 = EDGE_CURVE('',#1201,#1286,#1295,.T.);
#1295 = LINE('',#1296,#1297);
#1296 = CARTESIAN_POINT('',(-0.5,-0.37,6.E-02));
#1297 = VECTOR('',#1298,1.);
#1298 = DIRECTION('',(1.,0.,0.));
#1299 = CYLINDRICAL_SURFACE('',#1300,3.E-02);
#1300 = AXIS2_PLACEMENT_3D('',#1301,#1302,#1303);
#1301 = CARTESIAN_POINT('',(-0.5,-0.34,6.E-02));
#1302 = DIRECTION('',(1.,0.,0.));
#1303 = DIRECTION('',(0.,-1.,0.));
#1304 = ADVANCED_FACE('',(#1305),#1323,.F.);
#1305 = FACE_BOUND('',#1306,.F.);
#1306 = EDGE_LOOP('',(#1307,#1308,#1309,#1317));
#1307 = ORIENTED_EDGE('',*,*,#1262,.F.);
#1308 = ORIENTED_EDGE('',*,*,#1277,.T.);
#1309 = ORIENTED_EDGE('',*,*,#1310,.T.);
#1310 = EDGE_CURVE('',#1278,#1311,#1313,.T.);
#1311 = VERTEX_POINT('',#1312);
#1312 = CARTESIAN_POINT('',(0.5,0.34,3.E-02));
#1313 = LINE('',#1314,#1315);
#1314 = CARTESIAN_POINT('',(0.5,-0.37,3.E-02));
#1315 = VECTOR('',#1316,1.);
#1316 = DIRECTION('',(0.,1.,0.));
#1317 = ORIENTED_EDGE('',*,*,#1318,.F.);
#1318 = EDGE_CURVE('',#1254,#1311,#1319,.T.);
#1319 = LINE('',#1320,#1321);
#1320 = CARTESIAN_POINT('',(-0.5,0.34,3.E-02));
#1321 = VECTOR('',#1322,1.);
#1322 = DIRECTION('',(1.,0.,0.));
#1323 = PLANE('',#1324);
#1324 = AXIS2_PLACEMENT_3D('',#1325,#1326,#1327);
#1325 = CARTESIAN_POINT('',(-0.5,-0.37,3.E-02));
#1326 = DIRECTION('',(0.,0.,1.));
#1327 = DIRECTION('',(1.,0.,-0.));
#1328 = ADVANCED_FACE('',(#1329),#1348,.T.);
#1329 = FACE_BOUND('',#1330,.T.);
#1330 = EDGE_LOOP('',(#1331,#1339,#1346,#1347));
#1331 = ORIENTED_EDGE('',*,*,#1332,.T.);
#1332 = EDGE_CURVE('',#1246,#1333,#1335,.T.);
#1333 = VERTEX_POINT('',#1334);
#1334 = CARTESIAN_POINT('',(0.5,0.37,6.E-02));
#1335 = LINE('',#1336,#1337);
#1336 = CARTESIAN_POINT('',(-0.5,0.37,6.E-02));
#1337 = VECTOR('',#1338,1.);
#1338 = DIRECTION('',(1.,0.,0.));
#1339 = ORIENTED_EDGE('',*,*,#1340,.T.);
#1340 = EDGE_CURVE('',#1333,#1311,#1341,.T.);
#1341 = CIRCLE('',#1342,3.E-02);
#1342 = AXIS2_PLACEMENT_3D('',#1343,#1344,#1345);
#1343 = CARTESIAN_POINT('',(0.5,0.34,6.E-02));
#1344 = DIRECTION('',(-1.,0.,0.));
#1345 = DIRECTION('',(0.,0.,1.));
#1346 = ORIENTED_EDGE('',*,*,#1318,.F.);
#1347 = ORIENTED_EDGE('',*,*,#1253,.F.);
#1348 = CYLINDRICAL_SURFACE('',#1349,3.E-02);
#1349 = AXIS2_PLACEMENT_3D('',#1350,#1351,#1352);
#1350 = CARTESIAN_POINT('',(-0.5,0.34,6.E-02));
#1351 = DIRECTION('',(1.,0.,0.));
#1352 = DIRECTION('',(-0.,1.,0.));
#1353 = ADVANCED_FACE('',(#1354),#1372,.T.);
#1354 = FACE_BOUND('',#1355,.T.);
#1355 = EDGE_LOOP('',(#1356,#1364,#1365,#1366));
#1356 = ORIENTED_EDGE('',*,*,#1357,.F.);
#1357 = EDGE_CURVE('',#1333,#1358,#1360,.T.);
#1358 = VERTEX_POINT('',#1359);
#1359 = CARTESIAN_POINT('',(0.5,0.37,0.74));
#1360 = LINE('',#1361,#1362);
#1361 = CARTESIAN_POINT('',(0.5,0.37,3.E-02));
#1362 = VECTOR('',#1363,1.);
#1363 = DIRECTION('',(0.,0.,1.));
#1364 = ORIENTED_EDGE('',*,*,#1332,.F.);
#1365 = ORIENTED_EDGE('',*,*,#1245,.T.);
#1366 = ORIENTED_EDGE('',*,*,#1367,.T.);
#1367 = EDGE_CURVE('',#1237,#1358,#1368,.T.);
#1368 = LINE('',#1369,#1370);
#1369 = CARTESIAN_POINT('',(-0.5,0.37,0.74));
#1370 = VECTOR('',#1371,1.);
#1371 = DIRECTION('',(1.,0.,0.));
#1372 = PLANE('',#1373);
#1373 = AXIS2_PLACEMENT_3D('',#1374,#1375,#1376);
#1374 = CARTESIAN_POINT('',(-0.5,0.37,3.E-02));
#1375 = DIRECTION('',(0.,1.,0.));
#1376 = DIRECTION('',(0.,-0.,1.));
#1377 = ADVANCED_FACE('',(#1378),#1397,.T.);
#1378 = FACE_BOUND('',#1379,.T.);
#1379 = EDGE_LOOP('',(#1380,#1381,#1389,#1396));
#1380 = ORIENTED_EDGE('',*,*,#1236,.T.);
#1381 = ORIENTED_EDGE('',*,*,#1382,.T.);
#1382 = EDGE_CURVE('',#1229,#1383,#1385,.T.);
#1383 = VERTEX_POINT('',#1384);
#1384 = CARTESIAN_POINT('',(0.5,0.34,0.77));
#1385 = LINE('',#1386,#1387);
#1386 = CARTESIAN_POINT('',(-0.5,0.34,0.77));
#1387 = VECTOR('',#1388,1.);
#1388 = DIRECTION('',(1.,0.,0.));
#1389 = ORIENTED_EDGE('',*,*,#1390,.F.);
#1390 = EDGE_CURVE('',#1358,#1383,#1391,.T.);
#1391 = CIRCLE('',#1392,3.E-02);
#1392 = AXIS2_PLACEMENT_3D('',#1393,#1394,#1395);
#1393 = CARTESIAN_POINT('',(0.5,0.34,0.74));
#1394 = DIRECTION('',(1.,0.,-0.));
#1395 = DIRECTION('',(0.,0.,1.));
#1396 = ORIENTED_EDGE('',*,*,#1367,.F.);
#1397 = CYLINDRICAL_SURFACE('',#1398,3.E-02);
#1398 = AXIS2_PLACEMENT_3D('',#1399,#1400,#1401);
#1399 = CARTESIAN_POINT('',(-0.5,0.34,0.74));
#1400 = DIRECTION('',(1.,0.,0.));
#1401 = DIRECTION('',(-0.,1.,0.));
#1402 = ADVANCED_FACE('',(#1403),#1421,.T.);
#1403 = FACE_BOUND('',#1404,.T.);
#1404 = EDGE_LOOP('',(#1405,#1406,#1414,#1420));
#1405 = ORIENTED_EDGE('',*,*,#1228,.F.);
#1406 = ORIENTED_EDGE('',*,*,#1407,.T.);
#1407 = EDGE_CURVE('',#1220,#1408,#1410,.T.);
#1408 = VERTEX_POINT('',#1409);
#1409 = CARTESIAN_POINT('',(0.5,-0.34,0.77));
#1410 = LINE('',#1411,#1412);
#1411 = CARTESIAN_POINT('',(-0.5,-0.34,0.77));
#1412 = VECTOR('',#1413,1.);
#1413 = DIRECTION('',(1.,0.,0.));
#1414 = ORIENTED_EDGE('',*,*,#1415,.T.);
#1415 = EDGE_CURVE('',#1408,#1383,#1416,.T.);
#1416 = LINE('',#1417,#1418);
#1417 = CARTESIAN_POINT('',(0.5,-0.37,0.77));
#1418 = VECTOR('',#1419,1.);
#1419 = DIRECTION('',(0.,1.,0.));
#1420 = ORIENTED_EDGE('',*,*,#1382,.F.);
#1421 = PLANE('',#1422);
#1422 = AXIS2_PLACEMENT_3D('',#1423,#1424,#1425);
#1423 = CARTESIAN_POINT('',(-0.5,-0.37,0.77));
#1424 = DIRECTION('',(0.,0.,1.));
#1425 = DIRECTION('',(1.,0.,-0.));
#1426 = ADVANCED_FACE('',(#1427),#1446,.T.);
#1427 = FACE_BOUND('',#1428,.T.);
#1428 = EDGE_LOOP('',(#1429,#1437,#1444,#1445));
#1429 = ORIENTED_EDGE('',*,*,#1430,.T.);
#1430 = EDGE_CURVE('',#1212,#1431,#1433,.T.);
#1431 = VERTEX_POINT('',#1432);
#1432 = CARTESIAN_POINT('',(0.5,-0.37,0.74));
#1433 = LINE('',#1434,#1435);
#1434 = CARTESIAN_POINT('',(-0.5,-0.37,0.74));
#1435 = VECTOR('',#1436,1.);
#1436 = DIRECTION('',(1.,0.,0.));
#1437 = ORIENTED_EDGE('',*,*,#1438,.T.);
#1438 = EDGE_CURVE('',#1431,#1408,#1439,.T.);
#1439 = CIRCLE('',#1440,3.E-02);
#1440 = AXIS2_PLACEMENT_3D('',#1441,#1442,#1443);
#1441 = CARTESIAN_POINT('',(0.5,-0.34,0.74));
#1442 = DIRECTION('',(-1.,0.,0.));
#1443 = DIRECTION('',(0.,0.,1.));
#1444 = ORIENTED_EDGE('',*,*,#1407,.F.);
#1445 = ORIENTED_EDGE('',*,*,#1219,.F.);
#1446 = CYLINDRICAL_SURFACE('',#1447,3.E-02);
#1447 = AXIS2_PLACEMENT_3D('',#1448,#1449,#1450);
#1448 = CARTESIAN_POINT('',(-0.5,-0.34,0.74));
#1449 = DIRECTION('',(1.,0.,0.));
#1450 = DIRECTION('',(0.,-1.,0.));
#1451 = ADVANCED_FACE('',(#1452),#1463,.F.);
#1452 = FACE_BOUND('',#1453,.F.);
#1453 = EDGE_LOOP('',(#1454,#1460,#1461,#1462));
#1454 = ORIENTED_EDGE('',*,*,#1455,.F.);
#1455 = EDGE_CURVE('',#1286,#1431,#1456,.T.);
#1456 = LINE('',#1457,#1458);
#1457 = CARTESIAN_POINT('',(0.5,-0.37,3.E-02));
#1458 = VECTOR('',#1459,1.);
#1459 = DIRECTION('',(0.,0.,1.));
#1460 = ORIENTED_EDGE('',*,*,#1294,.F.);
#1461 = ORIENTED_EDGE('',*,*,#1211,.T.);
#1462 = ORIENTED_EDGE('',*,*,#1430,.T.);
#1463 = PLANE('',#1464);
#1464 = AXIS2_PLACEMENT_3D('',#1465,#1466,#1467);
#1465 = CARTESIAN_POINT('',(-0.5,-0.37,3.E-02));
#1466 = DIRECTION('',(0.,1.,0.));
#1467 = DIRECTION('',(0.,-0.,1.));
#1468 = ADVANCED_FACE('',(#1469,#1539),#1549,.F.);
#1469 = FACE_BOUND('',#1470,.F.);
#1470 = EDGE_LOOP('',(#1471,#1481,#1490,#1498,#1507,#1515,#1524,#1532));
#1471 = ORIENTED_EDGE('',*,*,#1472,.F.);
#1472 = EDGE_CURVE('',#1473,#1475,#1477,.T.);
#1473 = VERTEX_POINT('',#1474);
#1474 = CARTESIAN_POINT('',(0.5,-0.4,3.E-02));
#1475 = VERTEX_POINT('',#1476);
#1476 = CARTESIAN_POINT('',(0.5,-0.4,0.77));
#1477 = LINE('',#1478,#1479);
#1478 = CARTESIAN_POINT('',(0.5,-0.4,0.));
#1479 = VECTOR('',#1480,1.);
#1480 = DIRECTION('',(0.,0.,1.));
#1481 = ORIENTED_EDGE('',*,*,#1482,.T.);
#1482 = EDGE_CURVE('',#1473,#1483,#1485,.T.);
#1483 = VERTEX_POINT('',#1484);
#1484 = CARTESIAN_POINT('',(0.5,-0.37,0.));
#1485 = CIRCLE('',#1486,3.E-02);
#1486 = AXIS2_PLACEMENT_3D('',#1487,#1488,#1489);
#1487 = CARTESIAN_POINT('',(0.5,-0.37,3.E-02));
#1488 = DIRECTION('',(1.,0.,-0.));
#1489 = DIRECTION('',(0.,0.,1.));
#1490 = ORIENTED_EDGE('',*,*,#1491,.T.);
#1491 = EDGE_CURVE('',#1483,#1492,#1494,.T.);
#1492 = VERTEX_POINT('',#1493);
#1493 = CARTESIAN_POINT('',(0.5,0.37,0.));
#1494 = LINE('',#1495,#1496);
#1495 = CARTESIAN_POINT('',(0.5,-0.4,0.));
#1496 = VECTOR('',#1497,1.);
#1497 = DIRECTION('',(0.,1.,0.));
#1498 = ORIENTED_EDGE('',*,*,#1499,.F.);
#1499 = EDGE_CURVE('',#1500,#1492,#1502,.T.);
#1500 = VERTEX_POINT('',#1501);
#1501 = CARTESIAN_POINT('',(0.5,0.4,3.E-02));
#1502 = CIRCLE('',#1503,3.E-02);
#1503 = AXIS2_PLACEMENT_3D('',#1504,#1505,#1506);
#1504 = CARTESIAN_POINT('',(0.5,0.37,3.E-02));
#1505 = DIRECTION('',(-1.,0.,0.));
#1506 = DIRECTION('',(0.,0.,1.));
#1507 = ORIENTED_EDGE('',*,*,#1508,.T.);
#1508 = EDGE_CURVE('',#1500,#1509,#1511,.T.);
#1509 = VERTEX_POINT('',#1510);
#1510 = CARTESIAN_POINT('',(0.5,0.4,0.77));
#1511 = LINE('',#1512,#1513);
#1512 = CARTESIAN_POINT('',(0.5,0.4,0.));
#1513 = VECTOR('',#1514,1.);
#1514 = DIRECTION('',(0.,0.,1.));
#1515 = ORIENTED_EDGE('',*,*,#1516,.T.);
#1516 = EDGE_CURVE('',#1509,#1517,#1519,.T.);
#1517 = VERTEX_POINT('',#1518);
#1518 = CARTESIAN_POINT('',(0.5,0.37,0.8));
#1519 = CIRCLE('',#1520,3.E-02);
#1520 = AXIS2_PLACEMENT_3D('',#1521,#1522,#1523);
#1521 = CARTESIAN_POINT('',(0.5,0.37,0.77));
#1522 = DIRECTION('',(1.,0.,-0.));
#1523 = DIRECTION('',(0.,0.,1.));
#1524 = ORIENTED_EDGE('',*,*,#1525,.F.);
#1525 = EDGE_CURVE('',#1526,#1517,#1528,.T.);
#1526 = VERTEX_POINT('',#1527);
#1527 = CARTESIAN_POINT('',(0.5,-0.37,0.8));
#1528 = LINE('',#1529,#1530);
#1529 = CARTESIAN_POINT('',(0.5,-0.4,0.8));
#1530 = VECTOR('',#1531,1.);
#1531 = DIRECTION('',(0.,1.,0.));
#1532 = ORIENTED_EDGE('',*,*,#1533,.F.);
#1533 = EDGE_CURVE('',#1475,#1526,#1534,.T.);
#1534 = CIRCLE('',#1535,3.E-02);
#1535 = AXIS2_PLACEMENT_3D('',#1536,#1537,#1538);
#1536 = CARTESIAN_POINT('',(0.5,-0.37,0.77));
#1537 = DIRECTION('',(-1.,0.,0.));
#1538 = DIRECTION('',(0.,0.,1.));
#1539 = FACE_BOUND('',#1540,.F.);
#1540 = EDGE_LOOP('',(#1541,#1542,#1543,#1544,#1545,#1546,#1547,#1548));
#1541 = ORIENTED_EDGE('',*,*,#1285,.F.);
#1542 = ORIENTED_EDGE('',*,*,#1455,.T.);
#1543 = ORIENTED_EDGE('',*,*,#1438,.T.);
#1544 = ORIENTED_EDGE('',*,*,#1415,.T.);
#1545 = ORIENTED_EDGE('',*,*,#1390,.F.);
#1546 = ORIENTED_EDGE('',*,*,#1357,.F.);
#1547 = ORIENTED_EDGE('',*,*,#1340,.T.);
#1548 = ORIENTED_EDGE('',*,*,#1310,.F.);
#1549 = PLANE('',#1550);
#1550 = AXIS2_PLACEMENT_3D('',#1551,#1552,#1553);
#1551 = CARTESIAN_POINT('',(0.5,-0.4,0.));
#1552 = DIRECTION('',(1.,0.,0.));
#1553 = DIRECTION('',(0.,0.,1.));
#1554 = ADVANCED_FACE('',(#1555),#1580,.F.);
#1555 = FACE_BOUND('',#1556,.F.);
#1556 = EDGE_LOOP('',(#1557,#1567,#1573,#1574));
#1557 = ORIENTED_EDGE('',*,*,#1558,.F.);
#1558 = EDGE_CURVE('',#1559,#1561,#1563,.T.);
#1559 = VERTEX_POINT('',#1560);
#1560 = CARTESIAN_POINT('',(0.8,-0.4,3.E-02));
#1561 = VERTEX_POINT('',#1562);
#1562 = CARTESIAN_POINT('',(0.8,-0.4,0.77));
#1563 = LINE('',#1564,#1565);
#1564 = CARTESIAN_POINT('',(0.8,-0.4,0.));
#1565 = VECTOR('',#1566,1.);
#1566 = DIRECTION('',(0.,0.,1.));
#1567 = ORIENTED_EDGE('',*,*,#1568,.F.);
#1568 = EDGE_CURVE('',#1473,#1559,#1569,.T.);
#1569 = LINE('',#1570,#1571);
#1570 = CARTESIAN_POINT('',(0.5,-0.4,3.E-02));
#1571 = VECTOR('',#1572,1.);
#1572 = DIRECTION('',(1.,0.,0.));
#1573 = ORIENTED_EDGE('',*,*,#1472,.T.);
#1574 = ORIENTED_EDGE('',*,*,#1575,.T.);
#1575 = EDGE_CURVE('',#1475,#1561,#1576,.T.);
#1576 = LINE('',#1577,#1578);
#1577 = CARTESIAN_POINT('',(0.5,-0.4,0.77));
#1578 = VECTOR('',#1579,1.);
#1579 = DIRECTION('',(1.,0.,0.));
#1580 = PLANE('',#1581);
#1581 = AXIS2_PLACEMENT_3D('',#1582,#1583,#1584);
#1582 = CARTESIAN_POINT('',(0.5,-0.4,0.));
#1583 = DIRECTION('',(0.,1.,0.));
#1584 = DIRECTION('',(0.,-0.,1.));
#1585 = ADVANCED_FACE('',(#1586),#1605,.T.);
#1586 = FACE_BOUND('',#1587,.T.);
#1587 = EDGE_LOOP('',(#1588,#1589,#1597,#1604));
#1588 = ORIENTED_EDGE('',*,*,#1482,.T.);
#1589 = ORIENTED_EDGE('',*,*,#1590,.T.);
#1590 = EDGE_CURVE('',#1483,#1591,#1593,.T.);
#1591 = VERTEX_POINT('',#1592);
#1592 = CARTESIAN_POINT('',(0.8,-0.37,0.));
#1593 = LINE('',#1594,#1595);
#1594 = CARTESIAN_POINT('',(0.5,-0.37,0.));
#1595 = VECTOR('',#1596,1.);
#1596 = DIRECTION('',(1.,0.,0.));
#1597 = ORIENTED_EDGE('',*,*,#1598,.F.);
#1598 = EDGE_CURVE('',#1559,#1591,#1599,.T.);
#1599 = CIRCLE('',#1600,3.E-02);
#1600 = AXIS2_PLACEMENT_3D('',#1601,#1602,#1603);
#1601 = CARTESIAN_POINT('',(0.8,-0.37,3.E-02));
#1602 = DIRECTION('',(1.,0.,-0.));
#1603 = DIRECTION('',(0.,0.,1.));
#1604 = ORIENTED_EDGE('',*,*,#1568,.F.);
#1605 = CYLINDRICAL_SURFACE('',#1606,3.E-02);
#1606 = AXIS2_PLACEMENT_3D('',#1607,#1608,#1609);
#1607 = CARTESIAN_POINT('',(0.5,-0.37,3.E-02));
#1608 = DIRECTION('',(1.,0.,0.));
#1609 = DIRECTION('',(0.,-1.,0.));
#1610 = ADVANCED_FACE('',(#1611),#1630,.T.);
#1611 = FACE_BOUND('',#1612,.T.);
#1612 = EDGE_LOOP('',(#1613,#1614,#1623,#1629));
#1613 = ORIENTED_EDGE('',*,*,#1575,.T.);
#1614 = ORIENTED_EDGE('',*,*,#1615,.T.);
#1615 = EDGE_CURVE('',#1561,#1616,#1618,.T.);
#1616 = VERTEX_POINT('',#1617);
#1617 = CARTESIAN_POINT('',(0.8,-0.37,0.8));
#1618 = CIRCLE('',#1619,3.E-02);
#1619 = AXIS2_PLACEMENT_3D('',#1620,#1621,#1622);
#1620 = CARTESIAN_POINT('',(0.8,-0.37,0.77));
#1621 = DIRECTION('',(-1.,0.,0.));
#1622 = DIRECTION('',(0.,0.,1.));
#1623 = ORIENTED_EDGE('',*,*,#1624,.F.);
#1624 = EDGE_CURVE('',#1526,#1616,#1625,.T.);
#1625 = LINE('',#1626,#1627);
#1626 = CARTESIAN_POINT('',(0.5,-0.37,0.8));
#1627 = VECTOR('',#1628,1.);
#1628 = DIRECTION('',(1.,0.,0.));
#1629 = ORIENTED_EDGE('',*,*,#1533,.F.);
#1630 = CYLINDRICAL_SURFACE('',#1631,3.E-02);
#1631 = AXIS2_PLACEMENT_3D('',#1632,#1633,#1634);
#1632 = CARTESIAN_POINT('',(0.5,-0.37,0.77));
#1633 = DIRECTION('',(1.,0.,0.));
#1634 = DIRECTION('',(0.,-1.,0.));
#1635 = ADVANCED_FACE('',(#1636),#1654,.F.);
#1636 = FACE_BOUND('',#1637,.F.);
#1637 = EDGE_LOOP('',(#1638,#1639,#1640,#1648));
#1638 = ORIENTED_EDGE('',*,*,#1491,.F.);
#1639 = ORIENTED_EDGE('',*,*,#1590,.T.);
#1640 = ORIENTED_EDGE('',*,*,#1641,.T.);
#1641 = EDGE_CURVE('',#1591,#1642,#1644,.T.);
#1642 = VERTEX_POINT('',#1643);
#1643 = CARTESIAN_POINT('',(0.8,0.37,0.));
#1644 = LINE('',#1645,#1646);
#1645 = CARTESIAN_POINT('',(0.8,-0.4,0.));
#1646 = VECTOR('',#1647,1.);
#1647 = DIRECTION('',(0.,1.,0.));
#1648 = ORIENTED_EDGE('',*,*,#1649,.F.);
#1649 = EDGE_CURVE('',#1492,#1642,#1650,.T.);
#1650 = LINE('',#1651,#1652);
#1651 = CARTESIAN_POINT('',(0.5,0.37,0.));
#1652 = VECTOR('',#1653,1.);
#1653 = DIRECTION('',(1.,0.,0.));
#1654 = PLANE('',#1655);
#1655 = AXIS2_PLACEMENT_3D('',#1656,#1657,#1658);
#1656 = CARTESIAN_POINT('',(0.5,-0.4,0.));
#1657 = DIRECTION('',(0.,0.,1.));
#1658 = DIRECTION('',(1.,0.,-0.));
#1659 = ADVANCED_FACE('',(#1660),#1678,.T.);
#1660 = FACE_BOUND('',#1661,.T.);
#1661 = EDGE_LOOP('',(#1662,#1663,#1664,#1672));
#1662 = ORIENTED_EDGE('',*,*,#1525,.F.);
#1663 = ORIENTED_EDGE('',*,*,#1624,.T.);
#1664 = ORIENTED_EDGE('',*,*,#1665,.T.);
#1665 = EDGE_CURVE('',#1616,#1666,#1668,.T.);
#1666 = VERTEX_POINT('',#1667);
#1667 = CARTESIAN_POINT('',(0.8,0.37,0.8));
#1668 = LINE('',#1669,#1670);
#1669 = CARTESIAN_POINT('',(0.8,-0.4,0.8));
#1670 = VECTOR('',#1671,1.);
#1671 = DIRECTION('',(0.,1.,0.));
#1672 = ORIENTED_EDGE('',*,*,#1673,.F.);
#1673 = EDGE_CURVE('',#1517,#1666,#1674,.T.);
#1674 = LINE('',#1675,#1676);
#1675 = CARTESIAN_POINT('',(0.5,0.37,0.8));
#1676 = VECTOR('',#1677,1.);
#1677 = DIRECTION('',(1.,0.,0.));
#1678 = PLANE('',#1679);
#1679 = AXIS2_PLACEMENT_3D('',#1680,#1681,#1682);
#1680 = CARTESIAN_POINT('',(0.5,-0.4,0.8));
#1681 = DIRECTION('',(0.,0.,1.));
#1682 = DIRECTION('',(1.,0.,-0.));
#1683 = ADVANCED_FACE('',(#1684),#1703,.T.);
#1684 = FACE_BOUND('',#1685,.T.);
#1685 = EDGE_LOOP('',(#1686,#1694,#1701,#1702));
#1686 = ORIENTED_EDGE('',*,*,#1687,.T.);
#1687 = EDGE_CURVE('',#1500,#1688,#1690,.T.);
#1688 = VERTEX_POINT('',#1689);
#1689 = CARTESIAN_POINT('',(0.8,0.4,3.E-02));
#1690 = LINE('',#1691,#1692);
#1691 = CARTESIAN_POINT('',(0.5,0.4,3.E-02));
#1692 = VECTOR('',#1693,1.);
#1693 = DIRECTION('',(1.,0.,0.));
#1694 = ORIENTED_EDGE('',*,*,#1695,.T.);
#1695 = EDGE_CURVE('',#1688,#1642,#1696,.T.);
#1696 = CIRCLE('',#1697,3.E-02);
#1697 = AXIS2_PLACEMENT_3D('',#1698,#1699,#1700);
#1698 = CARTESIAN_POINT('',(0.8,0.37,3.E-02));
#1699 = DIRECTION('',(-1.,0.,0.));
#1700 = DIRECTION('',(0.,0.,1.));
#1701 = ORIENTED_EDGE('',*,*,#1649,.F.);
#1702 = ORIENTED_EDGE('',*,*,#1499,.F.);
#1703 = CYLINDRICAL_SURFACE('',#1704,3.E-02);
#1704 = AXIS2_PLACEMENT_3D('',#1705,#1706,#1707);
#1705 = CARTESIAN_POINT('',(0.5,0.37,3.E-02));
#1706 = DIRECTION('',(1.,0.,0.));
#1707 = DIRECTION('',(-0.,1.,0.));
#1708 = ADVANCED_FACE('',(#1709),#1728,.T.);
#1709 = FACE_BOUND('',#1710,.T.);
#1710 = EDGE_LOOP('',(#1711,#1712,#1713,#1722));
#1711 = ORIENTED_EDGE('',*,*,#1516,.T.);
#1712 = ORIENTED_EDGE('',*,*,#1673,.T.);
#1713 = ORIENTED_EDGE('',*,*,#1714,.F.);
#1714 = EDGE_CURVE('',#1715,#1666,#1717,.T.);
#1715 = VERTEX_POINT('',#1716);
#1716 = CARTESIAN_POINT('',(0.8,0.4,0.77));
#1717 = CIRCLE('',#1718,3.E-02);
#1718 = AXIS2_PLACEMENT_3D('',#1719,#1720,#1721);
#1719 = CARTESIAN_POINT('',(0.8,0.37,0.77));
#1720 = DIRECTION('',(1.,0.,-0.));
#1721 = DIRECTION('',(0.,0.,1.));
#1722 = ORIENTED_EDGE('',*,*,#1723,.F.);
#1723 = EDGE_CURVE('',#1509,#1715,#1724,.T.);
#1724 = LINE('',#1725,#1726);
#1725 = CARTESIAN_POINT('',(0.5,0.4,0.77));
#1726 = VECTOR('',#1727,1.);
#1727 = DIRECTION('',(1.,0.,0.));
#1728 = CYLINDRICAL_SURFACE('',#1729,3.E-02);
#1729 = AXIS2_PLACEMENT_3D('',#1730,#1731,#1732);
#1730 = CARTESIAN_POINT('',(0.5,0.37,0.77));
#1731 = DIRECTION('',(1.,0.,0.));
#1732 = DIRECTION('',(-0.,1.,0.));
#1733 = ADVANCED_FACE('',(#1734),#1745,.T.);
#1734 = FACE_BOUND('',#1735,.T.);
#1735 = EDGE_LOOP('',(#1736,#1742,#1743,#1744));
#1736 = ORIENTED_EDGE('',*,*,#1737,.F.);
#1737 = EDGE_CURVE('',#1688,#1715,#1738,.T.);
#1738 = LINE('',#1739,#1740);
#1739 = CARTESIAN_POINT('',(0.8,0.4,0.));
#1740 = VECTOR('',#1741,1.);
#1741 = DIRECTION('',(0.,0.,1.));
#1742 = ORIENTED_EDGE('',*,*,#1687,.F.);
#1743 = ORIENTED_EDGE('',*,*,#1508,.T.);
#1744 = ORIENTED_EDGE('',*,*,#1723,.T.);
#1745 = PLANE('',#1746);
#1746 = AXIS2_PLACEMENT_3D('',#1747,#1748,#1749);
#1747 = CARTESIAN_POINT('',(0.5,0.4,0.));
#1748 = DIRECTION('',(0.,1.,0.));
#1749 = DIRECTION('',(0.,-0.,1.));
#1750 = ADVANCED_FACE('',(#1751),#1761,.T.);
#1751 = FACE_BOUND('',#1752,.T.);
#1752 = EDGE_LOOP('',(#1753,#1754,#1755,#1756,#1757,#1758,#1759,#1760));
#1753 = ORIENTED_EDGE('',*,*,#1558,.F.);
#1754 = ORIENTED_EDGE('',*,*,#1598,.T.);
#1755 = ORIENTED_EDGE('',*,*,#1641,.T.);
#1756 = ORIENTED_EDGE('',*,*,#1695,.F.);
#1757 = ORIENTED_EDGE('',*,*,#1737,.T.);
#1758 = ORIENTED_EDGE('',*,*,#1714,.T.);
#1759 = ORIENTED_EDGE('',*,*,#1665,.F.);
#1760 = ORIENTED_EDGE('',*,*,#1615,.F.);
#1761 = PLANE('',#1762);
#1762 = AXIS2_PLACEMENT_3D('',#1763,#1764,#1765);
#1763 = CARTESIAN_POINT('',(0.8,-0.4,0.));
#1764 = DIRECTION('',(1.,0.,0.));
#1765 = DIRECTION('',(0.,0.,1.));
#1766 = ( GEOMETRIC_REPRESENTATION_CONTEXT(3) 
GLOBAL_UNCERTAINTY_ASSIGNED_CONTEXT((#1770)) 
GLOBAL_UNIT_ASSIGNED_CONTEXT((#1767,#1768,#1769)) REPRESENTATION_CONTEXT
('Context #1','3D Context with UNIT and UNCERTAINTY') );
#1767 = ( LENGTH_UNIT() NAMED_UNIT(*) SI_UNIT(.MILLI.,.METRE.) );
#1768 = ( NAMED_UNIT(*) PLANE_ANGLE_UNIT() SI_UNIT($,.RADIAN.) );
#1769 = ( NAMED_UNIT(*) SI_UNIT($,.STERADIAN.) SOLID_ANGLE_UNIT() );
#1770 = UNCERTAINTY_MEASURE_WITH_UNIT(LENGTH_MEASURE(1.E-07),#1767,
  'distance_accuracy_value','confusion accuracy');
#1771 = CONTEXT_DEPENDENT_SHAPE_REPRESENTATION(#1772,#1774);
#1772 = ( REPRESENTATION_RELATIONSHIP('','',#911,#888) 
REPRESENTATION_RELATIONSHIP_WITH_TRANSFORMATION(#1773) 
SHAPE_REPRESENTATION_RELATIONSHIP() );
#1773 = ITEM_DEFINED_TRANSFORMATION('','',#11,#889);
#1774 = PRODUCT_DEFINITION_SHAPE('Placement','Placement of an item',
  #1775);
#1775 = NEXT_ASSEMBLY_USAGE_OCCURRENCE('3','=>[0:1:1:5]','',#883,#906,$
  );
#1776 = PRODUCT_RELATED_PRODUCT_CATEGORY('part',$,(#908));
#1777 = SHAPE_DEFINITION_REPRESENTATION(#1778,#1784);
#1778 = PRODUCT_DEFINITION_SHAPE('','',#1779);
#1779 = PRODUCT_DEFINITION('design','',#1780,#1783);
#1780 = PRODUCT_DEFINITION_FORMATION('','',#1781);
#1781 = PRODUCT('SOIC-16_3.9x9.9mm_P1.27mm','SOIC-16_3.9x9.9mm_P1.27mm',
  '',(#1782));
#1782 = PRODUCT_CONTEXT('',#2,'mechanical');
#1783 = PRODUCT_DEFINITION_CONTEXT('part definition',#2,'design');
#1784 = SHAPE_REPRESENTATION('',(#11,#1785),#1789);
#1785 = AXIS2_PLACEMENT_3D('',#1786,#1787,#1788);
#1786 = CARTESIAN_POINT('',(0.,0.,0.));
#1787 = DIRECTION('',(0.,0.,1.));
#1788 = DIRECTION('',(1.,0.,-0.));
#1789 = ( GEOMETRIC_REPRESENTATION_CONTEXT(3) 
GLOBAL_UNCERTAINTY_ASSIGNED_CONTEXT((#1793)) 
GLOBAL_UNIT_ASSIGNED_CONTEXT((#1790,#1791,#1792)) REPRESENTATION_CONTEXT
('Context #1','3D Context with UNIT and UNCERTAINTY') );
#1790 = ( LENGTH_UNIT() NAMED_UNIT(*) SI_UNIT(.MILLI.,.METRE.) );
#1791 = ( NAMED_UNIT(*) PLANE_ANGLE_UNIT() SI_UNIT($,.RADIAN.) );
#1792 = ( NAMED_UNIT(*) SI_UNIT($,.STERADIAN.) SOLID_ANGLE_UNIT() );
#1793 = UNCERTAINTY_MEASURE_WITH_UNIT(LENGTH_MEASURE(1.E-07),#1790,
  'distance_accuracy_value','confusion accuracy');
#1794 = CONTEXT_DEPENDENT_SHAPE_REPRESENTATION(#1795,#1797);
#1795 = ( REPRESENTATION_RELATIONSHIP('','',#1784,#10) 
REPRESENTATION_RELATIONSHIP_WITH_TRANSFORMATION(#1796) 
SHAPE_REPRESENTATION_RELATIONSHIP() );
#1796 = ITEM_DEFINED_TRANSFORMATION('','',#11,#23);
#1797 = PRODUCT_DEFINITION_SHAPE('Placement','Placement of an item',
  #1798);
#1798 = NEXT_ASSEMBLY_USAGE_OCCURRENCE('6','U1','',#5,#1779,$);
#1799 = PRODUCT_RELATED_PRODUCT_CATEGORY('part',$,(#1781));
#1800 = SHAPE_DEFINITION_REPRESENTATION(#1801,#1807);
#1801 = PRODUCT_DEFINITION_SHAPE('','',#1802);
#1802 = PRODUCT_DEFINITION('design','',#1803,#1806);
#1803 = PRODUCT_DEFINITION_FORMATION('','',#1804);
#1804 = PRODUCT('SOIC-16_3.9x9.9mm_P1.27mm','SOIC-16_3.9x9.9mm_P1.27mm',
  '',(#1805));
#1805 = PRODUCT_CONTEXT('',#2,'mechanical');
#1806 = PRODUCT_DEFINITION_CONTEXT('part definition',#2,'design');
#1807 = ADVANCED_BREP_SHAPE_REPRESENTATION('',(#11,#1808),#10014);
#1808 = MANIFOLD_SOLID_BREP('',#1809);
#1809 = CLOSED_SHELL('',(#1810,#1848,#1911,#1934,#1963,#1986,#2137,#2288
    ,#2311,#2334,#2351,#2374,#2462,#2478,#2508,#2539,#2570,#2601,#2632,
    #2663,#2694,#2725,#2756,#2787,#2818,#2849,#2880,#2911,#2942,#2973,
    #2990,#3007,#3038,#3069,#3100,#3131,#3162,#3193,#3224,#3255,#3286,
    #3317,#3348,#3379,#3410,#3441,#3472,#3502,#3525,#3548,#3565,#3610,
    #3760,#3783,#3806,#3829,#3980,#4018,#4067,#4159,#4184,#4268,#4290,
    #4382,#4407,#4491,#4513,#4605,#4630,#4714,#4736,#4828,#4853,#4937,
    #4959,#5051,#5076,#5160,#5182,#5274,#5299,#5383,#5405,#5497,#5522,
    #5606,#5623,#5708,#5733,#5810,#5895,#5920,#5997,#6014,#6106,#6131,
    #6215,#6237,#6329,#6354,#6438,#6460,#6552,#6577,#6661,#6683,#6775,
    #6800,#6884,#6906,#6998,#7023,#7107,#7129,#7221,#7246,#7330,#7352,
    #7444,#7469,#7553,#7570,#7589,#7608,#7627,#7646,#7665,#7684,#7703,
    #7749,#7765,#7784,#7803,#7822,#7841,#7860,#7879,#7898,#7914,#7931,
    #7943,#7960,#7977,#7994,#8011,#8028,#8045,#8062,#8074,#8091,#8108,
    #8125,#8142,#8159,#8176,#8193,#8205,#8222,#8239,#8256,#8273,#8290,
    #8307,#8324,#8336,#8353,#8370,#8387,#8404,#8421,#8438,#8455,#8467,
    #8484,#8501,#8518,#8535,#8552,#8569,#8586,#8598,#8615,#8632,#8649,
    #8666,#8683,#8700,#8717,#8729,#8746,#8763,#8780,#8797,#8814,#8831,
    #8848,#8860,#8877,#8894,#8911,#8928,#8945,#8962,#8974,#8991,#9008,
    #9025,#9042,#9059,#9076,#9088,#9105,#9122,#9139,#9156,#9173,#9190,
    #9207,#9219,#9236,#9253,#9270,#9287,#9304,#9321,#9338,#9350,#9367,
    #9384,#9401,#9418,#9435,#9452,#9469,#9481,#9498,#9515,#9532,#9549,
    #9566,#9583,#9600,#9612,#9629,#9646,#9663,#9680,#9697,#9714,#9731,
    #9743,#9760,#9777,#9794,#9811,#9828,#9845,#9862,#9874,#9891,#9908,
    #9925,#9942,#9959,#9976,#9993,#10005));
#1810 = ADVANCED_FACE('',(#1811),#1843,.F.);
#1811 = FACE_BOUND('',#1812,.F.);
#1812 = EDGE_LOOP('',(#1813,#1823,#1830,#1838));
#1813 = ORIENTED_EDGE('',*,*,#1814,.T.);
#1814 = EDGE_CURVE('',#1815,#1817,#1819,.T.);
#1815 = VERTEX_POINT('',#1816);
#1816 = CARTESIAN_POINT('',(-1.717585640382,4.835171280765,0.1));
#1817 = VERTEX_POINT('',#1818);
#1818 = CARTESIAN_POINT('',(1.717585640382,4.835171280765,0.1));
#1819 = LINE('',#1820,#1821);
#1820 = CARTESIAN_POINT('',(-1.717585640382,4.835171280765,0.1));
#1821 = VECTOR('',#1822,1.);
#1822 = DIRECTION('',(1.,1.110223024625E-16,0.));
#1823 = ORIENTED_EDGE('',*,*,#1824,.T.);
#1824 = EDGE_CURVE('',#1817,#1825,#1827,.T.);
#1825 = VERTEX_POINT('',#1826);
#1826 = CARTESIAN_POINT('',(1.775,4.95,0.825));
#1827 = B_SPLINE_CURVE_WITH_KNOTS('',1,(#1828,#1829),.UNSPECIFIED.,.F.,
  .F.,(2,2),(0.,1.),.PIECEWISE_BEZIER_KNOTS.);
#1828 = CARTESIAN_POINT('',(1.717585640382,4.835171280765,0.1));
#1829 = CARTESIAN_POINT('',(1.775,4.95,0.825));
#1830 = ORIENTED_EDGE('',*,*,#1831,.F.);
#1831 = EDGE_CURVE('',#1832,#1825,#1834,.T.);
#1832 = VERTEX_POINT('',#1833);
#1833 = CARTESIAN_POINT('',(-1.775,4.95,0.825));
#1834 = LINE('',#1835,#1836);
#1835 = CARTESIAN_POINT('',(-1.775,4.95,0.825));
#1836 = VECTOR('',#1837,1.);
#1837 = DIRECTION('',(1.,1.110223024625E-16,0.));
#1838 = ORIENTED_EDGE('',*,*,#1839,.F.);
#1839 = EDGE_CURVE('',#1815,#1832,#1840,.T.);
#1840 = B_SPLINE_CURVE_WITH_KNOTS('',1,(#1841,#1842),.UNSPECIFIED.,.F.,
  .F.,(2,2),(0.,1.),.PIECEWISE_BEZIER_KNOTS.);
#1841 = CARTESIAN_POINT('',(-1.717585640382,4.835171280765,0.1));
#1842 = CARTESIAN_POINT('',(-1.775,4.95,0.825));
#1843 = B_SPLINE_SURFACE_WITH_KNOTS('',1,1,(
    (#1844,#1845)
    ,(#1846,#1847
    )),.UNSPECIFIED.,.F.,.F.,.F.,(2,2),(2,2),(0.,3.55),(0.,1.),
  .PIECEWISE_BEZIER_KNOTS.);
#1844 = CARTESIAN_POINT('',(-1.717585640382,4.835171280765,0.1));
#1845 = CARTESIAN_POINT('',(-1.775,4.95,0.825));
#1846 = CARTESIAN_POINT('',(1.717585640382,4.835171280765,0.1));
#1847 = CARTESIAN_POINT('',(1.775,4.95,0.825));
#1848 = ADVANCED_FACE('',(#1849),#1906,.F.);
#1849 = FACE_BOUND('',#1850,.T.);
#1850 = EDGE_LOOP('',(#1851,#1852,#1860,#1868,#1876,#1884,#1892,#1900));
#1851 = ORIENTED_EDGE('',*,*,#1814,.T.);
#1852 = ORIENTED_EDGE('',*,*,#1853,.T.);
#1853 = EDGE_CURVE('',#1817,#1854,#1856,.T.);
#1854 = VERTEX_POINT('',#1855);
#1855 = CARTESIAN_POINT('',(1.835171280765,4.717585640382,0.1));
#1856 = LINE('',#1857,#1858);
#1857 = CARTESIAN_POINT('',(1.717585640382,4.835171280765,0.1));
#1858 = VECTOR('',#1859,1.);
#1859 = DIRECTION('',(0.707106781187,-0.707106781187,0.));
#1860 = ORIENTED_EDGE('',*,*,#1861,.T.);
#1861 = EDGE_CURVE('',#1854,#1862,#1864,.T.);
#1862 = VERTEX_POINT('',#1863);
#1863 = CARTESIAN_POINT('',(1.835171280765,-4.717585640382,0.1));
#1864 = LINE('',#1865,#1866);
#1865 = CARTESIAN_POINT('',(1.835171280765,4.717585640382,0.1));
#1866 = VECTOR('',#1867,1.);
#1867 = DIRECTION('',(1.110223024625E-16,-1.,0.));
#1868 = ORIENTED_EDGE('',*,*,#1869,.T.);
#1869 = EDGE_CURVE('',#1862,#1870,#1872,.T.);
#1870 = VERTEX_POINT('',#1871);
#1871 = CARTESIAN_POINT('',(1.717585640382,-4.835171280765,0.1));
#1872 = LINE('',#1873,#1874);
#1873 = CARTESIAN_POINT('',(1.835171280765,-4.717585640382,0.1));
#1874 = VECTOR('',#1875,1.);
#1875 = DIRECTION('',(-0.707106781187,-0.707106781187,0.));
#1876 = ORIENTED_EDGE('',*,*,#1877,.T.);
#1877 = EDGE_CURVE('',#1870,#1878,#1880,.T.);
#1878 = VERTEX_POINT('',#1879);
#1879 = CARTESIAN_POINT('',(-1.717585640382,-4.835171280765,0.1));
#1880 = LINE('',#1881,#1882);
#1881 = CARTESIAN_POINT('',(1.717585640382,-4.835171280765,0.1));
#1882 = VECTOR('',#1883,1.);
#1883 = DIRECTION('',(-1.,-1.110223024625E-16,0.));
#1884 = ORIENTED_EDGE('',*,*,#1885,.T.);
#1885 = EDGE_CURVE('',#1878,#1886,#1888,.T.);
#1886 = VERTEX_POINT('',#1887);
#1887 = CARTESIAN_POINT('',(-1.835171280765,-4.717585640382,0.1));
#1888 = LINE('',#1889,#1890);
#1889 = CARTESIAN_POINT('',(-1.717585640382,-4.835171280765,0.1));
#1890 = VECTOR('',#1891,1.);
#1891 = DIRECTION('',(-0.707106781187,0.707106781187,0.));
#1892 = ORIENTED_EDGE('',*,*,#1893,.T.);
#1893 = EDGE_CURVE('',#1886,#1894,#1896,.T.);
#1894 = VERTEX_POINT('',#1895);
#1895 = CARTESIAN_POINT('',(-1.835171280765,4.717585640382,0.1));
#1896 = LINE('',#1897,#1898);
#1897 = CARTESIAN_POINT('',(-1.835171280765,-4.717585640382,0.1));
#1898 = VECTOR('',#1899,1.);
#1899 = DIRECTION('',(-1.110223024625E-16,1.,0.));
#1900 = ORIENTED_EDGE('',*,*,#1901,.T.);
#1901 = EDGE_CURVE('',#1894,#1815,#1902,.T.);
#1902 = LINE('',#1903,#1904);
#1903 = CARTESIAN_POINT('',(-1.835171280765,4.717585640382,0.1));
#1904 = VECTOR('',#1905,1.);
#1905 = DIRECTION('',(0.707106781187,0.707106781187,0.));
#1906 = PLANE('',#1907);
#1907 = AXIS2_PLACEMENT_3D('',#1908,#1909,#1910);
#1908 = CARTESIAN_POINT('',(-1.717585640382,4.835171280765,0.1));
#1909 = DIRECTION('',(0.,0.,1.));
#1910 = DIRECTION('',(0.334735188201,-0.942312237945,0.));
#1911 = ADVANCED_FACE('',(#1912),#1929,.F.);
#1912 = FACE_BOUND('',#1913,.F.);
#1913 = EDGE_LOOP('',(#1914,#1915,#1922,#1928));
#1914 = ORIENTED_EDGE('',*,*,#1853,.T.);
#1915 = ORIENTED_EDGE('',*,*,#1916,.T.);
#1916 = EDGE_CURVE('',#1854,#1917,#1919,.T.);
#1917 = VERTEX_POINT('',#1918);
#1918 = CARTESIAN_POINT('',(1.95,4.775,0.825));
#1919 = B_SPLINE_CURVE_WITH_KNOTS('',1,(#1920,#1921),.UNSPECIFIED.,.F.,
  .F.,(2,2),(0.,1.),.PIECEWISE_BEZIER_KNOTS.);
#1920 = CARTESIAN_POINT('',(1.835171280765,4.717585640382,0.1));
#1921 = CARTESIAN_POINT('',(1.95,4.775,0.825));
#1922 = ORIENTED_EDGE('',*,*,#1923,.F.);
#1923 = EDGE_CURVE('',#1825,#1917,#1924,.T.);
#1924 = LINE('',#1925,#1926);
#1925 = CARTESIAN_POINT('',(1.775,4.95,0.825));
#1926 = VECTOR('',#1927,1.);
#1927 = DIRECTION('',(0.707106781187,-0.707106781187,0.));
#1928 = ORIENTED_EDGE('',*,*,#1824,.F.);
#1929 = B_SPLINE_SURFACE_WITH_KNOTS('',1,1,(
    (#1930,#1931)
    ,(#1932,#1933
    )),.UNSPECIFIED.,.F.,.F.,.F.,(2,2),(2,2),(0.,0.247487373415),(0.,1.)
  ,.PIECEWISE_BEZIER_KNOTS.);
#1930 = CARTESIAN_POINT('',(1.717585640382,4.835171280765,0.1));
#1931 = CARTESIAN_POINT('',(1.775,4.95,0.825));
#1932 = CARTESIAN_POINT('',(1.835171280765,4.717585640382,0.1));
#1933 = CARTESIAN_POINT('',(1.95,4.775,0.825));
#1934 = ADVANCED_FACE('',(#1935),#1958,.F.);
#1935 = FACE_BOUND('',#1936,.F.);
#1936 = EDGE_LOOP('',(#1937,#1938,#1945,#1953));
#1937 = ORIENTED_EDGE('',*,*,#1831,.T.);
#1938 = ORIENTED_EDGE('',*,*,#1939,.T.);
#1939 = EDGE_CURVE('',#1825,#1940,#1942,.T.);
#1940 = VERTEX_POINT('',#1941);
#1941 = CARTESIAN_POINT('',(1.775,4.95,1.025));
#1942 = B_SPLINE_CURVE_WITH_KNOTS('',1,(#1943,#1944),.UNSPECIFIED.,.F.,
  .F.,(2,2),(0.,1.),.PIECEWISE_BEZIER_KNOTS.);
#1943 = CARTESIAN_POINT('',(1.775,4.95,0.825));
#1944 = CARTESIAN_POINT('',(1.775,4.95,1.025));
#1945 = ORIENTED_EDGE('',*,*,#1946,.F.);
#1946 = EDGE_CURVE('',#1947,#1940,#1949,.T.);
#1947 = VERTEX_POINT('',#1948);
#1948 = CARTESIAN_POINT('',(-1.775,4.95,1.025));
#1949 = LINE('',#1950,#1951);
#1950 = CARTESIAN_POINT('',(-1.775,4.95,1.025));
#1951 = VECTOR('',#1952,1.);
#1952 = DIRECTION('',(1.,1.110223024625E-16,0.));
#1953 = ORIENTED_EDGE('',*,*,#1954,.F.);
#1954 = EDGE_CURVE('',#1832,#1947,#1955,.T.);
#1955 = B_SPLINE_CURVE_WITH_KNOTS('',1,(#1956,#1957),.UNSPECIFIED.,.F.,
  .F.,(2,2),(0.,1.),.PIECEWISE_BEZIER_KNOTS.);
#1956 = CARTESIAN_POINT('',(-1.775,4.95,0.825));
#1957 = CARTESIAN_POINT('',(-1.775,4.95,1.025));
#1958 = PLANE('',#1959);
#1959 = AXIS2_PLACEMENT_3D('',#1960,#1961,#1962);
#1960 = CARTESIAN_POINT('',(-1.775,4.95,1.025));
#1961 = DIRECTION('',(1.110223024625E-16,-1.,0.));
#1962 = DIRECTION('',(1.,1.110223024625E-16,0.));
#1963 = ADVANCED_FACE('',(#1964),#1981,.F.);
#1964 = FACE_BOUND('',#1965,.F.);
#1965 = EDGE_LOOP('',(#1966,#1967,#1968,#1976));
#1966 = ORIENTED_EDGE('',*,*,#1901,.T.);
#1967 = ORIENTED_EDGE('',*,*,#1839,.T.);
#1968 = ORIENTED_EDGE('',*,*,#1969,.F.);
#1969 = EDGE_CURVE('',#1970,#1832,#1972,.T.);
#1970 = VERTEX_POINT('',#1971);
#1971 = CARTESIAN_POINT('',(-1.95,4.775,0.825));
#1972 = LINE('',#1973,#1974);
#1973 = CARTESIAN_POINT('',(-1.95,4.775,0.825));
#1974 = VECTOR('',#1975,1.);
#1975 = DIRECTION('',(0.707106781187,0.707106781187,0.));
#1976 = ORIENTED_EDGE('',*,*,#1977,.F.);
#1977 = EDGE_CURVE('',#1894,#1970,#1978,.T.);
#1978 = B_SPLINE_CURVE_WITH_KNOTS('',1,(#1979,#1980),.UNSPECIFIED.,.F.,
  .F.,(2,2),(0.,1.),.PIECEWISE_BEZIER_KNOTS.);
#1979 = CARTESIAN_POINT('',(-1.835171280765,4.717585640382,0.1));
#1980 = CARTESIAN_POINT('',(-1.95,4.775,0.825));
#1981 = B_SPLINE_SURFACE_WITH_KNOTS('',1,1,(
    (#1982,#1983)
    ,(#1984,#1985
    )),.UNSPECIFIED.,.F.,.F.,.F.,(2,2),(2,2),(0.,0.247487373415),(0.,1.)
  ,.PIECEWISE_BEZIER_KNOTS.);
#1982 = CARTESIAN_POINT('',(-1.835171280765,4.717585640382,0.1));
#1983 = CARTESIAN_POINT('',(-1.95,4.775,0.825));
#1984 = CARTESIAN_POINT('',(-1.717585640382,4.835171280765,0.1));
#1985 = CARTESIAN_POINT('',(-1.775,4.95,0.825));
#1986 = ADVANCED_FACE('',(#1987),#2132,.F.);
#1987 = FACE_BOUND('',#1988,.F.);
#1988 = EDGE_LOOP('',(#1989,#1990,#1991,#1999,#2007,#2015,#2023,#2031,
    #2039,#2047,#2055,#2063,#2071,#2079,#2087,#2095,#2103,#2111,#2119,
    #2127));
#1989 = ORIENTED_EDGE('',*,*,#1893,.T.);
#1990 = ORIENTED_EDGE('',*,*,#1977,.T.);
#1991 = ORIENTED_EDGE('',*,*,#1992,.F.);
#1992 = EDGE_CURVE('',#1993,#1970,#1995,.T.);
#1993 = VERTEX_POINT('',#1994);
#1994 = CARTESIAN_POINT('',(-1.95,4.65,0.825));
#1995 = LINE('',#1996,#1997);
#1996 = CARTESIAN_POINT('',(-1.95,-4.775,0.825));
#1997 = VECTOR('',#1998,1.);
#1998 = DIRECTION('',(-1.110223024625E-16,1.,0.));
#1999 = ORIENTED_EDGE('',*,*,#2000,.F.);
#2000 = EDGE_CURVE('',#2001,#1993,#2003,.T.);
#2001 = VERTEX_POINT('',#2002);
#2002 = CARTESIAN_POINT('',(-1.95,4.24,0.825));
#2003 = LINE('',#2004,#2005);
#2004 = CARTESIAN_POINT('',(-1.95,-4.775,0.825));
#2005 = VECTOR('',#2006,1.);
#2006 = DIRECTION('',(-1.110223024625E-16,1.,0.));
#2007 = ORIENTED_EDGE('',*,*,#2008,.F.);
#2008 = EDGE_CURVE('',#2009,#2001,#2011,.T.);
#2009 = VERTEX_POINT('',#2010);
#2010 = CARTESIAN_POINT('',(-1.95,3.38,0.825));
#2011 = LINE('',#2012,#2013);
#2012 = CARTESIAN_POINT('',(-1.95,-4.775,0.825));
#2013 = VECTOR('',#2014,1.);
#2014 = DIRECTION('',(-1.110223024625E-16,1.,0.));
#2015 = ORIENTED_EDGE('',*,*,#2016,.F.);
#2016 = EDGE_CURVE('',#2017,#2009,#2019,.T.);
#2017 = VERTEX_POINT('',#2018);
#2018 = CARTESIAN_POINT('',(-1.95,2.97,0.825));
#2019 = LINE('',#2020,#2021);
#2020 = CARTESIAN_POINT('',(-1.95,-4.775,0.825));
#2021 = VECTOR('',#2022,1.);
#2022 = DIRECTION('',(-1.110223024625E-16,1.,0.));
#2023 = ORIENTED_EDGE('',*,*,#2024,.F.);
#2024 = EDGE_CURVE('',#2025,#2017,#2027,.T.);
#2025 = VERTEX_POINT('',#2026);
#2026 = CARTESIAN_POINT('',(-1.95,2.11,0.825));
#2027 = LINE('',#2028,#2029);
#2028 = CARTESIAN_POINT('',(-1.95,-4.775,0.825));
#2029 = VECTOR('',#2030,1.);
#2030 = DIRECTION('',(-1.110223024625E-16,1.,0.));
#2031 = ORIENTED_EDGE('',*,*,#2032,.F.);
#2032 = EDGE_CURVE('',#2033,#2025,#2035,.T.);
#2033 = VERTEX_POINT('',#2034);
#2034 = CARTESIAN_POINT('',(-1.95,1.7,0.825));
#2035 = LINE('',#2036,#2037);
#2036 = CARTESIAN_POINT('',(-1.95,-4.775,0.825));
#2037 = VECTOR('',#2038,1.);
#2038 = DIRECTION('',(-1.110223024625E-16,1.,0.));
#2039 = ORIENTED_EDGE('',*,*,#2040,.F.);
#2040 = EDGE_CURVE('',#2041,#2033,#2043,.T.);
#2041 = VERTEX_POINT('',#2042);
#2042 = CARTESIAN_POINT('',(-1.95,0.84,0.825));
#2043 = LINE('',#2044,#2045);
#2044 = CARTESIAN_POINT('',(-1.95,-4.775,0.825));
#2045 = VECTOR('',#2046,1.);
#2046 = DIRECTION('',(-1.110223024625E-16,1.,0.));
#2047 = ORIENTED_EDGE('',*,*,#2048,.F.);
#2048 = EDGE_CURVE('',#2049,#2041,#2051,.T.);
#2049 = VERTEX_POINT('',#2050);
#2050 = CARTESIAN_POINT('',(-1.95,0.43,0.825));
#2051 = LINE('',#2052,#2053);
#2052 = CARTESIAN_POINT('',(-1.95,-4.775,0.825));
#2053 = VECTOR('',#2054,1.);
#2054 = DIRECTION('',(-1.110223024625E-16,1.,0.));
#2055 = ORIENTED_EDGE('',*,*,#2056,.F.);
#2056 = EDGE_CURVE('',#2057,#2049,#2059,.T.);
#2057 = VERTEX_POINT('',#2058);
#2058 = CARTESIAN_POINT('',(-1.95,-0.43,0.825));
#2059 = LINE('',#2060,#2061);
#2060 = CARTESIAN_POINT('',(-1.95,-4.775,0.825));
#2061 = VECTOR('',#2062,1.);
#2062 = DIRECTION('',(-1.110223024625E-16,1.,0.));
#2063 = ORIENTED_EDGE('',*,*,#2064,.F.);
#2064 = EDGE_CURVE('',#2065,#2057,#2067,.T.);
#2065 = VERTEX_POINT('',#2066);
#2066 = CARTESIAN_POINT('',(-1.95,-0.84,0.825));
#2067 = LINE('',#2068,#2069);
#2068 = CARTESIAN_POINT('',(-1.95,-4.775,0.825));
#2069 = VECTOR('',#2070,1.);
#2070 = DIRECTION('',(-1.110223024625E-16,1.,0.));
#2071 = ORIENTED_EDGE('',*,*,#2072,.F.);
#2072 = EDGE_CURVE('',#2073,#2065,#2075,.T.);
#2073 = VERTEX_POINT('',#2074);
#2074 = CARTESIAN_POINT('',(-1.95,-1.7,0.825));
#2075 = LINE('',#2076,#2077);
#2076 = CARTESIAN_POINT('',(-1.95,-4.775,0.825));
#2077 = VECTOR('',#2078,1.);
#2078 = DIRECTION('',(-1.110223024625E-16,1.,0.));
#2079 = ORIENTED_EDGE('',*,*,#2080,.F.);
#2080 = EDGE_CURVE('',#2081,#2073,#2083,.T.);
#2081 = VERTEX_POINT('',#2082);
#2082 = CARTESIAN_POINT('',(-1.95,-2.11,0.825));
#2083 = LINE('',#2084,#2085);
#2084 = CARTESIAN_POINT('',(-1.95,-4.775,0.825));
#2085 = VECTOR('',#2086,1.);
#2086 = DIRECTION('',(-1.110223024625E-16,1.,0.));
#2087 = ORIENTED_EDGE('',*,*,#2088,.F.);
#2088 = EDGE_CURVE('',#2089,#2081,#2091,.T.);
#2089 = VERTEX_POINT('',#2090);
#2090 = CARTESIAN_POINT('',(-1.95,-2.97,0.825));
#2091 = LINE('',#2092,#2093);
#2092 = CARTESIAN_POINT('',(-1.95,-4.775,0.825));
#2093 = VECTOR('',#2094,1.);
#2094 = DIRECTION('',(-1.110223024625E-16,1.,0.));
#2095 = ORIENTED_EDGE('',*,*,#2096,.F.);
#2096 = EDGE_CURVE('',#2097,#2089,#2099,.T.);
#2097 = VERTEX_POINT('',#2098);
#2098 = CARTESIAN_POINT('',(-1.95,-3.38,0.825));
#2099 = LINE('',#2100,#2101);
#2100 = CARTESIAN_POINT('',(-1.95,-4.775,0.825));
#2101 = VECTOR('',#2102,1.);
#2102 = DIRECTION('',(-1.110223024625E-16,1.,0.));
#2103 = ORIENTED_EDGE('',*,*,#2104,.F.);
#2104 = EDGE_CURVE('',#2105,#2097,#2107,.T.);
#2105 = VERTEX_POINT('',#2106);
#2106 = CARTESIAN_POINT('',(-1.95,-4.24,0.825));
#2107 = LINE('',#2108,#2109);
#2108 = CARTESIAN_POINT('',(-1.95,-4.775,0.825));
#2109 = VECTOR('',#2110,1.);
#2110 = DIRECTION('',(-1.110223024625E-16,1.,0.));
#2111 = ORIENTED_EDGE('',*,*,#2112,.F.);
#2112 = EDGE_CURVE('',#2113,#2105,#2115,.T.);
#2113 = VERTEX_POINT('',#2114);
#2114 = CARTESIAN_POINT('',(-1.95,-4.65,0.825));
#2115 = LINE('',#2116,#2117);
#2116 = CARTESIAN_POINT('',(-1.95,-4.775,0.825));
#2117 = VECTOR('',#2118,1.);
#2118 = DIRECTION('',(-1.110223024625E-16,1.,0.));
#2119 = ORIENTED_EDGE('',*,*,#2120,.F.);
#2120 = EDGE_CURVE('',#2121,#2113,#2123,.T.);
#2121 = VERTEX_POINT('',#2122);
#2122 = CARTESIAN_POINT('',(-1.95,-4.775,0.825));
#2123 = LINE('',#2124,#2125);
#2124 = CARTESIAN_POINT('',(-1.95,-4.775,0.825));
#2125 = VECTOR('',#2126,1.);
#2126 = DIRECTION('',(-1.110223024625E-16,1.,0.));
#2127 = ORIENTED_EDGE('',*,*,#2128,.F.);
#2128 = EDGE_CURVE('',#1886,#2121,#2129,.T.);
#2129 = B_SPLINE_CURVE_WITH_KNOTS('',1,(#2130,#2131),.UNSPECIFIED.,.F.,
  .F.,(2,2),(0.,1.),.PIECEWISE_BEZIER_KNOTS.);
#2130 = CARTESIAN_POINT('',(-1.835171280765,-4.717585640382,0.1));
#2131 = CARTESIAN_POINT('',(-1.95,-4.775,0.825));
#2132 = B_SPLINE_SURFACE_WITH_KNOTS('',1,1,(
    (#2133,#2134)
    ,(#2135,#2136
    )),.UNSPECIFIED.,.F.,.F.,.F.,(2,2),(2,2),(0.,9.55),(0.,1.),
  .PIECEWISE_BEZIER_KNOTS.);
#2133 = CARTESIAN_POINT('',(-1.835171280765,-4.717585640382,0.1));
#2134 = CARTESIAN_POINT('',(-1.95,-4.775,0.825));
#2135 = CARTESIAN_POINT('',(-1.835171280765,4.717585640382,0.1));
#2136 = CARTESIAN_POINT('',(-1.95,4.775,0.825));
#2137 = ADVANCED_FACE('',(#2138),#2283,.F.);
#2138 = FACE_BOUND('',#2139,.F.);
#2139 = EDGE_LOOP('',(#2140,#2141,#2148,#2156,#2164,#2172,#2180,#2188,
    #2196,#2204,#2212,#2220,#2228,#2236,#2244,#2252,#2260,#2268,#2276,
    #2282));
#2140 = ORIENTED_EDGE('',*,*,#1861,.T.);
#2141 = ORIENTED_EDGE('',*,*,#2142,.T.);
#2142 = EDGE_CURVE('',#1862,#2143,#2145,.T.);
#2143 = VERTEX_POINT('',#2144);
#2144 = CARTESIAN_POINT('',(1.95,-4.775,0.825));
#2145 = B_SPLINE_CURVE_WITH_KNOTS('',1,(#2146,#2147),.UNSPECIFIED.,.F.,
  .F.,(2,2),(0.,1.),.PIECEWISE_BEZIER_KNOTS.);
#2146 = CARTESIAN_POINT('',(1.835171280765,-4.717585640382,0.1));
#2147 = CARTESIAN_POINT('',(1.95,-4.775,0.825));
#2148 = ORIENTED_EDGE('',*,*,#2149,.F.);
#2149 = EDGE_CURVE('',#2150,#2143,#2152,.T.);
#2150 = VERTEX_POINT('',#2151);
#2151 = CARTESIAN_POINT('',(1.95,-4.65,0.825));
#2152 = LINE('',#2153,#2154);
#2153 = CARTESIAN_POINT('',(1.95,4.775,0.825));
#2154 = VECTOR('',#2155,1.);
#2155 = DIRECTION('',(1.110223024625E-16,-1.,0.));
#2156 = ORIENTED_EDGE('',*,*,#2157,.F.);
#2157 = EDGE_CURVE('',#2158,#2150,#2160,.T.);
#2158 = VERTEX_POINT('',#2159);
#2159 = CARTESIAN_POINT('',(1.95,-4.24,0.825));
#2160 = LINE('',#2161,#2162);
#2161 = CARTESIAN_POINT('',(1.95,4.775,0.825));
#2162 = VECTOR('',#2163,1.);
#2163 = DIRECTION('',(1.110223024625E-16,-1.,0.));
#2164 = ORIENTED_EDGE('',*,*,#2165,.F.);
#2165 = EDGE_CURVE('',#2166,#2158,#2168,.T.);
#2166 = VERTEX_POINT('',#2167);
#2167 = CARTESIAN_POINT('',(1.95,-3.38,0.825));
#2168 = LINE('',#2169,#2170);
#2169 = CARTESIAN_POINT('',(1.95,4.775,0.825));
#2170 = VECTOR('',#2171,1.);
#2171 = DIRECTION('',(1.110223024625E-16,-1.,0.));
#2172 = ORIENTED_EDGE('',*,*,#2173,.F.);
#2173 = EDGE_CURVE('',#2174,#2166,#2176,.T.);
#2174 = VERTEX_POINT('',#2175);
#2175 = CARTESIAN_POINT('',(1.95,-2.97,0.825));
#2176 = LINE('',#2177,#2178);
#2177 = CARTESIAN_POINT('',(1.95,4.775,0.825));
#2178 = VECTOR('',#2179,1.);
#2179 = DIRECTION('',(1.110223024625E-16,-1.,0.));
#2180 = ORIENTED_EDGE('',*,*,#2181,.F.);
#2181 = EDGE_CURVE('',#2182,#2174,#2184,.T.);
#2182 = VERTEX_POINT('',#2183);
#2183 = CARTESIAN_POINT('',(1.95,-2.11,0.825));
#2184 = LINE('',#2185,#2186);
#2185 = CARTESIAN_POINT('',(1.95,4.775,0.825));
#2186 = VECTOR('',#2187,1.);
#2187 = DIRECTION('',(1.110223024625E-16,-1.,0.));
#2188 = ORIENTED_EDGE('',*,*,#2189,.F.);
#2189 = EDGE_CURVE('',#2190,#2182,#2192,.T.);
#2190 = VERTEX_POINT('',#2191);
#2191 = CARTESIAN_POINT('',(1.95,-1.7,0.825));
#2192 = LINE('',#2193,#2194);
#2193 = CARTESIAN_POINT('',(1.95,4.775,0.825));
#2194 = VECTOR('',#2195,1.);
#2195 = DIRECTION('',(1.110223024625E-16,-1.,0.));
#2196 = ORIENTED_EDGE('',*,*,#2197,.F.);
#2197 = EDGE_CURVE('',#2198,#2190,#2200,.T.);
#2198 = VERTEX_POINT('',#2199);
#2199 = CARTESIAN_POINT('',(1.95,-0.84,0.825));
#2200 = LINE('',#2201,#2202);
#2201 = CARTESIAN_POINT('',(1.95,4.775,0.825));
#2202 = VECTOR('',#2203,1.);
#2203 = DIRECTION('',(1.110223024625E-16,-1.,0.));
#2204 = ORIENTED_EDGE('',*,*,#2205,.F.);
#2205 = EDGE_CURVE('',#2206,#2198,#2208,.T.);
#2206 = VERTEX_POINT('',#2207);
#2207 = CARTESIAN_POINT('',(1.95,-0.43,0.825));
#2208 = LINE('',#2209,#2210);
#2209 = CARTESIAN_POINT('',(1.95,4.775,0.825));
#2210 = VECTOR('',#2211,1.);
#2211 = DIRECTION('',(1.110223024625E-16,-1.,0.));
#2212 = ORIENTED_EDGE('',*,*,#2213,.F.);
#2213 = EDGE_CURVE('',#2214,#2206,#2216,.T.);
#2214 = VERTEX_POINT('',#2215);
#2215 = CARTESIAN_POINT('',(1.95,0.43,0.825));
#2216 = LINE('',#2217,#2218);
#2217 = CARTESIAN_POINT('',(1.95,4.775,0.825));
#2218 = VECTOR('',#2219,1.);
#2219 = DIRECTION('',(1.110223024625E-16,-1.,0.));
#2220 = ORIENTED_EDGE('',*,*,#2221,.F.);
#2221 = EDGE_CURVE('',#2222,#2214,#2224,.T.);
#2222 = VERTEX_POINT('',#2223);
#2223 = CARTESIAN_POINT('',(1.95,0.84,0.825));
#2224 = LINE('',#2225,#2226);
#2225 = CARTESIAN_POINT('',(1.95,4.775,0.825));
#2226 = VECTOR('',#2227,1.);
#2227 = DIRECTION('',(1.110223024625E-16,-1.,0.));
#2228 = ORIENTED_EDGE('',*,*,#2229,.F.);
#2229 = EDGE_CURVE('',#2230,#2222,#2232,.T.);
#2230 = VERTEX_POINT('',#2231);
#2231 = CARTESIAN_POINT('',(1.95,1.7,0.825));
#2232 = LINE('',#2233,#2234);
#2233 = CARTESIAN_POINT('',(1.95,4.775,0.825));
#2234 = VECTOR('',#2235,1.);
#2235 = DIRECTION('',(1.110223024625E-16,-1.,0.));
#2236 = ORIENTED_EDGE('',*,*,#2237,.F.);
#2237 = EDGE_CURVE('',#2238,#2230,#2240,.T.);
#2238 = VERTEX_POINT('',#2239);
#2239 = CARTESIAN_POINT('',(1.95,2.11,0.825));
#2240 = LINE('',#2241,#2242);
#2241 = CARTESIAN_POINT('',(1.95,4.775,0.825));
#2242 = VECTOR('',#2243,1.);
#2243 = DIRECTION('',(1.110223024625E-16,-1.,0.));
#2244 = ORIENTED_EDGE('',*,*,#2245,.F.);
#2245 = EDGE_CURVE('',#2246,#2238,#2248,.T.);
#2246 = VERTEX_POINT('',#2247);
#2247 = CARTESIAN_POINT('',(1.95,2.97,0.825));
#2248 = LINE('',#2249,#2250);
#2249 = CARTESIAN_POINT('',(1.95,4.775,0.825));
#2250 = VECTOR('',#2251,1.);
#2251 = DIRECTION('',(1.110223024625E-16,-1.,0.));
#2252 = ORIENTED_EDGE('',*,*,#2253,.F.);
#2253 = EDGE_CURVE('',#2254,#2246,#2256,.T.);
#2254 = VERTEX_POINT('',#2255);
#2255 = CARTESIAN_POINT('',(1.95,3.38,0.825));
#2256 = LINE('',#2257,#2258);
#2257 = CARTESIAN_POINT('',(1.95,4.775,0.825));
#2258 = VECTOR('',#2259,1.);
#2259 = DIRECTION('',(1.110223024625E-16,-1.,0.));
#2260 = ORIENTED_EDGE('',*,*,#2261,.F.);
#2261 = EDGE_CURVE('',#2262,#2254,#2264,.T.);
#2262 = VERTEX_POINT('',#2263);
#2263 = CARTESIAN_POINT('',(1.95,4.24,0.825));
#2264 = LINE('',#2265,#2266);
#2265 = CARTESIAN_POINT('',(1.95,4.775,0.825));
#2266 = VECTOR('',#2267,1.);
#2267 = DIRECTION('',(1.110223024625E-16,-1.,0.));
#2268 = ORIENTED_EDGE('',*,*,#2269,.F.);
#2269 = EDGE_CURVE('',#2270,#2262,#2272,.T.);
#2270 = VERTEX_POINT('',#2271);
#2271 = CARTESIAN_POINT('',(1.95,4.65,0.825));
#2272 = LINE('',#2273,#2274);
#2273 = CARTESIAN_POINT('',(1.95,4.775,0.825));
#2274 = VECTOR('',#2275,1.);
#2275 = DIRECTION('',(1.110223024625E-16,-1.,0.));
#2276 = ORIENTED_EDGE('',*,*,#2277,.F.);
#2277 = EDGE_CURVE('',#1917,#2270,#2278,.T.);
#2278 = LINE('',#2279,#2280);
#2279 = CARTESIAN_POINT('',(1.95,4.775,0.825));
#2280 = VECTOR('',#2281,1.);
#2281 = DIRECTION('',(1.110223024625E-16,-1.,0.));
#2282 = ORIENTED_EDGE('',*,*,#1916,.F.);
#2283 = B_SPLINE_SURFACE_WITH_KNOTS('',1,1,(
    (#2284,#2285)
    ,(#2286,#2287
    )),.UNSPECIFIED.,.F.,.F.,.F.,(2,2),(2,2),(0.,9.55),(0.,1.),
  .PIECEWISE_BEZIER_KNOTS.);
#2284 = CARTESIAN_POINT('',(1.835171280765,4.717585640382,0.1));
#2285 = CARTESIAN_POINT('',(1.95,4.775,0.825));
#2286 = CARTESIAN_POINT('',(1.835171280765,-4.717585640382,0.1));
#2287 = CARTESIAN_POINT('',(1.95,-4.775,0.825));
#2288 = ADVANCED_FACE('',(#2289),#2306,.F.);
#2289 = FACE_BOUND('',#2290,.F.);
#2290 = EDGE_LOOP('',(#2291,#2292,#2293,#2301));
#2291 = ORIENTED_EDGE('',*,*,#1885,.T.);
#2292 = ORIENTED_EDGE('',*,*,#2128,.T.);
#2293 = ORIENTED_EDGE('',*,*,#2294,.F.);
#2294 = EDGE_CURVE('',#2295,#2121,#2297,.T.);
#2295 = VERTEX_POINT('',#2296);
#2296 = CARTESIAN_POINT('',(-1.775,-4.95,0.825));
#2297 = LINE('',#2298,#2299);
#2298 = CARTESIAN_POINT('',(-1.775,-4.95,0.825));
#2299 = VECTOR('',#2300,1.);
#2300 = DIRECTION('',(-0.707106781187,0.707106781187,0.));
#2301 = ORIENTED_EDGE('',*,*,#2302,.F.);
#2302 = EDGE_CURVE('',#1878,#2295,#2303,.T.);
#2303 = B_SPLINE_CURVE_WITH_KNOTS('',1,(#2304,#2305),.UNSPECIFIED.,.F.,
  .F.,(2,2),(0.,1.),.PIECEWISE_BEZIER_KNOTS.);
#2304 = CARTESIAN_POINT('',(-1.717585640382,-4.835171280765,0.1));
#2305 = CARTESIAN_POINT('',(-1.775,-4.95,0.825));
#2306 = B_SPLINE_SURFACE_WITH_KNOTS('',1,1,(
    (#2307,#2308)
    ,(#2309,#2310
    )),.UNSPECIFIED.,.F.,.F.,.F.,(2,2),(2,2),(0.,0.247487373415),(0.,1.)
  ,.PIECEWISE_BEZIER_KNOTS.);
#2307 = CARTESIAN_POINT('',(-1.717585640382,-4.835171280765,0.1));
#2308 = CARTESIAN_POINT('',(-1.775,-4.95,0.825));
#2309 = CARTESIAN_POINT('',(-1.835171280765,-4.717585640382,0.1));
#2310 = CARTESIAN_POINT('',(-1.95,-4.775,0.825));
#2311 = ADVANCED_FACE('',(#2312),#2329,.F.);
#2312 = FACE_BOUND('',#2313,.F.);
#2313 = EDGE_LOOP('',(#2314,#2315,#2322,#2328));
#2314 = ORIENTED_EDGE('',*,*,#1869,.T.);
#2315 = ORIENTED_EDGE('',*,*,#2316,.T.);
#2316 = EDGE_CURVE('',#1870,#2317,#2319,.T.);
#2317 = VERTEX_POINT('',#2318);
#2318 = CARTESIAN_POINT('',(1.775,-4.95,0.825));
#2319 = B_SPLINE_CURVE_WITH_KNOTS('',1,(#2320,#2321),.UNSPECIFIED.,.F.,
  .F.,(2,2),(0.,1.),.PIECEWISE_BEZIER_KNOTS.);
#2320 = CARTESIAN_POINT('',(1.717585640382,-4.835171280765,0.1));
#2321 = CARTESIAN_POINT('',(1.775,-4.95,0.825));
#2322 = ORIENTED_EDGE('',*,*,#2323,.F.);
#2323 = EDGE_CURVE('',#2143,#2317,#2324,.T.);
#2324 = LINE('',#2325,#2326);
#2325 = CARTESIAN_POINT('',(1.95,-4.775,0.825));
#2326 = VECTOR('',#2327,1.);
#2327 = DIRECTION('',(-0.707106781187,-0.707106781187,0.));
#2328 = ORIENTED_EDGE('',*,*,#2142,.F.);
#2329 = B_SPLINE_SURFACE_WITH_KNOTS('',1,1,(
    (#2330,#2331)
    ,(#2332,#2333
    )),.UNSPECIFIED.,.F.,.F.,.F.,(2,2),(2,2),(0.,0.247487373415),(0.,1.)
  ,.PIECEWISE_BEZIER_KNOTS.);
#2330 = CARTESIAN_POINT('',(1.835171280765,-4.717585640382,0.1));
#2331 = CARTESIAN_POINT('',(1.95,-4.775,0.825));
#2332 = CARTESIAN_POINT('',(1.717585640382,-4.835171280765,0.1));
#2333 = CARTESIAN_POINT('',(1.775,-4.95,0.825));
#2334 = ADVANCED_FACE('',(#2335),#2346,.F.);
#2335 = FACE_BOUND('',#2336,.F.);
#2336 = EDGE_LOOP('',(#2337,#2338,#2339,#2345));
#2337 = ORIENTED_EDGE('',*,*,#1877,.T.);
#2338 = ORIENTED_EDGE('',*,*,#2302,.T.);
#2339 = ORIENTED_EDGE('',*,*,#2340,.F.);
#2340 = EDGE_CURVE('',#2317,#2295,#2341,.T.);
#2341 = LINE('',#2342,#2343);
#2342 = CARTESIAN_POINT('',(1.775,-4.95,0.825));
#2343 = VECTOR('',#2344,1.);
#2344 = DIRECTION('',(-1.,-1.110223024625E-16,0.));
#2345 = ORIENTED_EDGE('',*,*,#2316,.F.);
#2346 = B_SPLINE_SURFACE_WITH_KNOTS('',1,1,(
    (#2347,#2348)
    ,(#2349,#2350
    )),.UNSPECIFIED.,.F.,.F.,.F.,(2,2),(2,2),(0.,3.55),(0.,1.),
  .PIECEWISE_BEZIER_KNOTS.);
#2347 = CARTESIAN_POINT('',(1.717585640382,-4.835171280765,0.1));
#2348 = CARTESIAN_POINT('',(1.775,-4.95,0.825));
#2349 = CARTESIAN_POINT('',(-1.717585640382,-4.835171280765,0.1));
#2350 = CARTESIAN_POINT('',(-1.775,-4.95,0.825));
#2351 = ADVANCED_FACE('',(#2352),#2369,.F.);
#2352 = FACE_BOUND('',#2353,.F.);
#2353 = EDGE_LOOP('',(#2354,#2355,#2362,#2368));
#2354 = ORIENTED_EDGE('',*,*,#1923,.T.);
#2355 = ORIENTED_EDGE('',*,*,#2356,.T.);
#2356 = EDGE_CURVE('',#1917,#2357,#2359,.T.);
#2357 = VERTEX_POINT('',#2358);
#2358 = CARTESIAN_POINT('',(1.95,4.775,1.025));
#2359 = B_SPLINE_CURVE_WITH_KNOTS('',1,(#2360,#2361),.UNSPECIFIED.,.F.,
  .F.,(2,2),(0.,1.),.PIECEWISE_BEZIER_KNOTS.);
#2360 = CARTESIAN_POINT('',(1.95,4.775,0.825));
#2361 = CARTESIAN_POINT('',(1.95,4.775,1.025));
#2362 = ORIENTED_EDGE('',*,*,#2363,.F.);
#2363 = EDGE_CURVE('',#1940,#2357,#2364,.T.);
#2364 = LINE('',#2365,#2366);
#2365 = CARTESIAN_POINT('',(1.775,4.95,1.025));
#2366 = VECTOR('',#2367,1.);
#2367 = DIRECTION('',(0.707106781187,-0.707106781187,0.));
#2368 = ORIENTED_EDGE('',*,*,#1939,.F.);
#2369 = PLANE('',#2370);
#2370 = AXIS2_PLACEMENT_3D('',#2371,#2372,#2373);
#2371 = CARTESIAN_POINT('',(1.775,4.95,1.025));
#2372 = DIRECTION('',(-0.707106781187,-0.707106781187,0.));
#2373 = DIRECTION('',(0.707106781187,-0.707106781187,0.));
#2374 = ADVANCED_FACE('',(#2375),#2457,.F.);
#2375 = FACE_BOUND('',#2376,.F.);
#2376 = EDGE_LOOP('',(#2377,#2385,#2386,#2387,#2395,#2403,#2411,#2419,
    #2427,#2435,#2443,#2451));
#2377 = ORIENTED_EDGE('',*,*,#2378,.T.);
#2378 = EDGE_CURVE('',#2379,#1947,#2381,.T.);
#2379 = VERTEX_POINT('',#2380);
#2380 = CARTESIAN_POINT('',(-1.95,4.775,1.025));
#2381 = LINE('',#2382,#2383);
#2382 = CARTESIAN_POINT('',(-1.95,4.775,1.025));
#2383 = VECTOR('',#2384,1.);
#2384 = DIRECTION('',(0.707106781187,0.707106781187,0.));
#2385 = ORIENTED_EDGE('',*,*,#1946,.T.);
#2386 = ORIENTED_EDGE('',*,*,#2363,.T.);
#2387 = ORIENTED_EDGE('',*,*,#2388,.T.);
#2388 = EDGE_CURVE('',#2357,#2389,#2391,.T.);
#2389 = VERTEX_POINT('',#2390);
#2390 = CARTESIAN_POINT('',(1.95,4.65,1.025));
#2391 = LINE('',#2392,#2393);
#2392 = CARTESIAN_POINT('',(1.95,4.775,1.025));
#2393 = VECTOR('',#2394,1.);
#2394 = DIRECTION('',(1.110223024625E-16,-1.,0.));
#2395 = ORIENTED_EDGE('',*,*,#2396,.T.);
#2396 = EDGE_CURVE('',#2389,#2397,#2399,.T.);
#2397 = VERTEX_POINT('',#2398);
#2398 = CARTESIAN_POINT('',(1.875,4.65,1.025));
#2399 = LINE('',#2400,#2401);
#2400 = CARTESIAN_POINT('',(2.2,4.65,1.025));
#2401 = VECTOR('',#2402,1.);
#2402 = DIRECTION('',(-1.,-1.110223024625E-16,0.));
#2403 = ORIENTED_EDGE('',*,*,#2404,.F.);
#2404 = EDGE_CURVE('',#2405,#2397,#2407,.T.);
#2405 = VERTEX_POINT('',#2406);
#2406 = CARTESIAN_POINT('',(1.875,4.7375,1.025));
#2407 = LINE('',#2408,#2409);
#2408 = CARTESIAN_POINT('',(1.875,4.7375,1.025));
#2409 = VECTOR('',#2410,1.);
#2410 = DIRECTION('',(1.110223024625E-16,-1.,0.));
#2411 = ORIENTED_EDGE('',*,*,#2412,.F.);
#2412 = EDGE_CURVE('',#2413,#2405,#2415,.T.);
#2413 = VERTEX_POINT('',#2414);
#2414 = CARTESIAN_POINT('',(1.7375,4.875,1.025));
#2415 = LINE('',#2416,#2417);
#2416 = CARTESIAN_POINT('',(1.7375,4.875,1.025));
#2417 = VECTOR('',#2418,1.);
#2418 = DIRECTION('',(0.707106781187,-0.707106781187,0.));
#2419 = ORIENTED_EDGE('',*,*,#2420,.F.);
#2420 = EDGE_CURVE('',#2421,#2413,#2423,.T.);
#2421 = VERTEX_POINT('',#2422);
#2422 = CARTESIAN_POINT('',(-1.7375,4.875,1.025));
#2423 = LINE('',#2424,#2425);
#2424 = CARTESIAN_POINT('',(-1.7375,4.875,1.025));
#2425 = VECTOR('',#2426,1.);
#2426 = DIRECTION('',(1.,1.110223024625E-16,0.));
#2427 = ORIENTED_EDGE('',*,*,#2428,.F.);
#2428 = EDGE_CURVE('',#2429,#2421,#2431,.T.);
#2429 = VERTEX_POINT('',#2430);
#2430 = CARTESIAN_POINT('',(-1.875,4.7375,1.025));
#2431 = LINE('',#2432,#2433);
#2432 = CARTESIAN_POINT('',(-1.875,4.7375,1.025));
#2433 = VECTOR('',#2434,1.);
#2434 = DIRECTION('',(0.707106781187,0.707106781187,0.));
#2435 = ORIENTED_EDGE('',*,*,#2436,.F.);
#2436 = EDGE_CURVE('',#2437,#2429,#2439,.T.);
#2437 = VERTEX_POINT('',#2438);
#2438 = CARTESIAN_POINT('',(-1.875,4.65,1.025));
#2439 = LINE('',#2440,#2441);
#2440 = CARTESIAN_POINT('',(-1.875,-4.7375,1.025));
#2441 = VECTOR('',#2442,1.);
#2442 = DIRECTION('',(-1.110223024625E-16,1.,0.));
#2443 = ORIENTED_EDGE('',*,*,#2444,.F.);
#2444 = EDGE_CURVE('',#2445,#2437,#2447,.T.);
#2445 = VERTEX_POINT('',#2446);
#2446 = CARTESIAN_POINT('',(-1.95,4.65,1.025));
#2447 = LINE('',#2448,#2449);
#2448 = CARTESIAN_POINT('',(-2.2,4.65,1.025));
#2449 = VECTOR('',#2450,1.);
#2450 = DIRECTION('',(1.,-1.144237745222E-17,0.));
#2451 = ORIENTED_EDGE('',*,*,#2452,.T.);
#2452 = EDGE_CURVE('',#2445,#2379,#2453,.T.);
#2453 = LINE('',#2454,#2455);
#2454 = CARTESIAN_POINT('',(-1.95,-4.775,1.025));
#2455 = VECTOR('',#2456,1.);
#2456 = DIRECTION('',(-1.110223024625E-16,1.,0.));
#2457 = PLANE('',#2458);
#2458 = AXIS2_PLACEMENT_3D('',#2459,#2460,#2461);
#2459 = CARTESIAN_POINT('',(-5.802635690585E-16,4.9125,1.025));
#2460 = DIRECTION('',(2.007919022431E-31,-9.466330862652E-27,-1.));
#2461 = DIRECTION('',(1.,1.11487299784E-16,2.00791902242E-31));
#2462 = ADVANCED_FACE('',(#2463),#2473,.F.);
#2463 = FACE_BOUND('',#2464,.F.);
#2464 = EDGE_LOOP('',(#2465,#2466,#2467,#2468));
#2465 = ORIENTED_EDGE('',*,*,#1969,.T.);
#2466 = ORIENTED_EDGE('',*,*,#1954,.T.);
#2467 = ORIENTED_EDGE('',*,*,#2378,.F.);
#2468 = ORIENTED_EDGE('',*,*,#2469,.F.);
#2469 = EDGE_CURVE('',#1970,#2379,#2470,.T.);
#2470 = B_SPLINE_CURVE_WITH_KNOTS('',1,(#2471,#2472),.UNSPECIFIED.,.F.,
  .F.,(2,2),(0.,1.),.PIECEWISE_BEZIER_KNOTS.);
#2471 = CARTESIAN_POINT('',(-1.95,4.775,0.825));
#2472 = CARTESIAN_POINT('',(-1.95,4.775,1.025));
#2473 = PLANE('',#2474);
#2474 = AXIS2_PLACEMENT_3D('',#2475,#2476,#2477);
#2475 = CARTESIAN_POINT('',(-1.95,4.775,1.025));
#2476 = DIRECTION('',(0.707106781187,-0.707106781187,0.));
#2477 = DIRECTION('',(0.707106781187,0.707106781187,0.));
#2478 = ADVANCED_FACE('',(#2479),#2503,.F.);
#2479 = FACE_BOUND('',#2480,.F.);
#2480 = EDGE_LOOP('',(#2481,#2488,#2489,#2497));
#2481 = ORIENTED_EDGE('',*,*,#2482,.F.);
#2482 = EDGE_CURVE('',#2121,#2483,#2485,.T.);
#2483 = VERTEX_POINT('',#2484);
#2484 = CARTESIAN_POINT('',(-1.95,-4.775,1.025));
#2485 = B_SPLINE_CURVE_WITH_KNOTS('',1,(#2486,#2487),.UNSPECIFIED.,.F.,
  .F.,(2,2),(0.,1.),.PIECEWISE_BEZIER_KNOTS.);
#2486 = CARTESIAN_POINT('',(-1.95,-4.775,0.825));
#2487 = CARTESIAN_POINT('',(-1.95,-4.775,1.025));
#2488 = ORIENTED_EDGE('',*,*,#2120,.T.);
#2489 = ORIENTED_EDGE('',*,*,#2490,.T.);
#2490 = EDGE_CURVE('',#2113,#2491,#2493,.T.);
#2491 = VERTEX_POINT('',#2492);
#2492 = CARTESIAN_POINT('',(-1.95,-4.65,1.025));
#2493 = LINE('',#2494,#2495);
#2494 = CARTESIAN_POINT('',(-1.95,-4.65,0.776557752994));
#2495 = VECTOR('',#2496,1.);
#2496 = DIRECTION('',(0.,0.,1.));
#2497 = ORIENTED_EDGE('',*,*,#2498,.F.);
#2498 = EDGE_CURVE('',#2483,#2491,#2499,.T.);
#2499 = LINE('',#2500,#2501);
#2500 = CARTESIAN_POINT('',(-1.95,-4.775,1.025));
#2501 = VECTOR('',#2502,1.);
#2502 = DIRECTION('',(-1.110223024625E-16,1.,0.));
#2503 = PLANE('',#2504);
#2504 = AXIS2_PLACEMENT_3D('',#2505,#2506,#2507);
#2505 = CARTESIAN_POINT('',(-1.95,-4.775,1.025));
#2506 = DIRECTION('',(1.,1.110223024625E-16,0.));
#2507 = DIRECTION('',(-1.110223024625E-16,1.,0.));
#2508 = ADVANCED_FACE('',(#2509),#2534,.F.);
#2509 = FACE_BOUND('',#2510,.F.);
#2510 = EDGE_LOOP('',(#2511,#2519,#2520,#2528));
#2511 = ORIENTED_EDGE('',*,*,#2512,.F.);
#2512 = EDGE_CURVE('',#2113,#2513,#2515,.T.);
#2513 = VERTEX_POINT('',#2514);
#2514 = CARTESIAN_POINT('',(-2.2,-4.65,0.825));
#2515 = LINE('',#2516,#2517);
#2516 = CARTESIAN_POINT('',(-1.8,-4.65,0.825));
#2517 = VECTOR('',#2518,1.);
#2518 = DIRECTION('',(-1.,1.144237745222E-17,0.));
#2519 = ORIENTED_EDGE('',*,*,#2112,.T.);
#2520 = ORIENTED_EDGE('',*,*,#2521,.T.);
#2521 = EDGE_CURVE('',#2105,#2522,#2524,.T.);
#2522 = VERTEX_POINT('',#2523);
#2523 = CARTESIAN_POINT('',(-2.2,-4.24,0.825));
#2524 = LINE('',#2525,#2526);
#2525 = CARTESIAN_POINT('',(-1.8,-4.24,0.825));
#2526 = VECTOR('',#2527,1.);
#2527 = DIRECTION('',(-1.,1.144237745222E-17,0.));
#2528 = ORIENTED_EDGE('',*,*,#2529,.F.);
#2529 = EDGE_CURVE('',#2513,#2522,#2530,.T.);
#2530 = LINE('',#2531,#2532);
#2531 = CARTESIAN_POINT('',(-2.2,-4.65,0.825));
#2532 = VECTOR('',#2533,1.);
#2533 = DIRECTION('',(1.144237745222E-17,1.,0.));
#2534 = PLANE('',#2535);
#2535 = AXIS2_PLACEMENT_3D('',#2536,#2537,#2538);
#2536 = CARTESIAN_POINT('',(-1.8,-4.65,0.825));
#2537 = DIRECTION('',(0.,0.,1.));
#2538 = DIRECTION('',(-1.,1.144237745222E-17,0.));
#2539 = ADVANCED_FACE('',(#2540),#2565,.F.);
#2540 = FACE_BOUND('',#2541,.F.);
#2541 = EDGE_LOOP('',(#2542,#2550,#2551,#2559));
#2542 = ORIENTED_EDGE('',*,*,#2543,.F.);
#2543 = EDGE_CURVE('',#2105,#2544,#2546,.T.);
#2544 = VERTEX_POINT('',#2545);
#2545 = CARTESIAN_POINT('',(-1.95,-4.24,1.025));
#2546 = LINE('',#2547,#2548);
#2547 = CARTESIAN_POINT('',(-1.95,-4.24,0.776557752994));
#2548 = VECTOR('',#2549,1.);
#2549 = DIRECTION('',(0.,0.,1.));
#2550 = ORIENTED_EDGE('',*,*,#2104,.T.);
#2551 = ORIENTED_EDGE('',*,*,#2552,.T.);
#2552 = EDGE_CURVE('',#2097,#2553,#2555,.T.);
#2553 = VERTEX_POINT('',#2554);
#2554 = CARTESIAN_POINT('',(-1.95,-3.38,1.025));
#2555 = LINE('',#2556,#2557);
#2556 = CARTESIAN_POINT('',(-1.95,-3.38,0.776557752994));
#2557 = VECTOR('',#2558,1.);
#2558 = DIRECTION('',(0.,0.,1.));
#2559 = ORIENTED_EDGE('',*,*,#2560,.F.);
#2560 = EDGE_CURVE('',#2544,#2553,#2561,.T.);
#2561 = LINE('',#2562,#2563);
#2562 = CARTESIAN_POINT('',(-1.95,-4.775,1.025));
#2563 = VECTOR('',#2564,1.);
#2564 = DIRECTION('',(-1.110223024625E-16,1.,0.));
#2565 = PLANE('',#2566);
#2566 = AXIS2_PLACEMENT_3D('',#2567,#2568,#2569);
#2567 = CARTESIAN_POINT('',(-1.95,-4.775,1.025));
#2568 = DIRECTION('',(1.,1.110223024625E-16,0.));
#2569 = DIRECTION('',(-1.110223024625E-16,1.,0.));
#2570 = ADVANCED_FACE('',(#2571),#2596,.F.);
#2571 = FACE_BOUND('',#2572,.F.);
#2572 = EDGE_LOOP('',(#2573,#2581,#2582,#2590));
#2573 = ORIENTED_EDGE('',*,*,#2574,.F.);
#2574 = EDGE_CURVE('',#2097,#2575,#2577,.T.);
#2575 = VERTEX_POINT('',#2576);
#2576 = CARTESIAN_POINT('',(-2.2,-3.38,0.825));
#2577 = LINE('',#2578,#2579);
#2578 = CARTESIAN_POINT('',(-1.8,-3.38,0.825));
#2579 = VECTOR('',#2580,1.);
#2580 = DIRECTION('',(-1.,1.144237745222E-17,0.));
#2581 = ORIENTED_EDGE('',*,*,#2096,.T.);
#2582 = ORIENTED_EDGE('',*,*,#2583,.T.);
#2583 = EDGE_CURVE('',#2089,#2584,#2586,.T.);
#2584 = VERTEX_POINT('',#2585);
#2585 = CARTESIAN_POINT('',(-2.2,-2.97,0.825));
#2586 = LINE('',#2587,#2588);
#2587 = CARTESIAN_POINT('',(-1.8,-2.97,0.825));
#2588 = VECTOR('',#2589,1.);
#2589 = DIRECTION('',(-1.,1.144237745222E-17,0.));
#2590 = ORIENTED_EDGE('',*,*,#2591,.F.);
#2591 = EDGE_CURVE('',#2575,#2584,#2592,.T.);
#2592 = LINE('',#2593,#2594);
#2593 = CARTESIAN_POINT('',(-2.2,-3.38,0.825));
#2594 = VECTOR('',#2595,1.);
#2595 = DIRECTION('',(1.144237745222E-17,1.,0.));
#2596 = PLANE('',#2597);
#2597 = AXIS2_PLACEMENT_3D('',#2598,#2599,#2600);
#2598 = CARTESIAN_POINT('',(-1.8,-3.38,0.825));
#2599 = DIRECTION('',(0.,0.,1.));
#2600 = DIRECTION('',(-1.,1.144237745222E-17,0.));
#2601 = ADVANCED_FACE('',(#2602),#2627,.F.);
#2602 = FACE_BOUND('',#2603,.F.);
#2603 = EDGE_LOOP('',(#2604,#2612,#2613,#2621));
#2604 = ORIENTED_EDGE('',*,*,#2605,.F.);
#2605 = EDGE_CURVE('',#2089,#2606,#2608,.T.);
#2606 = VERTEX_POINT('',#2607);
#2607 = CARTESIAN_POINT('',(-1.95,-2.97,1.025));
#2608 = LINE('',#2609,#2610);
#2609 = CARTESIAN_POINT('',(-1.95,-2.97,0.776557752994));
#2610 = VECTOR('',#2611,1.);
#2611 = DIRECTION('',(0.,0.,1.));
#2612 = ORIENTED_EDGE('',*,*,#2088,.T.);
#2613 = ORIENTED_EDGE('',*,*,#2614,.T.);
#2614 = EDGE_CURVE('',#2081,#2615,#2617,.T.);
#2615 = VERTEX_POINT('',#2616);
#2616 = CARTESIAN_POINT('',(-1.95,-2.11,1.025));
#2617 = LINE('',#2618,#2619);
#2618 = CARTESIAN_POINT('',(-1.95,-2.11,0.776557752994));
#2619 = VECTOR('',#2620,1.);
#2620 = DIRECTION('',(0.,0.,1.));
#2621 = ORIENTED_EDGE('',*,*,#2622,.F.);
#2622 = EDGE_CURVE('',#2606,#2615,#2623,.T.);
#2623 = LINE('',#2624,#2625);
#2624 = CARTESIAN_POINT('',(-1.95,-4.775,1.025));
#2625 = VECTOR('',#2626,1.);
#2626 = DIRECTION('',(-1.110223024625E-16,1.,0.));
#2627 = PLANE('',#2628);
#2628 = AXIS2_PLACEMENT_3D('',#2629,#2630,#2631);
#2629 = CARTESIAN_POINT('',(-1.95,-4.775,1.025));
#2630 = DIRECTION('',(1.,1.110223024625E-16,0.));
#2631 = DIRECTION('',(-1.110223024625E-16,1.,0.));
#2632 = ADVANCED_FACE('',(#2633),#2658,.F.);
#2633 = FACE_BOUND('',#2634,.F.);
#2634 = EDGE_LOOP('',(#2635,#2643,#2644,#2652));
#2635 = ORIENTED_EDGE('',*,*,#2636,.F.);
#2636 = EDGE_CURVE('',#2081,#2637,#2639,.T.);
#2637 = VERTEX_POINT('',#2638);
#2638 = CARTESIAN_POINT('',(-2.2,-2.11,0.825));
#2639 = LINE('',#2640,#2641);
#2640 = CARTESIAN_POINT('',(-1.8,-2.11,0.825));
#2641 = VECTOR('',#2642,1.);
#2642 = DIRECTION('',(-1.,1.144237745222E-17,0.));
#2643 = ORIENTED_EDGE('',*,*,#2080,.T.);
#2644 = ORIENTED_EDGE('',*,*,#2645,.T.);
#2645 = EDGE_CURVE('',#2073,#2646,#2648,.T.);
#2646 = VERTEX_POINT('',#2647);
#2647 = CARTESIAN_POINT('',(-2.2,-1.7,0.825));
#2648 = LINE('',#2649,#2650);
#2649 = CARTESIAN_POINT('',(-1.8,-1.7,0.825));
#2650 = VECTOR('',#2651,1.);
#2651 = DIRECTION('',(-1.,1.144237745222E-17,0.));
#2652 = ORIENTED_EDGE('',*,*,#2653,.F.);
#2653 = EDGE_CURVE('',#2637,#2646,#2654,.T.);
#2654 = LINE('',#2655,#2656);
#2655 = CARTESIAN_POINT('',(-2.2,-2.11,0.825));
#2656 = VECTOR('',#2657,1.);
#2657 = DIRECTION('',(1.144237745222E-17,1.,0.));
#2658 = PLANE('',#2659);
#2659 = AXIS2_PLACEMENT_3D('',#2660,#2661,#2662);
#2660 = CARTESIAN_POINT('',(-1.8,-2.11,0.825));
#2661 = DIRECTION('',(0.,0.,1.));
#2662 = DIRECTION('',(-1.,1.144237745222E-17,0.));
#2663 = ADVANCED_FACE('',(#2664),#2689,.F.);
#2664 = FACE_BOUND('',#2665,.F.);
#2665 = EDGE_LOOP('',(#2666,#2674,#2675,#2683));
#2666 = ORIENTED_EDGE('',*,*,#2667,.F.);
#2667 = EDGE_CURVE('',#2073,#2668,#2670,.T.);
#2668 = VERTEX_POINT('',#2669);
#2669 = CARTESIAN_POINT('',(-1.95,-1.7,1.025));
#2670 = LINE('',#2671,#2672);
#2671 = CARTESIAN_POINT('',(-1.95,-1.7,0.776557752994));
#2672 = VECTOR('',#2673,1.);
#2673 = DIRECTION('',(0.,0.,1.));
#2674 = ORIENTED_EDGE('',*,*,#2072,.T.);
#2675 = ORIENTED_EDGE('',*,*,#2676,.T.);
#2676 = EDGE_CURVE('',#2065,#2677,#2679,.T.);
#2677 = VERTEX_POINT('',#2678);
#2678 = CARTESIAN_POINT('',(-1.95,-0.84,1.025));
#2679 = LINE('',#2680,#2681);
#2680 = CARTESIAN_POINT('',(-1.95,-0.84,0.776557752994));
#2681 = VECTOR('',#2682,1.);
#2682 = DIRECTION('',(0.,0.,1.));
#2683 = ORIENTED_EDGE('',*,*,#2684,.F.);
#2684 = EDGE_CURVE('',#2668,#2677,#2685,.T.);
#2685 = LINE('',#2686,#2687);
#2686 = CARTESIAN_POINT('',(-1.95,-4.775,1.025));
#2687 = VECTOR('',#2688,1.);
#2688 = DIRECTION('',(-1.110223024625E-16,1.,0.));
#2689 = PLANE('',#2690);
#2690 = AXIS2_PLACEMENT_3D('',#2691,#2692,#2693);
#2691 = CARTESIAN_POINT('',(-1.95,-4.775,1.025));
#2692 = DIRECTION('',(1.,1.110223024625E-16,0.));
#2693 = DIRECTION('',(-1.110223024625E-16,1.,0.));
#2694 = ADVANCED_FACE('',(#2695),#2720,.F.);
#2695 = FACE_BOUND('',#2696,.F.);
#2696 = EDGE_LOOP('',(#2697,#2705,#2706,#2714));
#2697 = ORIENTED_EDGE('',*,*,#2698,.F.);
#2698 = EDGE_CURVE('',#2065,#2699,#2701,.T.);
#2699 = VERTEX_POINT('',#2700);
#2700 = CARTESIAN_POINT('',(-2.2,-0.84,0.825));
#2701 = LINE('',#2702,#2703);
#2702 = CARTESIAN_POINT('',(-1.8,-0.84,0.825));
#2703 = VECTOR('',#2704,1.);
#2704 = DIRECTION('',(-1.,1.144237745222E-17,0.));
#2705 = ORIENTED_EDGE('',*,*,#2064,.T.);
#2706 = ORIENTED_EDGE('',*,*,#2707,.T.);
#2707 = EDGE_CURVE('',#2057,#2708,#2710,.T.);
#2708 = VERTEX_POINT('',#2709);
#2709 = CARTESIAN_POINT('',(-2.2,-0.43,0.825));
#2710 = LINE('',#2711,#2712);
#2711 = CARTESIAN_POINT('',(-1.8,-0.43,0.825));
#2712 = VECTOR('',#2713,1.);
#2713 = DIRECTION('',(-1.,1.144237745222E-17,0.));
#2714 = ORIENTED_EDGE('',*,*,#2715,.F.);
#2715 = EDGE_CURVE('',#2699,#2708,#2716,.T.);
#2716 = LINE('',#2717,#2718);
#2717 = CARTESIAN_POINT('',(-2.2,-0.84,0.825));
#2718 = VECTOR('',#2719,1.);
#2719 = DIRECTION('',(1.144237745222E-17,1.,0.));
#2720 = PLANE('',#2721);
#2721 = AXIS2_PLACEMENT_3D('',#2722,#2723,#2724);
#2722 = CARTESIAN_POINT('',(-1.8,-0.84,0.825));
#2723 = DIRECTION('',(0.,0.,1.));
#2724 = DIRECTION('',(-1.,1.144237745222E-17,0.));
#2725 = ADVANCED_FACE('',(#2726),#2751,.F.);
#2726 = FACE_BOUND('',#2727,.F.);
#2727 = EDGE_LOOP('',(#2728,#2736,#2737,#2745));
#2728 = ORIENTED_EDGE('',*,*,#2729,.F.);
#2729 = EDGE_CURVE('',#2057,#2730,#2732,.T.);
#2730 = VERTEX_POINT('',#2731);
#2731 = CARTESIAN_POINT('',(-1.95,-0.43,1.025));
#2732 = LINE('',#2733,#2734);
#2733 = CARTESIAN_POINT('',(-1.95,-0.43,0.776557752994));
#2734 = VECTOR('',#2735,1.);
#2735 = DIRECTION('',(0.,0.,1.));
#2736 = ORIENTED_EDGE('',*,*,#2056,.T.);
#2737 = ORIENTED_EDGE('',*,*,#2738,.T.);
#2738 = EDGE_CURVE('',#2049,#2739,#2741,.T.);
#2739 = VERTEX_POINT('',#2740);
#2740 = CARTESIAN_POINT('',(-1.95,0.43,1.025));
#2741 = LINE('',#2742,#2743);
#2742 = CARTESIAN_POINT('',(-1.95,0.43,0.776557752994));
#2743 = VECTOR('',#2744,1.);
#2744 = DIRECTION('',(0.,0.,1.));
#2745 = ORIENTED_EDGE('',*,*,#2746,.F.);
#2746 = EDGE_CURVE('',#2730,#2739,#2747,.T.);
#2747 = LINE('',#2748,#2749);
#2748 = CARTESIAN_POINT('',(-1.95,-4.775,1.025));
#2749 = VECTOR('',#2750,1.);
#2750 = DIRECTION('',(-1.110223024625E-16,1.,0.));
#2751 = PLANE('',#2752);
#2752 = AXIS2_PLACEMENT_3D('',#2753,#2754,#2755);
#2753 = CARTESIAN_POINT('',(-1.95,-4.775,1.025));
#2754 = DIRECTION('',(1.,1.110223024625E-16,0.));
#2755 = DIRECTION('',(-1.110223024625E-16,1.,0.));
#2756 = ADVANCED_FACE('',(#2757),#2782,.F.);
#2757 = FACE_BOUND('',#2758,.F.);
#2758 = EDGE_LOOP('',(#2759,#2767,#2768,#2776));
#2759 = ORIENTED_EDGE('',*,*,#2760,.F.);
#2760 = EDGE_CURVE('',#2049,#2761,#2763,.T.);
#2761 = VERTEX_POINT('',#2762);
#2762 = CARTESIAN_POINT('',(-2.2,0.43,0.825));
#2763 = LINE('',#2764,#2765);
#2764 = CARTESIAN_POINT('',(-1.8,0.43,0.825));
#2765 = VECTOR('',#2766,1.);
#2766 = DIRECTION('',(-1.,1.144237745222E-17,0.));
#2767 = ORIENTED_EDGE('',*,*,#2048,.T.);
#2768 = ORIENTED_EDGE('',*,*,#2769,.T.);
#2769 = EDGE_CURVE('',#2041,#2770,#2772,.T.);
#2770 = VERTEX_POINT('',#2771);
#2771 = CARTESIAN_POINT('',(-2.2,0.84,0.825));
#2772 = LINE('',#2773,#2774);
#2773 = CARTESIAN_POINT('',(-1.8,0.84,0.825));
#2774 = VECTOR('',#2775,1.);
#2775 = DIRECTION('',(-1.,1.144237745222E-17,0.));
#2776 = ORIENTED_EDGE('',*,*,#2777,.F.);
#2777 = EDGE_CURVE('',#2761,#2770,#2778,.T.);
#2778 = LINE('',#2779,#2780);
#2779 = CARTESIAN_POINT('',(-2.2,0.43,0.825));
#2780 = VECTOR('',#2781,1.);
#2781 = DIRECTION('',(1.144237745222E-17,1.,0.));
#2782 = PLANE('',#2783);
#2783 = AXIS2_PLACEMENT_3D('',#2784,#2785,#2786);
#2784 = CARTESIAN_POINT('',(-1.8,0.43,0.825));
#2785 = DIRECTION('',(0.,0.,1.));
#2786 = DIRECTION('',(-1.,1.144237745222E-17,0.));
#2787 = ADVANCED_FACE('',(#2788),#2813,.F.);
#2788 = FACE_BOUND('',#2789,.F.);
#2789 = EDGE_LOOP('',(#2790,#2798,#2799,#2807));
#2790 = ORIENTED_EDGE('',*,*,#2791,.F.);
#2791 = EDGE_CURVE('',#2041,#2792,#2794,.T.);
#2792 = VERTEX_POINT('',#2793);
#2793 = CARTESIAN_POINT('',(-1.95,0.84,1.025));
#2794 = LINE('',#2795,#2796);
#2795 = CARTESIAN_POINT('',(-1.95,0.84,0.776557752994));
#2796 = VECTOR('',#2797,1.);
#2797 = DIRECTION('',(0.,0.,1.));
#2798 = ORIENTED_EDGE('',*,*,#2040,.T.);
#2799 = ORIENTED_EDGE('',*,*,#2800,.T.);
#2800 = EDGE_CURVE('',#2033,#2801,#2803,.T.);
#2801 = VERTEX_POINT('',#2802);
#2802 = CARTESIAN_POINT('',(-1.95,1.7,1.025));
#2803 = LINE('',#2804,#2805);
#2804 = CARTESIAN_POINT('',(-1.95,1.7,0.776557752994));
#2805 = VECTOR('',#2806,1.);
#2806 = DIRECTION('',(0.,0.,1.));
#2807 = ORIENTED_EDGE('',*,*,#2808,.F.);
#2808 = EDGE_CURVE('',#2792,#2801,#2809,.T.);
#2809 = LINE('',#2810,#2811);
#2810 = CARTESIAN_POINT('',(-1.95,-4.775,1.025));
#2811 = VECTOR('',#2812,1.);
#2812 = DIRECTION('',(-1.110223024625E-16,1.,0.));
#2813 = PLANE('',#2814);
#2814 = AXIS2_PLACEMENT_3D('',#2815,#2816,#2817);
#2815 = CARTESIAN_POINT('',(-1.95,-4.775,1.025));
#2816 = DIRECTION('',(1.,1.110223024625E-16,0.));
#2817 = DIRECTION('',(-1.110223024625E-16,1.,0.));
#2818 = ADVANCED_FACE('',(#2819),#2844,.F.);
#2819 = FACE_BOUND('',#2820,.F.);
#2820 = EDGE_LOOP('',(#2821,#2829,#2830,#2838));
#2821 = ORIENTED_EDGE('',*,*,#2822,.F.);
#2822 = EDGE_CURVE('',#2033,#2823,#2825,.T.);
#2823 = VERTEX_POINT('',#2824);
#2824 = CARTESIAN_POINT('',(-2.2,1.7,0.825));
#2825 = LINE('',#2826,#2827);
#2826 = CARTESIAN_POINT('',(-1.8,1.7,0.825));
#2827 = VECTOR('',#2828,1.);
#2828 = DIRECTION('',(-1.,1.144237745222E-17,0.));
#2829 = ORIENTED_EDGE('',*,*,#2032,.T.);
#2830 = ORIENTED_EDGE('',*,*,#2831,.T.);
#2831 = EDGE_CURVE('',#2025,#2832,#2834,.T.);
#2832 = VERTEX_POINT('',#2833);
#2833 = CARTESIAN_POINT('',(-2.2,2.11,0.825));
#2834 = LINE('',#2835,#2836);
#2835 = CARTESIAN_POINT('',(-1.8,2.11,0.825));
#2836 = VECTOR('',#2837,1.);
#2837 = DIRECTION('',(-1.,1.144237745222E-17,0.));
#2838 = ORIENTED_EDGE('',*,*,#2839,.F.);
#2839 = EDGE_CURVE('',#2823,#2832,#2840,.T.);
#2840 = LINE('',#2841,#2842);
#2841 = CARTESIAN_POINT('',(-2.2,1.7,0.825));
#2842 = VECTOR('',#2843,1.);
#2843 = DIRECTION('',(1.144237745222E-17,1.,0.));
#2844 = PLANE('',#2845);
#2845 = AXIS2_PLACEMENT_3D('',#2846,#2847,#2848);
#2846 = CARTESIAN_POINT('',(-1.8,1.7,0.825));
#2847 = DIRECTION('',(0.,0.,1.));
#2848 = DIRECTION('',(-1.,1.144237745222E-17,0.));
#2849 = ADVANCED_FACE('',(#2850),#2875,.F.);
#2850 = FACE_BOUND('',#2851,.F.);
#2851 = EDGE_LOOP('',(#2852,#2860,#2861,#2869));
#2852 = ORIENTED_EDGE('',*,*,#2853,.F.);
#2853 = EDGE_CURVE('',#2025,#2854,#2856,.T.);
#2854 = VERTEX_POINT('',#2855);
#2855 = CARTESIAN_POINT('',(-1.95,2.11,1.025));
#2856 = LINE('',#2857,#2858);
#2857 = CARTESIAN_POINT('',(-1.95,2.11,0.776557752994));
#2858 = VECTOR('',#2859,1.);
#2859 = DIRECTION('',(0.,0.,1.));
#2860 = ORIENTED_EDGE('',*,*,#2024,.T.);
#2861 = ORIENTED_EDGE('',*,*,#2862,.T.);
#2862 = EDGE_CURVE('',#2017,#2863,#2865,.T.);
#2863 = VERTEX_POINT('',#2864);
#2864 = CARTESIAN_POINT('',(-1.95,2.97,1.025));
#2865 = LINE('',#2866,#2867);
#2866 = CARTESIAN_POINT('',(-1.95,2.97,0.776557752994));
#2867 = VECTOR('',#2868,1.);
#2868 = DIRECTION('',(0.,0.,1.));
#2869 = ORIENTED_EDGE('',*,*,#2870,.F.);
#2870 = EDGE_CURVE('',#2854,#2863,#2871,.T.);
#2871 = LINE('',#2872,#2873);
#2872 = CARTESIAN_POINT('',(-1.95,-4.775,1.025));
#2873 = VECTOR('',#2874,1.);
#2874 = DIRECTION('',(-1.110223024625E-16,1.,0.));
#2875 = PLANE('',#2876);
#2876 = AXIS2_PLACEMENT_3D('',#2877,#2878,#2879);
#2877 = CARTESIAN_POINT('',(-1.95,-4.775,1.025));
#2878 = DIRECTION('',(1.,1.110223024625E-16,0.));
#2879 = DIRECTION('',(-1.110223024625E-16,1.,0.));
#2880 = ADVANCED_FACE('',(#2881),#2906,.F.);
#2881 = FACE_BOUND('',#2882,.F.);
#2882 = EDGE_LOOP('',(#2883,#2891,#2892,#2900));
#2883 = ORIENTED_EDGE('',*,*,#2884,.F.);
#2884 = EDGE_CURVE('',#2017,#2885,#2887,.T.);
#2885 = VERTEX_POINT('',#2886);
#2886 = CARTESIAN_POINT('',(-2.2,2.97,0.825));
#2887 = LINE('',#2888,#2889);
#2888 = CARTESIAN_POINT('',(-1.8,2.97,0.825));
#2889 = VECTOR('',#2890,1.);
#2890 = DIRECTION('',(-1.,1.144237745222E-17,0.));
#2891 = ORIENTED_EDGE('',*,*,#2016,.T.);
#2892 = ORIENTED_EDGE('',*,*,#2893,.T.);
#2893 = EDGE_CURVE('',#2009,#2894,#2896,.T.);
#2894 = VERTEX_POINT('',#2895);
#2895 = CARTESIAN_POINT('',(-2.2,3.38,0.825));
#2896 = LINE('',#2897,#2898);
#2897 = CARTESIAN_POINT('',(-1.8,3.38,0.825));
#2898 = VECTOR('',#2899,1.);
#2899 = DIRECTION('',(-1.,1.144237745222E-17,0.));
#2900 = ORIENTED_EDGE('',*,*,#2901,.F.);
#2901 = EDGE_CURVE('',#2885,#2894,#2902,.T.);
#2902 = LINE('',#2903,#2904);
#2903 = CARTESIAN_POINT('',(-2.2,2.97,0.825));
#2904 = VECTOR('',#2905,1.);
#2905 = DIRECTION('',(1.144237745222E-17,1.,0.));
#2906 = PLANE('',#2907);
#2907 = AXIS2_PLACEMENT_3D('',#2908,#2909,#2910);
#2908 = CARTESIAN_POINT('',(-1.8,2.97,0.825));
#2909 = DIRECTION('',(0.,0.,1.));
#2910 = DIRECTION('',(-1.,1.144237745222E-17,0.));
#2911 = ADVANCED_FACE('',(#2912),#2937,.F.);
#2912 = FACE_BOUND('',#2913,.F.);
#2913 = EDGE_LOOP('',(#2914,#2922,#2923,#2931));
#2914 = ORIENTED_EDGE('',*,*,#2915,.F.);
#2915 = EDGE_CURVE('',#2009,#2916,#2918,.T.);
#2916 = VERTEX_POINT('',#2917);
#2917 = CARTESIAN_POINT('',(-1.95,3.38,1.025));
#2918 = LINE('',#2919,#2920);
#2919 = CARTESIAN_POINT('',(-1.95,3.38,0.776557752994));
#2920 = VECTOR('',#2921,1.);
#2921 = DIRECTION('',(0.,0.,1.));
#2922 = ORIENTED_EDGE('',*,*,#2008,.T.);
#2923 = ORIENTED_EDGE('',*,*,#2924,.T.);
#2924 = EDGE_CURVE('',#2001,#2925,#2927,.T.);
#2925 = VERTEX_POINT('',#2926);
#2926 = CARTESIAN_POINT('',(-1.95,4.24,1.025));
#2927 = LINE('',#2928,#2929);
#2928 = CARTESIAN_POINT('',(-1.95,4.24,0.776557752994));
#2929 = VECTOR('',#2930,1.);
#2930 = DIRECTION('',(0.,0.,1.));
#2931 = ORIENTED_EDGE('',*,*,#2932,.F.);
#2932 = EDGE_CURVE('',#2916,#2925,#2933,.T.);
#2933 = LINE('',#2934,#2935);
#2934 = CARTESIAN_POINT('',(-1.95,-4.775,1.025));
#2935 = VECTOR('',#2936,1.);
#2936 = DIRECTION('',(-1.110223024625E-16,1.,0.));
#2937 = PLANE('',#2938);
#2938 = AXIS2_PLACEMENT_3D('',#2939,#2940,#2941);
#2939 = CARTESIAN_POINT('',(-1.95,-4.775,1.025));
#2940 = DIRECTION('',(1.,1.110223024625E-16,0.));
#2941 = DIRECTION('',(-1.110223024625E-16,1.,0.));
#2942 = ADVANCED_FACE('',(#2943),#2968,.F.);
#2943 = FACE_BOUND('',#2944,.F.);
#2944 = EDGE_LOOP('',(#2945,#2953,#2954,#2962));
#2945 = ORIENTED_EDGE('',*,*,#2946,.F.);
#2946 = EDGE_CURVE('',#2001,#2947,#2949,.T.);
#2947 = VERTEX_POINT('',#2948);
#2948 = CARTESIAN_POINT('',(-2.2,4.24,0.825));
#2949 = LINE('',#2950,#2951);
#2950 = CARTESIAN_POINT('',(-1.8,4.24,0.825));
#2951 = VECTOR('',#2952,1.);
#2952 = DIRECTION('',(-1.,1.144237745222E-17,0.));
#2953 = ORIENTED_EDGE('',*,*,#2000,.T.);
#2954 = ORIENTED_EDGE('',*,*,#2955,.T.);
#2955 = EDGE_CURVE('',#1993,#2956,#2958,.T.);
#2956 = VERTEX_POINT('',#2957);
#2957 = CARTESIAN_POINT('',(-2.2,4.65,0.825));
#2958 = LINE('',#2959,#2960);
#2959 = CARTESIAN_POINT('',(-1.8,4.65,0.825));
#2960 = VECTOR('',#2961,1.);
#2961 = DIRECTION('',(-1.,1.144237745222E-17,0.));
#2962 = ORIENTED_EDGE('',*,*,#2963,.F.);
#2963 = EDGE_CURVE('',#2947,#2956,#2964,.T.);
#2964 = LINE('',#2965,#2966);
#2965 = CARTESIAN_POINT('',(-2.2,4.24,0.825));
#2966 = VECTOR('',#2967,1.);
#2967 = DIRECTION('',(1.144237745222E-17,1.,0.));
#2968 = PLANE('',#2969);
#2969 = AXIS2_PLACEMENT_3D('',#2970,#2971,#2972);
#2970 = CARTESIAN_POINT('',(-1.8,4.24,0.825));
#2971 = DIRECTION('',(0.,0.,1.));
#2972 = DIRECTION('',(-1.,1.144237745222E-17,0.));
#2973 = ADVANCED_FACE('',(#2974),#2985,.F.);
#2974 = FACE_BOUND('',#2975,.F.);
#2975 = EDGE_LOOP('',(#2976,#2982,#2983,#2984));
#2976 = ORIENTED_EDGE('',*,*,#2977,.F.);
#2977 = EDGE_CURVE('',#1993,#2445,#2978,.T.);
#2978 = LINE('',#2979,#2980);
#2979 = CARTESIAN_POINT('',(-1.95,4.65,0.776557752994));
#2980 = VECTOR('',#2981,1.);
#2981 = DIRECTION('',(0.,0.,1.));
#2982 = ORIENTED_EDGE('',*,*,#1992,.T.);
#2983 = ORIENTED_EDGE('',*,*,#2469,.T.);
#2984 = ORIENTED_EDGE('',*,*,#2452,.F.);
#2985 = PLANE('',#2986);
#2986 = AXIS2_PLACEMENT_3D('',#2987,#2988,#2989);
#2987 = CARTESIAN_POINT('',(-1.95,-4.775,1.025));
#2988 = DIRECTION('',(1.,1.110223024625E-16,0.));
#2989 = DIRECTION('',(-1.110223024625E-16,1.,0.));
#2990 = ADVANCED_FACE('',(#2991),#3002,.F.);
#2991 = FACE_BOUND('',#2992,.F.);
#2992 = EDGE_LOOP('',(#2993,#2994,#2995,#3001));
#2993 = ORIENTED_EDGE('',*,*,#2356,.F.);
#2994 = ORIENTED_EDGE('',*,*,#2277,.T.);
#2995 = ORIENTED_EDGE('',*,*,#2996,.T.);
#2996 = EDGE_CURVE('',#2270,#2389,#2997,.T.);
#2997 = LINE('',#2998,#2999);
#2998 = CARTESIAN_POINT('',(1.95,4.65,0.776557752994));
#2999 = VECTOR('',#3000,1.);
#3000 = DIRECTION('',(0.,0.,1.));
#3001 = ORIENTED_EDGE('',*,*,#2388,.F.);
#3002 = PLANE('',#3003);
#3003 = AXIS2_PLACEMENT_3D('',#3004,#3005,#3006);
#3004 = CARTESIAN_POINT('',(1.95,4.775,1.025));
#3005 = DIRECTION('',(-1.,-1.110223024625E-16,0.));
#3006 = DIRECTION('',(1.110223024625E-16,-1.,0.));
#3007 = ADVANCED_FACE('',(#3008),#3033,.F.);
#3008 = FACE_BOUND('',#3009,.F.);
#3009 = EDGE_LOOP('',(#3010,#3018,#3019,#3027));
#3010 = ORIENTED_EDGE('',*,*,#3011,.F.);
#3011 = EDGE_CURVE('',#2270,#3012,#3014,.T.);
#3012 = VERTEX_POINT('',#3013);
#3013 = CARTESIAN_POINT('',(2.2,4.65,0.825));
#3014 = LINE('',#3015,#3016);
#3015 = CARTESIAN_POINT('',(1.8,4.65,0.825));
#3016 = VECTOR('',#3017,1.);
#3017 = DIRECTION('',(1.,1.110223024625E-16,0.));
#3018 = ORIENTED_EDGE('',*,*,#2269,.T.);
#3019 = ORIENTED_EDGE('',*,*,#3020,.T.);
#3020 = EDGE_CURVE('',#2262,#3021,#3023,.T.);
#3021 = VERTEX_POINT('',#3022);
#3022 = CARTESIAN_POINT('',(2.2,4.24,0.825));
#3023 = LINE('',#3024,#3025);
#3024 = CARTESIAN_POINT('',(1.8,4.24,0.825));
#3025 = VECTOR('',#3026,1.);
#3026 = DIRECTION('',(1.,1.110223024625E-16,0.));
#3027 = ORIENTED_EDGE('',*,*,#3028,.F.);
#3028 = EDGE_CURVE('',#3012,#3021,#3029,.T.);
#3029 = LINE('',#3030,#3031);
#3030 = CARTESIAN_POINT('',(2.2,4.65,0.825));
#3031 = VECTOR('',#3032,1.);
#3032 = DIRECTION('',(1.110223024625E-16,-1.,0.));
#3033 = PLANE('',#3034);
#3034 = AXIS2_PLACEMENT_3D('',#3035,#3036,#3037);
#3035 = CARTESIAN_POINT('',(1.8,4.65,0.825));
#3036 = DIRECTION('',(0.,0.,1.));
#3037 = DIRECTION('',(1.,1.110223024625E-16,-0.));
#3038 = ADVANCED_FACE('',(#3039),#3064,.F.);
#3039 = FACE_BOUND('',#3040,.F.);
#3040 = EDGE_LOOP('',(#3041,#3049,#3050,#3058));
#3041 = ORIENTED_EDGE('',*,*,#3042,.F.);
#3042 = EDGE_CURVE('',#2262,#3043,#3045,.T.);
#3043 = VERTEX_POINT('',#3044);
#3044 = CARTESIAN_POINT('',(1.95,4.24,1.025));
#3045 = LINE('',#3046,#3047);
#3046 = CARTESIAN_POINT('',(1.95,4.24,0.776557752994));
#3047 = VECTOR('',#3048,1.);
#3048 = DIRECTION('',(0.,0.,1.));
#3049 = ORIENTED_EDGE('',*,*,#2261,.T.);
#3050 = ORIENTED_EDGE('',*,*,#3051,.T.);
#3051 = EDGE_CURVE('',#2254,#3052,#3054,.T.);
#3052 = VERTEX_POINT('',#3053);
#3053 = CARTESIAN_POINT('',(1.95,3.38,1.025));
#3054 = LINE('',#3055,#3056);
#3055 = CARTESIAN_POINT('',(1.95,3.38,0.776557752994));
#3056 = VECTOR('',#3057,1.);
#3057 = DIRECTION('',(0.,0.,1.));
#3058 = ORIENTED_EDGE('',*,*,#3059,.F.);
#3059 = EDGE_CURVE('',#3043,#3052,#3060,.T.);
#3060 = LINE('',#3061,#3062);
#3061 = CARTESIAN_POINT('',(1.95,4.775,1.025));
#3062 = VECTOR('',#3063,1.);
#3063 = DIRECTION('',(1.110223024625E-16,-1.,0.));
#3064 = PLANE('',#3065);
#3065 = AXIS2_PLACEMENT_3D('',#3066,#3067,#3068);
#3066 = CARTESIAN_POINT('',(1.95,4.775,1.025));
#3067 = DIRECTION('',(-1.,-1.110223024625E-16,0.));
#3068 = DIRECTION('',(1.110223024625E-16,-1.,0.));
#3069 = ADVANCED_FACE('',(#3070),#3095,.F.);
#3070 = FACE_BOUND('',#3071,.F.);
#3071 = EDGE_LOOP('',(#3072,#3080,#3081,#3089));
#3072 = ORIENTED_EDGE('',*,*,#3073,.F.);
#3073 = EDGE_CURVE('',#2254,#3074,#3076,.T.);
#3074 = VERTEX_POINT('',#3075);
#3075 = CARTESIAN_POINT('',(2.2,3.38,0.825));
#3076 = LINE('',#3077,#3078);
#3077 = CARTESIAN_POINT('',(1.8,3.38,0.825));
#3078 = VECTOR('',#3079,1.);
#3079 = DIRECTION('',(1.,1.110223024625E-16,0.));
#3080 = ORIENTED_EDGE('',*,*,#2253,.T.);
#3081 = ORIENTED_EDGE('',*,*,#3082,.T.);
#3082 = EDGE_CURVE('',#2246,#3083,#3085,.T.);
#3083 = VERTEX_POINT('',#3084);
#3084 = CARTESIAN_POINT('',(2.2,2.97,0.825));
#3085 = LINE('',#3086,#3087);
#3086 = CARTESIAN_POINT('',(1.8,2.97,0.825));
#3087 = VECTOR('',#3088,1.);
#3088 = DIRECTION('',(1.,1.110223024625E-16,0.));
#3089 = ORIENTED_EDGE('',*,*,#3090,.F.);
#3090 = EDGE_CURVE('',#3074,#3083,#3091,.T.);
#3091 = LINE('',#3092,#3093);
#3092 = CARTESIAN_POINT('',(2.2,3.38,0.825));
#3093 = VECTOR('',#3094,1.);
#3094 = DIRECTION('',(1.110223024625E-16,-1.,0.));
#3095 = PLANE('',#3096);
#3096 = AXIS2_PLACEMENT_3D('',#3097,#3098,#3099);
#3097 = CARTESIAN_POINT('',(1.8,3.38,0.825));
#3098 = DIRECTION('',(0.,0.,1.));
#3099 = DIRECTION('',(1.,1.110223024625E-16,-0.));
#3100 = ADVANCED_FACE('',(#3101),#3126,.F.);
#3101 = FACE_BOUND('',#3102,.F.);
#3102 = EDGE_LOOP('',(#3103,#3111,#3112,#3120));
#3103 = ORIENTED_EDGE('',*,*,#3104,.F.);
#3104 = EDGE_CURVE('',#2246,#3105,#3107,.T.);
#3105 = VERTEX_POINT('',#3106);
#3106 = CARTESIAN_POINT('',(1.95,2.97,1.025));
#3107 = LINE('',#3108,#3109);
#3108 = CARTESIAN_POINT('',(1.95,2.97,0.776557752994));
#3109 = VECTOR('',#3110,1.);
#3110 = DIRECTION('',(0.,0.,1.));
#3111 = ORIENTED_EDGE('',*,*,#2245,.T.);
#3112 = ORIENTED_EDGE('',*,*,#3113,.T.);
#3113 = EDGE_CURVE('',#2238,#3114,#3116,.T.);
#3114 = VERTEX_POINT('',#3115);
#3115 = CARTESIAN_POINT('',(1.95,2.11,1.025));
#3116 = LINE('',#3117,#3118);
#3117 = CARTESIAN_POINT('',(1.95,2.11,0.776557752994));
#3118 = VECTOR('',#3119,1.);
#3119 = DIRECTION('',(0.,0.,1.));
#3120 = ORIENTED_EDGE('',*,*,#3121,.F.);
#3121 = EDGE_CURVE('',#3105,#3114,#3122,.T.);
#3122 = LINE('',#3123,#3124);
#3123 = CARTESIAN_POINT('',(1.95,4.775,1.025));
#3124 = VECTOR('',#3125,1.);
#3125 = DIRECTION('',(1.110223024625E-16,-1.,0.));
#3126 = PLANE('',#3127);
#3127 = AXIS2_PLACEMENT_3D('',#3128,#3129,#3130);
#3128 = CARTESIAN_POINT('',(1.95,4.775,1.025));
#3129 = DIRECTION('',(-1.,-1.110223024625E-16,0.));
#3130 = DIRECTION('',(1.110223024625E-16,-1.,0.));
#3131 = ADVANCED_FACE('',(#3132),#3157,.F.);
#3132 = FACE_BOUND('',#3133,.F.);
#3133 = EDGE_LOOP('',(#3134,#3142,#3143,#3151));
#3134 = ORIENTED_EDGE('',*,*,#3135,.F.);
#3135 = EDGE_CURVE('',#2238,#3136,#3138,.T.);
#3136 = VERTEX_POINT('',#3137);
#3137 = CARTESIAN_POINT('',(2.2,2.11,0.825));
#3138 = LINE('',#3139,#3140);
#3139 = CARTESIAN_POINT('',(1.8,2.11,0.825));
#3140 = VECTOR('',#3141,1.);
#3141 = DIRECTION('',(1.,1.110223024625E-16,0.));
#3142 = ORIENTED_EDGE('',*,*,#2237,.T.);
#3143 = ORIENTED_EDGE('',*,*,#3144,.T.);
#3144 = EDGE_CURVE('',#2230,#3145,#3147,.T.);
#3145 = VERTEX_POINT('',#3146);
#3146 = CARTESIAN_POINT('',(2.2,1.7,0.825));
#3147 = LINE('',#3148,#3149);
#3148 = CARTESIAN_POINT('',(1.8,1.7,0.825));
#3149 = VECTOR('',#3150,1.);
#3150 = DIRECTION('',(1.,1.110223024625E-16,0.));
#3151 = ORIENTED_EDGE('',*,*,#3152,.F.);
#3152 = EDGE_CURVE('',#3136,#3145,#3153,.T.);
#3153 = LINE('',#3154,#3155);
#3154 = CARTESIAN_POINT('',(2.2,2.11,0.825));
#3155 = VECTOR('',#3156,1.);
#3156 = DIRECTION('',(1.110223024625E-16,-1.,0.));
#3157 = PLANE('',#3158);
#3158 = AXIS2_PLACEMENT_3D('',#3159,#3160,#3161);
#3159 = CARTESIAN_POINT('',(1.8,2.11,0.825));
#3160 = DIRECTION('',(0.,0.,1.));
#3161 = DIRECTION('',(1.,1.110223024625E-16,-0.));
#3162 = ADVANCED_FACE('',(#3163),#3188,.F.);
#3163 = FACE_BOUND('',#3164,.F.);
#3164 = EDGE_LOOP('',(#3165,#3173,#3174,#3182));
#3165 = ORIENTED_EDGE('',*,*,#3166,.F.);
#3166 = EDGE_CURVE('',#2230,#3167,#3169,.T.);
#3167 = VERTEX_POINT('',#3168);
#3168 = CARTESIAN_POINT('',(1.95,1.7,1.025));
#3169 = LINE('',#3170,#3171);
#3170 = CARTESIAN_POINT('',(1.95,1.7,0.776557752994));
#3171 = VECTOR('',#3172,1.);
#3172 = DIRECTION('',(0.,0.,1.));
#3173 = ORIENTED_EDGE('',*,*,#2229,.T.);
#3174 = ORIENTED_EDGE('',*,*,#3175,.T.);
#3175 = EDGE_CURVE('',#2222,#3176,#3178,.T.);
#3176 = VERTEX_POINT('',#3177);
#3177 = CARTESIAN_POINT('',(1.95,0.84,1.025));
#3178 = LINE('',#3179,#3180);
#3179 = CARTESIAN_POINT('',(1.95,0.84,0.776557752994));
#3180 = VECTOR('',#3181,1.);
#3181 = DIRECTION('',(0.,0.,1.));
#3182 = ORIENTED_EDGE('',*,*,#3183,.F.);
#3183 = EDGE_CURVE('',#3167,#3176,#3184,.T.);
#3184 = LINE('',#3185,#3186);
#3185 = CARTESIAN_POINT('',(1.95,4.775,1.025));
#3186 = VECTOR('',#3187,1.);
#3187 = DIRECTION('',(1.110223024625E-16,-1.,0.));
#3188 = PLANE('',#3189);
#3189 = AXIS2_PLACEMENT_3D('',#3190,#3191,#3192);
#3190 = CARTESIAN_POINT('',(1.95,4.775,1.025));
#3191 = DIRECTION('',(-1.,-1.110223024625E-16,0.));
#3192 = DIRECTION('',(1.110223024625E-16,-1.,0.));
#3193 = ADVANCED_FACE('',(#3194),#3219,.F.);
#3194 = FACE_BOUND('',#3195,.F.);
#3195 = EDGE_LOOP('',(#3196,#3204,#3205,#3213));
#3196 = ORIENTED_EDGE('',*,*,#3197,.F.);
#3197 = EDGE_CURVE('',#2222,#3198,#3200,.T.);
#3198 = VERTEX_POINT('',#3199);
#3199 = CARTESIAN_POINT('',(2.2,0.84,0.825));
#3200 = LINE('',#3201,#3202);
#3201 = CARTESIAN_POINT('',(1.8,0.84,0.825));
#3202 = VECTOR('',#3203,1.);
#3203 = DIRECTION('',(1.,1.110223024625E-16,0.));
#3204 = ORIENTED_EDGE('',*,*,#2221,.T.);
#3205 = ORIENTED_EDGE('',*,*,#3206,.T.);
#3206 = EDGE_CURVE('',#2214,#3207,#3209,.T.);
#3207 = VERTEX_POINT('',#3208);
#3208 = CARTESIAN_POINT('',(2.2,0.43,0.825));
#3209 = LINE('',#3210,#3211);
#3210 = CARTESIAN_POINT('',(1.8,0.43,0.825));
#3211 = VECTOR('',#3212,1.);
#3212 = DIRECTION('',(1.,1.110223024625E-16,0.));
#3213 = ORIENTED_EDGE('',*,*,#3214,.F.);
#3214 = EDGE_CURVE('',#3198,#3207,#3215,.T.);
#3215 = LINE('',#3216,#3217);
#3216 = CARTESIAN_POINT('',(2.2,0.84,0.825));
#3217 = VECTOR('',#3218,1.);
#3218 = DIRECTION('',(1.110223024625E-16,-1.,0.));
#3219 = PLANE('',#3220);
#3220 = AXIS2_PLACEMENT_3D('',#3221,#3222,#3223);
#3221 = CARTESIAN_POINT('',(1.8,0.84,0.825));
#3222 = DIRECTION('',(0.,0.,1.));
#3223 = DIRECTION('',(1.,1.110223024625E-16,-0.));
#3224 = ADVANCED_FACE('',(#3225),#3250,.F.);
#3225 = FACE_BOUND('',#3226,.F.);
#3226 = EDGE_LOOP('',(#3227,#3235,#3236,#3244));
#3227 = ORIENTED_EDGE('',*,*,#3228,.F.);
#3228 = EDGE_CURVE('',#2214,#3229,#3231,.T.);
#3229 = VERTEX_POINT('',#3230);
#3230 = CARTESIAN_POINT('',(1.95,0.43,1.025));
#3231 = LINE('',#3232,#3233);
#3232 = CARTESIAN_POINT('',(1.95,0.43,0.776557752994));
#3233 = VECTOR('',#3234,1.);
#3234 = DIRECTION('',(0.,0.,1.));
#3235 = ORIENTED_EDGE('',*,*,#2213,.T.);
#3236 = ORIENTED_EDGE('',*,*,#3237,.T.);
#3237 = EDGE_CURVE('',#2206,#3238,#3240,.T.);
#3238 = VERTEX_POINT('',#3239);
#3239 = CARTESIAN_POINT('',(1.95,-0.43,1.025));
#3240 = LINE('',#3241,#3242);
#3241 = CARTESIAN_POINT('',(1.95,-0.43,0.776557752994));
#3242 = VECTOR('',#3243,1.);
#3243 = DIRECTION('',(0.,0.,1.));
#3244 = ORIENTED_EDGE('',*,*,#3245,.F.);
#3245 = EDGE_CURVE('',#3229,#3238,#3246,.T.);
#3246 = LINE('',#3247,#3248);
#3247 = CARTESIAN_POINT('',(1.95,4.775,1.025));
#3248 = VECTOR('',#3249,1.);
#3249 = DIRECTION('',(1.110223024625E-16,-1.,0.));
#3250 = PLANE('',#3251);
#3251 = AXIS2_PLACEMENT_3D('',#3252,#3253,#3254);
#3252 = CARTESIAN_POINT('',(1.95,4.775,1.025));
#3253 = DIRECTION('',(-1.,-1.110223024625E-16,0.));
#3254 = DIRECTION('',(1.110223024625E-16,-1.,0.));
#3255 = ADVANCED_FACE('',(#3256),#3281,.F.);
#3256 = FACE_BOUND('',#3257,.F.);
#3257 = EDGE_LOOP('',(#3258,#3266,#3267,#3275));
#3258 = ORIENTED_EDGE('',*,*,#3259,.F.);
#3259 = EDGE_CURVE('',#2206,#3260,#3262,.T.);
#3260 = VERTEX_POINT('',#3261);
#3261 = CARTESIAN_POINT('',(2.2,-0.43,0.825));
#3262 = LINE('',#3263,#3264);
#3263 = CARTESIAN_POINT('',(1.8,-0.43,0.825));
#3264 = VECTOR('',#3265,1.);
#3265 = DIRECTION('',(1.,1.110223024625E-16,0.));
#3266 = ORIENTED_EDGE('',*,*,#2205,.T.);
#3267 = ORIENTED_EDGE('',*,*,#3268,.T.);
#3268 = EDGE_CURVE('',#2198,#3269,#3271,.T.);
#3269 = VERTEX_POINT('',#3270);
#3270 = CARTESIAN_POINT('',(2.2,-0.84,0.825));
#3271 = LINE('',#3272,#3273);
#3272 = CARTESIAN_POINT('',(1.8,-0.84,0.825));
#3273 = VECTOR('',#3274,1.);
#3274 = DIRECTION('',(1.,1.110223024625E-16,0.));
#3275 = ORIENTED_EDGE('',*,*,#3276,.F.);
#3276 = EDGE_CURVE('',#3260,#3269,#3277,.T.);
#3277 = LINE('',#3278,#3279);
#3278 = CARTESIAN_POINT('',(2.2,-0.43,0.825));
#3279 = VECTOR('',#3280,1.);
#3280 = DIRECTION('',(1.110223024625E-16,-1.,0.));
#3281 = PLANE('',#3282);
#3282 = AXIS2_PLACEMENT_3D('',#3283,#3284,#3285);
#3283 = CARTESIAN_POINT('',(1.8,-0.43,0.825));
#3284 = DIRECTION('',(0.,0.,1.));
#3285 = DIRECTION('',(1.,1.110223024625E-16,-0.));
#3286 = ADVANCED_FACE('',(#3287),#3312,.F.);
#3287 = FACE_BOUND('',#3288,.F.);
#3288 = EDGE_LOOP('',(#3289,#3297,#3298,#3306));
#3289 = ORIENTED_EDGE('',*,*,#3290,.F.);
#3290 = EDGE_CURVE('',#2198,#3291,#3293,.T.);
#3291 = VERTEX_POINT('',#3292);
#3292 = CARTESIAN_POINT('',(1.95,-0.84,1.025));
#3293 = LINE('',#3294,#3295);
#3294 = CARTESIAN_POINT('',(1.95,-0.84,0.776557752994));
#3295 = VECTOR('',#3296,1.);
#3296 = DIRECTION('',(0.,0.,1.));
#3297 = ORIENTED_EDGE('',*,*,#2197,.T.);
#3298 = ORIENTED_EDGE('',*,*,#3299,.T.);
#3299 = EDGE_CURVE('',#2190,#3300,#3302,.T.);
#3300 = VERTEX_POINT('',#3301);
#3301 = CARTESIAN_POINT('',(1.95,-1.7,1.025));
#3302 = LINE('',#3303,#3304);
#3303 = CARTESIAN_POINT('',(1.95,-1.7,0.776557752994));
#3304 = VECTOR('',#3305,1.);
#3305 = DIRECTION('',(0.,0.,1.));
#3306 = ORIENTED_EDGE('',*,*,#3307,.F.);
#3307 = EDGE_CURVE('',#3291,#3300,#3308,.T.);
#3308 = LINE('',#3309,#3310);
#3309 = CARTESIAN_POINT('',(1.95,4.775,1.025));
#3310 = VECTOR('',#3311,1.);
#3311 = DIRECTION('',(1.110223024625E-16,-1.,0.));
#3312 = PLANE('',#3313);
#3313 = AXIS2_PLACEMENT_3D('',#3314,#3315,#3316);
#3314 = CARTESIAN_POINT('',(1.95,4.775,1.025));
#3315 = DIRECTION('',(-1.,-1.110223024625E-16,0.));
#3316 = DIRECTION('',(1.110223024625E-16,-1.,0.));
#3317 = ADVANCED_FACE('',(#3318),#3343,.F.);
#3318 = FACE_BOUND('',#3319,.F.);
#3319 = EDGE_LOOP('',(#3320,#3328,#3329,#3337));
#3320 = ORIENTED_EDGE('',*,*,#3321,.F.);
#3321 = EDGE_CURVE('',#2190,#3322,#3324,.T.);
#3322 = VERTEX_POINT('',#3323);
#3323 = CARTESIAN_POINT('',(2.2,-1.7,0.825));
#3324 = LINE('',#3325,#3326);
#3325 = CARTESIAN_POINT('',(1.8,-1.7,0.825));
#3326 = VECTOR('',#3327,1.);
#3327 = DIRECTION('',(1.,1.110223024625E-16,0.));
#3328 = ORIENTED_EDGE('',*,*,#2189,.T.);
#3329 = ORIENTED_EDGE('',*,*,#3330,.T.);
#3330 = EDGE_CURVE('',#2182,#3331,#3333,.T.);
#3331 = VERTEX_POINT('',#3332);
#3332 = CARTESIAN_POINT('',(2.2,-2.11,0.825));
#3333 = LINE('',#3334,#3335);
#3334 = CARTESIAN_POINT('',(1.8,-2.11,0.825));
#3335 = VECTOR('',#3336,1.);
#3336 = DIRECTION('',(1.,1.110223024625E-16,0.));
#3337 = ORIENTED_EDGE('',*,*,#3338,.F.);
#3338 = EDGE_CURVE('',#3322,#3331,#3339,.T.);
#3339 = LINE('',#3340,#3341);
#3340 = CARTESIAN_POINT('',(2.2,-1.7,0.825));
#3341 = VECTOR('',#3342,1.);
#3342 = DIRECTION('',(1.110223024625E-16,-1.,0.));
#3343 = PLANE('',#3344);
#3344 = AXIS2_PLACEMENT_3D('',#3345,#3346,#3347);
#3345 = CARTESIAN_POINT('',(1.8,-1.7,0.825));
#3346 = DIRECTION('',(0.,0.,1.));
#3347 = DIRECTION('',(1.,1.110223024625E-16,-0.));
#3348 = ADVANCED_FACE('',(#3349),#3374,.F.);
#3349 = FACE_BOUND('',#3350,.F.);
#3350 = EDGE_LOOP('',(#3351,#3359,#3360,#3368));
#3351 = ORIENTED_EDGE('',*,*,#3352,.F.);
#3352 = EDGE_CURVE('',#2182,#3353,#3355,.T.);
#3353 = VERTEX_POINT('',#3354);
#3354 = CARTESIAN_POINT('',(1.95,-2.11,1.025));
#3355 = LINE('',#3356,#3357);
#3356 = CARTESIAN_POINT('',(1.95,-2.11,0.776557752994));
#3357 = VECTOR('',#3358,1.);
#3358 = DIRECTION('',(0.,0.,1.));
#3359 = ORIENTED_EDGE('',*,*,#2181,.T.);
#3360 = ORIENTED_EDGE('',*,*,#3361,.T.);
#3361 = EDGE_CURVE('',#2174,#3362,#3364,.T.);
#3362 = VERTEX_POINT('',#3363);
#3363 = CARTESIAN_POINT('',(1.95,-2.97,1.025));
#3364 = LINE('',#3365,#3366);
#3365 = CARTESIAN_POINT('',(1.95,-2.97,0.776557752994));
#3366 = VECTOR('',#3367,1.);
#3367 = DIRECTION('',(0.,0.,1.));
#3368 = ORIENTED_EDGE('',*,*,#3369,.F.);
#3369 = EDGE_CURVE('',#3353,#3362,#3370,.T.);
#3370 = LINE('',#3371,#3372);
#3371 = CARTESIAN_POINT('',(1.95,4.775,1.025));
#3372 = VECTOR('',#3373,1.);
#3373 = DIRECTION('',(1.110223024625E-16,-1.,0.));
#3374 = PLANE('',#3375);
#3375 = AXIS2_PLACEMENT_3D('',#3376,#3377,#3378);
#3376 = CARTESIAN_POINT('',(1.95,4.775,1.025));
#3377 = DIRECTION('',(-1.,-1.110223024625E-16,0.));
#3378 = DIRECTION('',(1.110223024625E-16,-1.,0.));
#3379 = ADVANCED_FACE('',(#3380),#3405,.F.);
#3380 = FACE_BOUND('',#3381,.F.);
#3381 = EDGE_LOOP('',(#3382,#3390,#3391,#3399));
#3382 = ORIENTED_EDGE('',*,*,#3383,.F.);
#3383 = EDGE_CURVE('',#2174,#3384,#3386,.T.);
#3384 = VERTEX_POINT('',#3385);
#3385 = CARTESIAN_POINT('',(2.2,-2.97,0.825));
#3386 = LINE('',#3387,#3388);
#3387 = CARTESIAN_POINT('',(1.8,-2.97,0.825));
#3388 = VECTOR('',#3389,1.);
#3389 = DIRECTION('',(1.,1.110223024625E-16,0.));
#3390 = ORIENTED_EDGE('',*,*,#2173,.T.);
#3391 = ORIENTED_EDGE('',*,*,#3392,.T.);
#3392 = EDGE_CURVE('',#2166,#3393,#3395,.T.);
#3393 = VERTEX_POINT('',#3394);
#3394 = CARTESIAN_POINT('',(2.2,-3.38,0.825));
#3395 = LINE('',#3396,#3397);
#3396 = CARTESIAN_POINT('',(1.8,-3.38,0.825));
#3397 = VECTOR('',#3398,1.);
#3398 = DIRECTION('',(1.,1.110223024625E-16,0.));
#3399 = ORIENTED_EDGE('',*,*,#3400,.F.);
#3400 = EDGE_CURVE('',#3384,#3393,#3401,.T.);
#3401 = LINE('',#3402,#3403);
#3402 = CARTESIAN_POINT('',(2.2,-2.97,0.825));
#3403 = VECTOR('',#3404,1.);
#3404 = DIRECTION('',(1.110223024625E-16,-1.,0.));
#3405 = PLANE('',#3406);
#3406 = AXIS2_PLACEMENT_3D('',#3407,#3408,#3409);
#3407 = CARTESIAN_POINT('',(1.8,-2.97,0.825));
#3408 = DIRECTION('',(0.,0.,1.));
#3409 = DIRECTION('',(1.,1.110223024625E-16,-0.));
#3410 = ADVANCED_FACE('',(#3411),#3436,.F.);
#3411 = FACE_BOUND('',#3412,.F.);
#3412 = EDGE_LOOP('',(#3413,#3421,#3422,#3430));
#3413 = ORIENTED_EDGE('',*,*,#3414,.F.);
#3414 = EDGE_CURVE('',#2166,#3415,#3417,.T.);
#3415 = VERTEX_POINT('',#3416);
#3416 = CARTESIAN_POINT('',(1.95,-3.38,1.025));
#3417 = LINE('',#3418,#3419);
#3418 = CARTESIAN_POINT('',(1.95,-3.38,0.776557752994));
#3419 = VECTOR('',#3420,1.);
#3420 = DIRECTION('',(0.,0.,1.));
#3421 = ORIENTED_EDGE('',*,*,#2165,.T.);
#3422 = ORIENTED_EDGE('',*,*,#3423,.T.);
#3423 = EDGE_CURVE('',#2158,#3424,#3426,.T.);
#3424 = VERTEX_POINT('',#3425);
#3425 = CARTESIAN_POINT('',(1.95,-4.24,1.025));
#3426 = LINE('',#3427,#3428);
#3427 = CARTESIAN_POINT('',(1.95,-4.24,0.776557752994));
#3428 = VECTOR('',#3429,1.);
#3429 = DIRECTION('',(0.,0.,1.));
#3430 = ORIENTED_EDGE('',*,*,#3431,.F.);
#3431 = EDGE_CURVE('',#3415,#3424,#3432,.T.);
#3432 = LINE('',#3433,#3434);
#3433 = CARTESIAN_POINT('',(1.95,4.775,1.025));
#3434 = VECTOR('',#3435,1.);
#3435 = DIRECTION('',(1.110223024625E-16,-1.,0.));
#3436 = PLANE('',#3437);
#3437 = AXIS2_PLACEMENT_3D('',#3438,#3439,#3440);
#3438 = CARTESIAN_POINT('',(1.95,4.775,1.025));
#3439 = DIRECTION('',(-1.,-1.110223024625E-16,0.));
#3440 = DIRECTION('',(1.110223024625E-16,-1.,0.));
#3441 = ADVANCED_FACE('',(#3442),#3467,.F.);
#3442 = FACE_BOUND('',#3443,.F.);
#3443 = EDGE_LOOP('',(#3444,#3452,#3453,#3461));
#3444 = ORIENTED_EDGE('',*,*,#3445,.F.);
#3445 = EDGE_CURVE('',#2158,#3446,#3448,.T.);
#3446 = VERTEX_POINT('',#3447);
#3447 = CARTESIAN_POINT('',(2.2,-4.24,0.825));
#3448 = LINE('',#3449,#3450);
#3449 = CARTESIAN_POINT('',(1.8,-4.24,0.825));
#3450 = VECTOR('',#3451,1.);
#3451 = DIRECTION('',(1.,1.110223024625E-16,0.));
#3452 = ORIENTED_EDGE('',*,*,#2157,.T.);
#3453 = ORIENTED_EDGE('',*,*,#3454,.T.);
#3454 = EDGE_CURVE('',#2150,#3455,#3457,.T.);
#3455 = VERTEX_POINT('',#3456);
#3456 = CARTESIAN_POINT('',(2.2,-4.65,0.825));
#3457 = LINE('',#3458,#3459);
#3458 = CARTESIAN_POINT('',(1.8,-4.65,0.825));
#3459 = VECTOR('',#3460,1.);
#3460 = DIRECTION('',(1.,1.110223024625E-16,0.));
#3461 = ORIENTED_EDGE('',*,*,#3462,.F.);
#3462 = EDGE_CURVE('',#3446,#3455,#3463,.T.);
#3463 = LINE('',#3464,#3465);
#3464 = CARTESIAN_POINT('',(2.2,-4.24,0.825));
#3465 = VECTOR('',#3466,1.);
#3466 = DIRECTION('',(1.110223024625E-16,-1.,0.));
#3467 = PLANE('',#3468);
#3468 = AXIS2_PLACEMENT_3D('',#3469,#3470,#3471);
#3469 = CARTESIAN_POINT('',(1.8,-4.24,0.825));
#3470 = DIRECTION('',(0.,0.,1.));
#3471 = DIRECTION('',(1.,1.110223024625E-16,-0.));
#3472 = ADVANCED_FACE('',(#3473),#3497,.F.);
#3473 = FACE_BOUND('',#3474,.F.);
#3474 = EDGE_LOOP('',(#3475,#3483,#3484,#3491));
#3475 = ORIENTED_EDGE('',*,*,#3476,.F.);
#3476 = EDGE_CURVE('',#2150,#3477,#3479,.T.);
#3477 = VERTEX_POINT('',#3478);
#3478 = CARTESIAN_POINT('',(1.95,-4.65,1.025));
#3479 = LINE('',#3480,#3481);
#3480 = CARTESIAN_POINT('',(1.95,-4.65,0.776557752994));
#3481 = VECTOR('',#3482,1.);
#3482 = DIRECTION('',(0.,0.,1.));
#3483 = ORIENTED_EDGE('',*,*,#2149,.T.);
#3484 = ORIENTED_EDGE('',*,*,#3485,.T.);
#3485 = EDGE_CURVE('',#2143,#3486,#3488,.T.);
#3486 = VERTEX_POINT('',#3487);
#3487 = CARTESIAN_POINT('',(1.95,-4.775,1.025));
#3488 = B_SPLINE_CURVE_WITH_KNOTS('',1,(#3489,#3490),.UNSPECIFIED.,.F.,
  .F.,(2,2),(0.,1.),.PIECEWISE_BEZIER_KNOTS.);
#3489 = CARTESIAN_POINT('',(1.95,-4.775,0.825));
#3490 = CARTESIAN_POINT('',(1.95,-4.775,1.025));
#3491 = ORIENTED_EDGE('',*,*,#3492,.F.);
#3492 = EDGE_CURVE('',#3477,#3486,#3493,.T.);
#3493 = LINE('',#3494,#3495);
#3494 = CARTESIAN_POINT('',(1.95,4.775,1.025));
#3495 = VECTOR('',#3496,1.);
#3496 = DIRECTION('',(1.110223024625E-16,-1.,0.));
#3497 = PLANE('',#3498);
#3498 = AXIS2_PLACEMENT_3D('',#3499,#3500,#3501);
#3499 = CARTESIAN_POINT('',(1.95,4.775,1.025));
#3500 = DIRECTION('',(-1.,-1.110223024625E-16,0.));
#3501 = DIRECTION('',(1.110223024625E-16,-1.,0.));
#3502 = ADVANCED_FACE('',(#3503),#3520,.F.);
#3503 = FACE_BOUND('',#3504,.F.);
#3504 = EDGE_LOOP('',(#3505,#3506,#3507,#3515));
#3505 = ORIENTED_EDGE('',*,*,#2294,.T.);
#3506 = ORIENTED_EDGE('',*,*,#2482,.T.);
#3507 = ORIENTED_EDGE('',*,*,#3508,.F.);
#3508 = EDGE_CURVE('',#3509,#2483,#3511,.T.);
#3509 = VERTEX_POINT('',#3510);
#3510 = CARTESIAN_POINT('',(-1.775,-4.95,1.025));
#3511 = LINE('',#3512,#3513);
#3512 = CARTESIAN_POINT('',(-1.775,-4.95,1.025));
#3513 = VECTOR('',#3514,1.);
#3514 = DIRECTION('',(-0.707106781187,0.707106781187,0.));
#3515 = ORIENTED_EDGE('',*,*,#3516,.F.);
#3516 = EDGE_CURVE('',#2295,#3509,#3517,.T.);
#3517 = B_SPLINE_CURVE_WITH_KNOTS('',1,(#3518,#3519),.UNSPECIFIED.,.F.,
  .F.,(2,2),(0.,1.),.PIECEWISE_BEZIER_KNOTS.);
#3518 = CARTESIAN_POINT('',(-1.775,-4.95,0.825));
#3519 = CARTESIAN_POINT('',(-1.775,-4.95,1.025));
#3520 = PLANE('',#3521);
#3521 = AXIS2_PLACEMENT_3D('',#3522,#3523,#3524);
#3522 = CARTESIAN_POINT('',(-1.775,-4.95,1.025));
#3523 = DIRECTION('',(0.707106781187,0.707106781187,0.));
#3524 = DIRECTION('',(-0.707106781187,0.707106781187,0.));
#3525 = ADVANCED_FACE('',(#3526),#3543,.F.);
#3526 = FACE_BOUND('',#3527,.F.);
#3527 = EDGE_LOOP('',(#3528,#3529,#3536,#3542));
#3528 = ORIENTED_EDGE('',*,*,#2323,.T.);
#3529 = ORIENTED_EDGE('',*,*,#3530,.T.);
#3530 = EDGE_CURVE('',#2317,#3531,#3533,.T.);
#3531 = VERTEX_POINT('',#3532);
#3532 = CARTESIAN_POINT('',(1.775,-4.95,1.025));
#3533 = B_SPLINE_CURVE_WITH_KNOTS('',1,(#3534,#3535),.UNSPECIFIED.,.F.,
  .F.,(2,2),(0.,1.),.PIECEWISE_BEZIER_KNOTS.);
#3534 = CARTESIAN_POINT('',(1.775,-4.95,0.825));
#3535 = CARTESIAN_POINT('',(1.775,-4.95,1.025));
#3536 = ORIENTED_EDGE('',*,*,#3537,.F.);
#3537 = EDGE_CURVE('',#3486,#3531,#3538,.T.);
#3538 = LINE('',#3539,#3540);
#3539 = CARTESIAN_POINT('',(1.95,-4.775,1.025));
#3540 = VECTOR('',#3541,1.);
#3541 = DIRECTION('',(-0.707106781187,-0.707106781187,0.));
#3542 = ORIENTED_EDGE('',*,*,#3485,.F.);
#3543 = PLANE('',#3544);
#3544 = AXIS2_PLACEMENT_3D('',#3545,#3546,#3547);
#3545 = CARTESIAN_POINT('',(1.95,-4.775,1.025));
#3546 = DIRECTION('',(-0.707106781187,0.707106781187,0.));
#3547 = DIRECTION('',(-0.707106781187,-0.707106781187,0.));
#3548 = ADVANCED_FACE('',(#3549),#3560,.F.);
#3549 = FACE_BOUND('',#3550,.F.);
#3550 = EDGE_LOOP('',(#3551,#3552,#3553,#3559));
#3551 = ORIENTED_EDGE('',*,*,#2340,.T.);
#3552 = ORIENTED_EDGE('',*,*,#3516,.T.);
#3553 = ORIENTED_EDGE('',*,*,#3554,.F.);
#3554 = EDGE_CURVE('',#3531,#3509,#3555,.T.);
#3555 = LINE('',#3556,#3557);
#3556 = CARTESIAN_POINT('',(1.775,-4.95,1.025));
#3557 = VECTOR('',#3558,1.);
#3558 = DIRECTION('',(-1.,-1.110223024625E-16,0.));
#3559 = ORIENTED_EDGE('',*,*,#3530,.F.);
#3560 = PLANE('',#3561);
#3561 = AXIS2_PLACEMENT_3D('',#3562,#3563,#3564);
#3562 = CARTESIAN_POINT('',(1.775,-4.95,1.025));
#3563 = DIRECTION('',(-1.110223024625E-16,1.,0.));
#3564 = DIRECTION('',(-1.,-1.110223024625E-16,0.));
#3565 = ADVANCED_FACE('',(#3566),#3605,.F.);
#3566 = FACE_BOUND('',#3567,.F.);
#3567 = EDGE_LOOP('',(#3568,#3576,#3584,#3590,#3591,#3599));
#3568 = ORIENTED_EDGE('',*,*,#3569,.F.);
#3569 = EDGE_CURVE('',#3570,#2925,#3572,.T.);
#3570 = VERTEX_POINT('',#3571);
#3571 = CARTESIAN_POINT('',(-2.2,4.24,1.025));
#3572 = LINE('',#3573,#3574);
#3573 = CARTESIAN_POINT('',(-2.2,4.24,1.025));
#3574 = VECTOR('',#3575,1.);
#3575 = DIRECTION('',(1.,-1.144237745222E-17,0.));
#3576 = ORIENTED_EDGE('',*,*,#3577,.T.);
#3577 = EDGE_CURVE('',#3570,#3578,#3580,.T.);
#3578 = VERTEX_POINT('',#3579);
#3579 = CARTESIAN_POINT('',(-2.2,4.65,1.025));
#3580 = LINE('',#3581,#3582);
#3581 = CARTESIAN_POINT('',(-2.2,4.24,1.025));
#3582 = VECTOR('',#3583,1.);
#3583 = DIRECTION('',(1.144237745222E-17,1.,0.));
#3584 = ORIENTED_EDGE('',*,*,#3585,.T.);
#3585 = EDGE_CURVE('',#3578,#2445,#3586,.T.);
#3586 = LINE('',#3587,#3588);
#3587 = CARTESIAN_POINT('',(-2.2,4.65,1.025));
#3588 = VECTOR('',#3589,1.);
#3589 = DIRECTION('',(1.,-1.144237745222E-17,0.));
#3590 = ORIENTED_EDGE('',*,*,#2444,.T.);
#3591 = ORIENTED_EDGE('',*,*,#3592,.F.);
#3592 = EDGE_CURVE('',#3593,#2437,#3595,.T.);
#3593 = VERTEX_POINT('',#3594);
#3594 = CARTESIAN_POINT('',(-1.875,4.24,1.025));
#3595 = LINE('',#3596,#3597);
#3596 = CARTESIAN_POINT('',(-1.875,-4.7375,1.025));
#3597 = VECTOR('',#3598,1.);
#3598 = DIRECTION('',(-1.110223024625E-16,1.,0.));
#3599 = ORIENTED_EDGE('',*,*,#3600,.F.);
#3600 = EDGE_CURVE('',#2925,#3593,#3601,.T.);
#3601 = LINE('',#3602,#3603);
#3602 = CARTESIAN_POINT('',(-2.2,4.24,1.025));
#3603 = VECTOR('',#3604,1.);
#3604 = DIRECTION('',(1.,-1.144237745222E-17,0.));
#3605 = PLANE('',#3606);
#3606 = AXIS2_PLACEMENT_3D('',#3607,#3608,#3609);
#3607 = CARTESIAN_POINT('',(-2.2,4.24,1.025));
#3608 = DIRECTION('',(0.,0.,-1.));
#3609 = DIRECTION('',(1.,-1.144237745222E-17,0.));
#3610 = ADVANCED_FACE('',(#3611),#3755,.F.);
#3611 = FACE_BOUND('',#3612,.F.);
#3612 = EDGE_LOOP('',(#3613,#3623,#3631,#3639,#3647,#3655,#3663,#3671,
    #3679,#3687,#3695,#3703,#3711,#3719,#3727,#3733,#3734,#3735,#3742,
    #3750));
#3613 = ORIENTED_EDGE('',*,*,#3614,.T.);
#3614 = EDGE_CURVE('',#3615,#3617,#3619,.T.);
#3615 = VERTEX_POINT('',#3616);
#3616 = CARTESIAN_POINT('',(-1.875,-4.7375,1.025));
#3617 = VERTEX_POINT('',#3618);
#3618 = CARTESIAN_POINT('',(-1.875,-4.65,1.025));
#3619 = LINE('',#3620,#3621);
#3620 = CARTESIAN_POINT('',(-1.875,-4.7375,1.025));
#3621 = VECTOR('',#3622,1.);
#3622 = DIRECTION('',(-1.110223024625E-16,1.,0.));
#3623 = ORIENTED_EDGE('',*,*,#3624,.T.);
#3624 = EDGE_CURVE('',#3617,#3625,#3627,.T.);
#3625 = VERTEX_POINT('',#3626);
#3626 = CARTESIAN_POINT('',(-1.875,-4.24,1.025));
#3627 = LINE('',#3628,#3629);
#3628 = CARTESIAN_POINT('',(-1.875,-4.7375,1.025));
#3629 = VECTOR('',#3630,1.);
#3630 = DIRECTION('',(-1.110223024625E-16,1.,0.));
#3631 = ORIENTED_EDGE('',*,*,#3632,.T.);
#3632 = EDGE_CURVE('',#3625,#3633,#3635,.T.);
#3633 = VERTEX_POINT('',#3634);
#3634 = CARTESIAN_POINT('',(-1.875,-3.38,1.025));
#3635 = LINE('',#3636,#3637);
#3636 = CARTESIAN_POINT('',(-1.875,-4.7375,1.025));
#3637 = VECTOR('',#3638,1.);
#3638 = DIRECTION('',(-1.110223024625E-16,1.,0.));
#3639 = ORIENTED_EDGE('',*,*,#3640,.T.);
#3640 = EDGE_CURVE('',#3633,#3641,#3643,.T.);
#3641 = VERTEX_POINT('',#3642);
#3642 = CARTESIAN_POINT('',(-1.875,-2.97,1.025));
#3643 = LINE('',#3644,#3645);
#3644 = CARTESIAN_POINT('',(-1.875,-4.7375,1.025));
#3645 = VECTOR('',#3646,1.);
#3646 = DIRECTION('',(-1.110223024625E-16,1.,0.));
#3647 = ORIENTED_EDGE('',*,*,#3648,.T.);
#3648 = EDGE_CURVE('',#3641,#3649,#3651,.T.);
#3649 = VERTEX_POINT('',#3650);
#3650 = CARTESIAN_POINT('',(-1.875,-2.11,1.025));
#3651 = LINE('',#3652,#3653);
#3652 = CARTESIAN_POINT('',(-1.875,-4.7375,1.025));
#3653 = VECTOR('',#3654,1.);
#3654 = DIRECTION('',(-1.110223024625E-16,1.,0.));
#3655 = ORIENTED_EDGE('',*,*,#3656,.T.);
#3656 = EDGE_CURVE('',#3649,#3657,#3659,.T.);
#3657 = VERTEX_POINT('',#3658);
#3658 = CARTESIAN_POINT('',(-1.875,-1.7,1.025));
#3659 = LINE('',#3660,#3661);
#3660 = CARTESIAN_POINT('',(-1.875,-4.7375,1.025));
#3661 = VECTOR('',#3662,1.);
#3662 = DIRECTION('',(-1.110223024625E-16,1.,0.));
#3663 = ORIENTED_EDGE('',*,*,#3664,.T.);
#3664 = EDGE_CURVE('',#3657,#3665,#3667,.T.);
#3665 = VERTEX_POINT('',#3666);
#3666 = CARTESIAN_POINT('',(-1.875,-0.84,1.025));
#3667 = LINE('',#3668,#3669);
#3668 = CARTESIAN_POINT('',(-1.875,-4.7375,1.025));
#3669 = VECTOR('',#3670,1.);
#3670 = DIRECTION('',(-1.110223024625E-16,1.,0.));
#3671 = ORIENTED_EDGE('',*,*,#3672,.T.);
#3672 = EDGE_CURVE('',#3665,#3673,#3675,.T.);
#3673 = VERTEX_POINT('',#3674);
#3674 = CARTESIAN_POINT('',(-1.875,-0.43,1.025));
#3675 = LINE('',#3676,#3677);
#3676 = CARTESIAN_POINT('',(-1.875,-4.7375,1.025));
#3677 = VECTOR('',#3678,1.);
#3678 = DIRECTION('',(-1.110223024625E-16,1.,0.));
#3679 = ORIENTED_EDGE('',*,*,#3680,.T.);
#3680 = EDGE_CURVE('',#3673,#3681,#3683,.T.);
#3681 = VERTEX_POINT('',#3682);
#3682 = CARTESIAN_POINT('',(-1.875,0.43,1.025));
#3683 = LINE('',#3684,#3685);
#3684 = CARTESIAN_POINT('',(-1.875,-4.7375,1.025));
#3685 = VECTOR('',#3686,1.);
#3686 = DIRECTION('',(-1.110223024625E-16,1.,0.));
#3687 = ORIENTED_EDGE('',*,*,#3688,.T.);
#3688 = EDGE_CURVE('',#3681,#3689,#3691,.T.);
#3689 = VERTEX_POINT('',#3690);
#3690 = CARTESIAN_POINT('',(-1.875,0.84,1.025));
#3691 = LINE('',#3692,#3693);
#3692 = CARTESIAN_POINT('',(-1.875,-4.7375,1.025));
#3693 = VECTOR('',#3694,1.);
#3694 = DIRECTION('',(-1.110223024625E-16,1.,0.));
#3695 = ORIENTED_EDGE('',*,*,#3696,.T.);
#3696 = EDGE_CURVE('',#3689,#3697,#3699,.T.);
#3697 = VERTEX_POINT('',#3698);
#3698 = CARTESIAN_POINT('',(-1.875,1.7,1.025));
#3699 = LINE('',#3700,#3701);
#3700 = CARTESIAN_POINT('',(-1.875,-4.7375,1.025));
#3701 = VECTOR('',#3702,1.);
#3702 = DIRECTION('',(-1.110223024625E-16,1.,0.));
#3703 = ORIENTED_EDGE('',*,*,#3704,.T.);
#3704 = EDGE_CURVE('',#3697,#3705,#3707,.T.);
#3705 = VERTEX_POINT('',#3706);
#3706 = CARTESIAN_POINT('',(-1.875,2.11,1.025));
#3707 = LINE('',#3708,#3709);
#3708 = CARTESIAN_POINT('',(-1.875,-4.7375,1.025));
#3709 = VECTOR('',#3710,1.);
#3710 = DIRECTION('',(-1.110223024625E-16,1.,0.));
#3711 = ORIENTED_EDGE('',*,*,#3712,.T.);
#3712 = EDGE_CURVE('',#3705,#3713,#3715,.T.);
#3713 = VERTEX_POINT('',#3714);
#3714 = CARTESIAN_POINT('',(-1.875,2.97,1.025));
#3715 = LINE('',#3716,#3717);
#3716 = CARTESIAN_POINT('',(-1.875,-4.7375,1.025));
#3717 = VECTOR('',#3718,1.);
#3718 = DIRECTION('',(-1.110223024625E-16,1.,0.));
#3719 = ORIENTED_EDGE('',*,*,#3720,.T.);
#3720 = EDGE_CURVE('',#3713,#3721,#3723,.T.);
#3721 = VERTEX_POINT('',#3722);
#3722 = CARTESIAN_POINT('',(-1.875,3.38,1.025));
#3723 = LINE('',#3724,#3725);
#3724 = CARTESIAN_POINT('',(-1.875,-4.7375,1.025));
#3725 = VECTOR('',#3726,1.);
#3726 = DIRECTION('',(-1.110223024625E-16,1.,0.));
#3727 = ORIENTED_EDGE('',*,*,#3728,.T.);
#3728 = EDGE_CURVE('',#3721,#3593,#3729,.T.);
#3729 = LINE('',#3730,#3731);
#3730 = CARTESIAN_POINT('',(-1.875,-4.7375,1.025));
#3731 = VECTOR('',#3732,1.);
#3732 = DIRECTION('',(-1.110223024625E-16,1.,0.));
#3733 = ORIENTED_EDGE('',*,*,#3592,.T.);
#3734 = ORIENTED_EDGE('',*,*,#2436,.T.);
#3735 = ORIENTED_EDGE('',*,*,#3736,.T.);
#3736 = EDGE_CURVE('',#2429,#3737,#3739,.T.);
#3737 = VERTEX_POINT('',#3738);
#3738 = CARTESIAN_POINT('',(-1.760171280765,4.680085640382,1.75));
#3739 = B_SPLINE_CURVE_WITH_KNOTS('',1,(#3740,#3741),.UNSPECIFIED.,.F.,
  .F.,(2,2),(0.,1.),.PIECEWISE_BEZIER_KNOTS.);
#3740 = CARTESIAN_POINT('',(-1.875,4.7375,1.025));
#3741 = CARTESIAN_POINT('',(-1.760171280765,4.680085640382,1.75));
#3742 = ORIENTED_EDGE('',*,*,#3743,.F.);
#3743 = EDGE_CURVE('',#3744,#3737,#3746,.T.);
#3744 = VERTEX_POINT('',#3745);
#3745 = CARTESIAN_POINT('',(-1.760171280765,-4.680085640382,1.75));
#3746 = LINE('',#3747,#3748);
#3747 = CARTESIAN_POINT('',(-1.760171280765,-4.680085640382,1.75));
#3748 = VECTOR('',#3749,1.);
#3749 = DIRECTION('',(-1.110223024625E-16,1.,0.));
#3750 = ORIENTED_EDGE('',*,*,#3751,.F.);
#3751 = EDGE_CURVE('',#3615,#3744,#3752,.T.);
#3752 = B_SPLINE_CURVE_WITH_KNOTS('',1,(#3753,#3754),.UNSPECIFIED.,.F.,
  .F.,(2,2),(0.,1.),.PIECEWISE_BEZIER_KNOTS.);
#3753 = CARTESIAN_POINT('',(-1.875,-4.7375,1.025));
#3754 = CARTESIAN_POINT('',(-1.760171280765,-4.680085640382,1.75));
#3755 = B_SPLINE_SURFACE_WITH_KNOTS('',1,1,(
    (#3756,#3757)
    ,(#3758,#3759
    )),.UNSPECIFIED.,.F.,.F.,.F.,(2,2),(2,2),(0.,9.475),(0.,1.),
  .PIECEWISE_BEZIER_KNOTS.);
#3756 = CARTESIAN_POINT('',(-1.875,-4.7375,1.025));
#3757 = CARTESIAN_POINT('',(-1.760171280765,-4.680085640382,1.75));
#3758 = CARTESIAN_POINT('',(-1.875,4.7375,1.025));
#3759 = CARTESIAN_POINT('',(-1.760171280765,4.680085640382,1.75));
#3760 = ADVANCED_FACE('',(#3761),#3778,.F.);
#3761 = FACE_BOUND('',#3762,.F.);
#3762 = EDGE_LOOP('',(#3763,#3764,#3771,#3777));
#3763 = ORIENTED_EDGE('',*,*,#2428,.T.);
#3764 = ORIENTED_EDGE('',*,*,#3765,.T.);
#3765 = EDGE_CURVE('',#2421,#3766,#3768,.T.);
#3766 = VERTEX_POINT('',#3767);
#3767 = CARTESIAN_POINT('',(-1.680085640382,4.760171280765,1.75));
#3768 = B_SPLINE_CURVE_WITH_KNOTS('',1,(#3769,#3770),.UNSPECIFIED.,.F.,
  .F.,(2,2),(0.,1.),.PIECEWISE_BEZIER_KNOTS.);
#3769 = CARTESIAN_POINT('',(-1.7375,4.875,1.025));
#3770 = CARTESIAN_POINT('',(-1.680085640382,4.760171280765,1.75));
#3771 = ORIENTED_EDGE('',*,*,#3772,.F.);
#3772 = EDGE_CURVE('',#3737,#3766,#3773,.T.);
#3773 = LINE('',#3774,#3775);
#3774 = CARTESIAN_POINT('',(-1.760171280765,4.680085640382,1.75));
#3775 = VECTOR('',#3776,1.);
#3776 = DIRECTION('',(0.707106781187,0.707106781187,0.));
#3777 = ORIENTED_EDGE('',*,*,#3736,.F.);
#3778 = B_SPLINE_SURFACE_WITH_KNOTS('',1,1,(
    (#3779,#3780)
    ,(#3781,#3782
    )),.UNSPECIFIED.,.F.,.F.,.F.,(2,2),(2,2),(0.,0.194454364826),(0.,1.)
  ,.PIECEWISE_BEZIER_KNOTS.);
#3779 = CARTESIAN_POINT('',(-1.875,4.7375,1.025));
#3780 = CARTESIAN_POINT('',(-1.760171280765,4.680085640382,1.75));
#3781 = CARTESIAN_POINT('',(-1.7375,4.875,1.025));
#3782 = CARTESIAN_POINT('',(-1.680085640382,4.760171280765,1.75));
#3783 = ADVANCED_FACE('',(#3784),#3801,.F.);
#3784 = FACE_BOUND('',#3785,.F.);
#3785 = EDGE_LOOP('',(#3786,#3787,#3794,#3800));
#3786 = ORIENTED_EDGE('',*,*,#2420,.T.);
#3787 = ORIENTED_EDGE('',*,*,#3788,.T.);
#3788 = EDGE_CURVE('',#2413,#3789,#3791,.T.);
#3789 = VERTEX_POINT('',#3790);
#3790 = CARTESIAN_POINT('',(1.680085640382,4.760171280765,1.75));
#3791 = B_SPLINE_CURVE_WITH_KNOTS('',1,(#3792,#3793),.UNSPECIFIED.,.F.,
  .F.,(2,2),(0.,1.),.PIECEWISE_BEZIER_KNOTS.);
#3792 = CARTESIAN_POINT('',(1.7375,4.875,1.025));
#3793 = CARTESIAN_POINT('',(1.680085640382,4.760171280765,1.75));
#3794 = ORIENTED_EDGE('',*,*,#3795,.F.);
#3795 = EDGE_CURVE('',#3766,#3789,#3796,.T.);
#3796 = LINE('',#3797,#3798);
#3797 = CARTESIAN_POINT('',(-1.680085640382,4.760171280765,1.75));
#3798 = VECTOR('',#3799,1.);
#3799 = DIRECTION('',(1.,1.110223024625E-16,0.));
#3800 = ORIENTED_EDGE('',*,*,#3765,.F.);
#3801 = B_SPLINE_SURFACE_WITH_KNOTS('',1,1,(
    (#3802,#3803)
    ,(#3804,#3805
    )),.UNSPECIFIED.,.F.,.F.,.F.,(2,2),(2,2),(0.,3.475),(0.,1.),
  .PIECEWISE_BEZIER_KNOTS.);
#3802 = CARTESIAN_POINT('',(-1.7375,4.875,1.025));
#3803 = CARTESIAN_POINT('',(-1.680085640382,4.760171280765,1.75));
#3804 = CARTESIAN_POINT('',(1.7375,4.875,1.025));
#3805 = CARTESIAN_POINT('',(1.680085640382,4.760171280765,1.75));
#3806 = ADVANCED_FACE('',(#3807),#3824,.F.);
#3807 = FACE_BOUND('',#3808,.F.);
#3808 = EDGE_LOOP('',(#3809,#3810,#3817,#3823));
#3809 = ORIENTED_EDGE('',*,*,#2412,.T.);
#3810 = ORIENTED_EDGE('',*,*,#3811,.T.);
#3811 = EDGE_CURVE('',#2405,#3812,#3814,.T.);
#3812 = VERTEX_POINT('',#3813);
#3813 = CARTESIAN_POINT('',(1.760171280765,4.680085640382,1.75));
#3814 = B_SPLINE_CURVE_WITH_KNOTS('',1,(#3815,#3816),.UNSPECIFIED.,.F.,
  .F.,(2,2),(0.,1.),.PIECEWISE_BEZIER_KNOTS.);
#3815 = CARTESIAN_POINT('',(1.875,4.7375,1.025));
#3816 = CARTESIAN_POINT('',(1.760171280765,4.680085640382,1.75));
#3817 = ORIENTED_EDGE('',*,*,#3818,.F.);
#3818 = EDGE_CURVE('',#3789,#3812,#3819,.T.);
#3819 = LINE('',#3820,#3821);
#3820 = CARTESIAN_POINT('',(1.680085640382,4.760171280765,1.75));
#3821 = VECTOR('',#3822,1.);
#3822 = DIRECTION('',(0.707106781187,-0.707106781187,0.));
#3823 = ORIENTED_EDGE('',*,*,#3788,.F.);
#3824 = B_SPLINE_SURFACE_WITH_KNOTS('',1,1,(
    (#3825,#3826)
    ,(#3827,#3828
    )),.UNSPECIFIED.,.F.,.F.,.F.,(2,2),(2,2),(0.,0.194454364826),(0.,1.)
  ,.PIECEWISE_BEZIER_KNOTS.);
#3825 = CARTESIAN_POINT('',(1.7375,4.875,1.025));
#3826 = CARTESIAN_POINT('',(1.680085640382,4.760171280765,1.75));
#3827 = CARTESIAN_POINT('',(1.875,4.7375,1.025));
#3828 = CARTESIAN_POINT('',(1.760171280765,4.680085640382,1.75));
#3829 = ADVANCED_FACE('',(#3830),#3975,.F.);
#3830 = FACE_BOUND('',#3831,.F.);
#3831 = EDGE_LOOP('',(#3832,#3833,#3841,#3849,#3857,#3865,#3873,#3881,
    #3889,#3897,#3905,#3913,#3921,#3929,#3937,#3945,#3953,#3961,#3968,
    #3974));
#3832 = ORIENTED_EDGE('',*,*,#2404,.T.);
#3833 = ORIENTED_EDGE('',*,*,#3834,.T.);
#3834 = EDGE_CURVE('',#2397,#3835,#3837,.T.);
#3835 = VERTEX_POINT('',#3836);
#3836 = CARTESIAN_POINT('',(1.875,4.24,1.025));
#3837 = LINE('',#3838,#3839);
#3838 = CARTESIAN_POINT('',(1.875,4.7375,1.025));
#3839 = VECTOR('',#3840,1.);
#3840 = DIRECTION('',(1.110223024625E-16,-1.,0.));
#3841 = ORIENTED_EDGE('',*,*,#3842,.T.);
#3842 = EDGE_CURVE('',#3835,#3843,#3845,.T.);
#3843 = VERTEX_POINT('',#3844);
#3844 = CARTESIAN_POINT('',(1.875,3.38,1.025));
#3845 = LINE('',#3846,#3847);
#3846 = CARTESIAN_POINT('',(1.875,4.7375,1.025));
#3847 = VECTOR('',#3848,1.);
#3848 = DIRECTION('',(1.110223024625E-16,-1.,0.));
#3849 = ORIENTED_EDGE('',*,*,#3850,.T.);
#3850 = EDGE_CURVE('',#3843,#3851,#3853,.T.);
#3851 = VERTEX_POINT('',#3852);
#3852 = CARTESIAN_POINT('',(1.875,2.97,1.025));
#3853 = LINE('',#3854,#3855);
#3854 = CARTESIAN_POINT('',(1.875,4.7375,1.025));
#3855 = VECTOR('',#3856,1.);
#3856 = DIRECTION('',(1.110223024625E-16,-1.,0.));
#3857 = ORIENTED_EDGE('',*,*,#3858,.T.);
#3858 = EDGE_CURVE('',#3851,#3859,#3861,.T.);
#3859 = VERTEX_POINT('',#3860);
#3860 = CARTESIAN_POINT('',(1.875,2.11,1.025));
#3861 = LINE('',#3862,#3863);
#3862 = CARTESIAN_POINT('',(1.875,4.7375,1.025));
#3863 = VECTOR('',#3864,1.);
#3864 = DIRECTION('',(1.110223024625E-16,-1.,0.));
#3865 = ORIENTED_EDGE('',*,*,#3866,.T.);
#3866 = EDGE_CURVE('',#3859,#3867,#3869,.T.);
#3867 = VERTEX_POINT('',#3868);
#3868 = CARTESIAN_POINT('',(1.875,1.7,1.025));
#3869 = LINE('',#3870,#3871);
#3870 = CARTESIAN_POINT('',(1.875,4.7375,1.025));
#3871 = VECTOR('',#3872,1.);
#3872 = DIRECTION('',(1.110223024625E-16,-1.,0.));
#3873 = ORIENTED_EDGE('',*,*,#3874,.T.);
#3874 = EDGE_CURVE('',#3867,#3875,#3877,.T.);
#3875 = VERTEX_POINT('',#3876);
#3876 = CARTESIAN_POINT('',(1.875,0.84,1.025));
#3877 = LINE('',#3878,#3879);
#3878 = CARTESIAN_POINT('',(1.875,4.7375,1.025));
#3879 = VECTOR('',#3880,1.);
#3880 = DIRECTION('',(1.110223024625E-16,-1.,0.));
#3881 = ORIENTED_EDGE('',*,*,#3882,.T.);
#3882 = EDGE_CURVE('',#3875,#3883,#3885,.T.);
#3883 = VERTEX_POINT('',#3884);
#3884 = CARTESIAN_POINT('',(1.875,0.43,1.025));
#3885 = LINE('',#3886,#3887);
#3886 = CARTESIAN_POINT('',(1.875,4.7375,1.025));
#3887 = VECTOR('',#3888,1.);
#3888 = DIRECTION('',(1.110223024625E-16,-1.,0.));
#3889 = ORIENTED_EDGE('',*,*,#3890,.T.);
#3890 = EDGE_CURVE('',#3883,#3891,#3893,.T.);
#3891 = VERTEX_POINT('',#3892);
#3892 = CARTESIAN_POINT('',(1.875,-0.43,1.025));
#3893 = LINE('',#3894,#3895);
#3894 = CARTESIAN_POINT('',(1.875,4.7375,1.025));
#3895 = VECTOR('',#3896,1.);
#3896 = DIRECTION('',(1.110223024625E-16,-1.,0.));
#3897 = ORIENTED_EDGE('',*,*,#3898,.T.);
#3898 = EDGE_CURVE('',#3891,#3899,#3901,.T.);
#3899 = VERTEX_POINT('',#3900);
#3900 = CARTESIAN_POINT('',(1.875,-0.84,1.025));
#3901 = LINE('',#3902,#3903);
#3902 = CARTESIAN_POINT('',(1.875,4.7375,1.025));
#3903 = VECTOR('',#3904,1.);
#3904 = DIRECTION('',(1.110223024625E-16,-1.,0.));
#3905 = ORIENTED_EDGE('',*,*,#3906,.T.);
#3906 = EDGE_CURVE('',#3899,#3907,#3909,.T.);
#3907 = VERTEX_POINT('',#3908);
#3908 = CARTESIAN_POINT('',(1.875,-1.7,1.025));
#3909 = LINE('',#3910,#3911);
#3910 = CARTESIAN_POINT('',(1.875,4.7375,1.025));
#3911 = VECTOR('',#3912,1.);
#3912 = DIRECTION('',(1.110223024625E-16,-1.,0.));
#3913 = ORIENTED_EDGE('',*,*,#3914,.T.);
#3914 = EDGE_CURVE('',#3907,#3915,#3917,.T.);
#3915 = VERTEX_POINT('',#3916);
#3916 = CARTESIAN_POINT('',(1.875,-2.11,1.025));
#3917 = LINE('',#3918,#3919);
#3918 = CARTESIAN_POINT('',(1.875,4.7375,1.025));
#3919 = VECTOR('',#3920,1.);
#3920 = DIRECTION('',(1.110223024625E-16,-1.,0.));
#3921 = ORIENTED_EDGE('',*,*,#3922,.T.);
#3922 = EDGE_CURVE('',#3915,#3923,#3925,.T.);
#3923 = VERTEX_POINT('',#3924);
#3924 = CARTESIAN_POINT('',(1.875,-2.97,1.025));
#3925 = LINE('',#3926,#3927);
#3926 = CARTESIAN_POINT('',(1.875,4.7375,1.025));
#3927 = VECTOR('',#3928,1.);
#3928 = DIRECTION('',(1.110223024625E-16,-1.,0.));
#3929 = ORIENTED_EDGE('',*,*,#3930,.T.);
#3930 = EDGE_CURVE('',#3923,#3931,#3933,.T.);
#3931 = VERTEX_POINT('',#3932);
#3932 = CARTESIAN_POINT('',(1.875,-3.38,1.025));
#3933 = LINE('',#3934,#3935);
#3934 = CARTESIAN_POINT('',(1.875,4.7375,1.025));
#3935 = VECTOR('',#3936,1.);
#3936 = DIRECTION('',(1.110223024625E-16,-1.,0.));
#3937 = ORIENTED_EDGE('',*,*,#3938,.T.);
#3938 = EDGE_CURVE('',#3931,#3939,#3941,.T.);
#3939 = VERTEX_POINT('',#3940);
#3940 = CARTESIAN_POINT('',(1.875,-4.24,1.025));
#3941 = LINE('',#3942,#3943);
#3942 = CARTESIAN_POINT('',(1.875,4.7375,1.025));
#3943 = VECTOR('',#3944,1.);
#3944 = DIRECTION('',(1.110223024625E-16,-1.,0.));
#3945 = ORIENTED_EDGE('',*,*,#3946,.T.);
#3946 = EDGE_CURVE('',#3939,#3947,#3949,.T.);
#3947 = VERTEX_POINT('',#3948);
#3948 = CARTESIAN_POINT('',(1.875,-4.65,1.025));
#3949 = LINE('',#3950,#3951);
#3950 = CARTESIAN_POINT('',(1.875,4.7375,1.025));
#3951 = VECTOR('',#3952,1.);
#3952 = DIRECTION('',(1.110223024625E-16,-1.,0.));
#3953 = ORIENTED_EDGE('',*,*,#3954,.T.);
#3954 = EDGE_CURVE('',#3947,#3955,#3957,.T.);
#3955 = VERTEX_POINT('',#3956);
#3956 = CARTESIAN_POINT('',(1.875,-4.7375,1.025));
#3957 = LINE('',#3958,#3959);
#3958 = CARTESIAN_POINT('',(1.875,4.7375,1.025));
#3959 = VECTOR('',#3960,1.);
#3960 = DIRECTION('',(1.110223024625E-16,-1.,0.));
#3961 = ORIENTED_EDGE('',*,*,#3962,.T.);
#3962 = EDGE_CURVE('',#3955,#3963,#3965,.T.);
#3963 = VERTEX_POINT('',#3964);
#3964 = CARTESIAN_POINT('',(1.760171280765,-4.680085640382,1.75));
#3965 = B_SPLINE_CURVE_WITH_KNOTS('',1,(#3966,#3967),.UNSPECIFIED.,.F.,
  .F.,(2,2),(0.,1.),.PIECEWISE_BEZIER_KNOTS.);
#3966 = CARTESIAN_POINT('',(1.875,-4.7375,1.025));
#3967 = CARTESIAN_POINT('',(1.760171280765,-4.680085640382,1.75));
#3968 = ORIENTED_EDGE('',*,*,#3969,.F.);
#3969 = EDGE_CURVE('',#3812,#3963,#3970,.T.);
#3970 = LINE('',#3971,#3972);
#3971 = CARTESIAN_POINT('',(1.760171280765,4.680085640382,1.75));
#3972 = VECTOR('',#3973,1.);
#3973 = DIRECTION('',(1.110223024625E-16,-1.,0.));
#3974 = ORIENTED_EDGE('',*,*,#3811,.F.);
#3975 = B_SPLINE_SURFACE_WITH_KNOTS('',1,1,(
    (#3976,#3977)
    ,(#3978,#3979
    )),.UNSPECIFIED.,.F.,.F.,.F.,(2,2),(2,2),(0.,9.475),(0.,1.),
  .PIECEWISE_BEZIER_KNOTS.);
#3976 = CARTESIAN_POINT('',(1.875,4.7375,1.025));
#3977 = CARTESIAN_POINT('',(1.760171280765,4.680085640382,1.75));
#3978 = CARTESIAN_POINT('',(1.875,-4.7375,1.025));
#3979 = CARTESIAN_POINT('',(1.760171280765,-4.680085640382,1.75));
#3980 = ADVANCED_FACE('',(#3981),#4013,.F.);
#3981 = FACE_BOUND('',#3982,.F.);
#3982 = EDGE_LOOP('',(#3983,#3991,#3999,#4005,#4011,#4012));
#3983 = ORIENTED_EDGE('',*,*,#3984,.F.);
#3984 = EDGE_CURVE('',#3985,#2389,#3987,.T.);
#3985 = VERTEX_POINT('',#3986);
#3986 = CARTESIAN_POINT('',(2.2,4.65,1.025));
#3987 = LINE('',#3988,#3989);
#3988 = CARTESIAN_POINT('',(2.2,4.65,1.025));
#3989 = VECTOR('',#3990,1.);
#3990 = DIRECTION('',(-1.,-1.110223024625E-16,0.));
#3991 = ORIENTED_EDGE('',*,*,#3992,.T.);
#3992 = EDGE_CURVE('',#3985,#3993,#3995,.T.);
#3993 = VERTEX_POINT('',#3994);
#3994 = CARTESIAN_POINT('',(2.2,4.24,1.025));
#3995 = LINE('',#3996,#3997);
#3996 = CARTESIAN_POINT('',(2.2,4.65,1.025));
#3997 = VECTOR('',#3998,1.);
#3998 = DIRECTION('',(1.110223024625E-16,-1.,0.));
#3999 = ORIENTED_EDGE('',*,*,#4000,.T.);
#4000 = EDGE_CURVE('',#3993,#3043,#4001,.T.);
#4001 = LINE('',#4002,#4003);
#4002 = CARTESIAN_POINT('',(2.2,4.24,1.025));
#4003 = VECTOR('',#4004,1.);
#4004 = DIRECTION('',(-1.,-1.110223024625E-16,0.));
#4005 = ORIENTED_EDGE('',*,*,#4006,.T.);
#4006 = EDGE_CURVE('',#3043,#3835,#4007,.T.);
#4007 = LINE('',#4008,#4009);
#4008 = CARTESIAN_POINT('',(2.2,4.24,1.025));
#4009 = VECTOR('',#4010,1.);
#4010 = DIRECTION('',(-1.,-1.110223024625E-16,0.));
#4011 = ORIENTED_EDGE('',*,*,#3834,.F.);
#4012 = ORIENTED_EDGE('',*,*,#2396,.F.);
#4013 = PLANE('',#4014);
#4014 = AXIS2_PLACEMENT_3D('',#4015,#4016,#4017);
#4015 = CARTESIAN_POINT('',(2.2,4.65,1.025));
#4016 = DIRECTION('',(0.,0.,-1.));
#4017 = DIRECTION('',(-1.,-1.110223024625E-16,-0.));
#4018 = ADVANCED_FACE('',(#4019),#4062,.F.);
#4019 = FACE_BOUND('',#4020,.F.);
#4020 = EDGE_LOOP('',(#4021,#4022,#4028,#4029,#4037,#4045,#4051,#4052,
    #4058,#4059,#4060,#4061));
#4021 = ORIENTED_EDGE('',*,*,#2498,.T.);
#4022 = ORIENTED_EDGE('',*,*,#4023,.T.);
#4023 = EDGE_CURVE('',#2491,#3617,#4024,.T.);
#4024 = LINE('',#4025,#4026);
#4025 = CARTESIAN_POINT('',(-2.2,-4.65,1.025));
#4026 = VECTOR('',#4027,1.);
#4027 = DIRECTION('',(1.,-1.144237745222E-17,0.));
#4028 = ORIENTED_EDGE('',*,*,#3614,.F.);
#4029 = ORIENTED_EDGE('',*,*,#4030,.F.);
#4030 = EDGE_CURVE('',#4031,#3615,#4033,.T.);
#4031 = VERTEX_POINT('',#4032);
#4032 = CARTESIAN_POINT('',(-1.7375,-4.875,1.025));
#4033 = LINE('',#4034,#4035);
#4034 = CARTESIAN_POINT('',(-1.7375,-4.875,1.025));
#4035 = VECTOR('',#4036,1.);
#4036 = DIRECTION('',(-0.707106781187,0.707106781187,0.));
#4037 = ORIENTED_EDGE('',*,*,#4038,.F.);
#4038 = EDGE_CURVE('',#4039,#4031,#4041,.T.);
#4039 = VERTEX_POINT('',#4040);
#4040 = CARTESIAN_POINT('',(1.7375,-4.875,1.025));
#4041 = LINE('',#4042,#4043);
#4042 = CARTESIAN_POINT('',(1.7375,-4.875,1.025));
#4043 = VECTOR('',#4044,1.);
#4044 = DIRECTION('',(-1.,-1.110223024625E-16,0.));
#4045 = ORIENTED_EDGE('',*,*,#4046,.F.);
#4046 = EDGE_CURVE('',#3955,#4039,#4047,.T.);
#4047 = LINE('',#4048,#4049);
#4048 = CARTESIAN_POINT('',(1.875,-4.7375,1.025));
#4049 = VECTOR('',#4050,1.);
#4050 = DIRECTION('',(-0.707106781187,-0.707106781187,0.));
#4051 = ORIENTED_EDGE('',*,*,#3954,.F.);
#4052 = ORIENTED_EDGE('',*,*,#4053,.F.);
#4053 = EDGE_CURVE('',#3477,#3947,#4054,.T.);
#4054 = LINE('',#4055,#4056);
#4055 = CARTESIAN_POINT('',(2.2,-4.65,1.025));
#4056 = VECTOR('',#4057,1.);
#4057 = DIRECTION('',(-1.,-1.110223024625E-16,0.));
#4058 = ORIENTED_EDGE('',*,*,#3492,.T.);
#4059 = ORIENTED_EDGE('',*,*,#3537,.T.);
#4060 = ORIENTED_EDGE('',*,*,#3554,.T.);
#4061 = ORIENTED_EDGE('',*,*,#3508,.T.);
#4062 = PLANE('',#4063);
#4063 = AXIS2_PLACEMENT_3D('',#4064,#4065,#4066);
#4064 = CARTESIAN_POINT('',(-5.802635690585E-16,4.9125,1.025));
#4065 = DIRECTION('',(2.007919022431E-31,-9.466330862652E-27,-1.));
#4066 = DIRECTION('',(1.,1.11487299784E-16,2.00791902242E-31));
#4067 = ADVANCED_FACE('',(#4068),#4154,.F.);
#4068 = FACE_BOUND('',#4069,.F.);
#4069 = EDGE_LOOP('',(#4070,#4071,#4072,#4081,#4089,#4098,#4106,#4114,
    #4122,#4131,#4139,#4148));
#4070 = ORIENTED_EDGE('',*,*,#2490,.F.);
#4071 = ORIENTED_EDGE('',*,*,#2512,.T.);
#4072 = ORIENTED_EDGE('',*,*,#4073,.T.);
#4073 = EDGE_CURVE('',#2513,#4074,#4076,.T.);
#4074 = VERTEX_POINT('',#4075);
#4075 = CARTESIAN_POINT('',(-2.298480775301,-4.65,0.742364817767));
#4076 = CIRCLE('',#4077,0.1);
#4077 = AXIS2_PLACEMENT_3D('',#4078,#4079,#4080);
#4078 = CARTESIAN_POINT('',(-2.2,-4.65,0.725));
#4079 = DIRECTION('',(-1.144237745222E-17,-1.,-2.189528850508E-47));
#4080 = DIRECTION('',(-4.440892098501E-15,5.081436361563E-32,1.));
#4081 = ORIENTED_EDGE('',*,*,#4082,.T.);
#4082 = EDGE_CURVE('',#4074,#4083,#4085,.T.);
#4083 = VERTEX_POINT('',#4084);
#4084 = CARTESIAN_POINT('',(-2.379496640897,-4.65,0.2479055467));
#4085 = LINE('',#4086,#4087);
#4086 = CARTESIAN_POINT('',(-2.298480775301,-4.65,0.742364817767));
#4087 = VECTOR('',#4088,1.);
#4088 = DIRECTION('',(-0.161691392282,1.85013394127E-18,-0.986841372087)
  );
#4089 = ORIENTED_EDGE('',*,*,#4090,.T.);
#4090 = EDGE_CURVE('',#4083,#4091,#4093,.T.);
#4091 = VERTEX_POINT('',#4092);
#4092 = CARTESIAN_POINT('',(-2.674938966801,-4.65,0.));
#4093 = CIRCLE('',#4094,0.3);
#4094 = AXIS2_PLACEMENT_3D('',#4095,#4096,#4097);
#4095 = CARTESIAN_POINT('',(-2.674938966801,-4.65,0.3));
#4096 = DIRECTION('',(1.144237745222E-17,1.,-2.311115933265E-33));
#4097 = DIRECTION('',(0.984807753012,-1.126854202784E-17,-0.173648177667
    ));
#4098 = ORIENTED_EDGE('',*,*,#4099,.T.);
#4099 = EDGE_CURVE('',#4091,#4100,#4102,.T.);
#4100 = VERTEX_POINT('',#4101);
#4101 = CARTESIAN_POINT('',(-3.,-4.65,0.));
#4102 = LINE('',#4103,#4104);
#4103 = CARTESIAN_POINT('',(-2.674938966801,-4.65,0.));
#4104 = VECTOR('',#4105,1.);
#4105 = DIRECTION('',(-1.,1.144237745222E-17,0.));
#4106 = ORIENTED_EDGE('',*,*,#4107,.T.);
#4107 = EDGE_CURVE('',#4100,#4108,#4110,.T.);
#4108 = VERTEX_POINT('',#4109);
#4109 = CARTESIAN_POINT('',(-3.,-4.65,0.2));
#4110 = LINE('',#4111,#4112);
#4111 = CARTESIAN_POINT('',(-3.,-4.65,0.));
#4112 = VECTOR('',#4113,1.);
#4113 = DIRECTION('',(0.,0.,1.));
#4114 = ORIENTED_EDGE('',*,*,#4115,.T.);
#4115 = EDGE_CURVE('',#4108,#4116,#4118,.T.);
#4116 = VERTEX_POINT('',#4117);
#4117 = CARTESIAN_POINT('',(-2.674938966801,-4.65,0.2));
#4118 = LINE('',#4119,#4120);
#4119 = CARTESIAN_POINT('',(-3.,-4.65,0.2));
#4120 = VECTOR('',#4121,1.);
#4121 = DIRECTION('',(1.,-1.144237745222E-17,0.));
#4122 = ORIENTED_EDGE('',*,*,#4123,.T.);
#4123 = EDGE_CURVE('',#4116,#4124,#4126,.T.);
#4124 = VERTEX_POINT('',#4125);
#4125 = CARTESIAN_POINT('',(-2.5764581915,-4.65,0.282635182233));
#4126 = CIRCLE('',#4127,0.1);
#4127 = AXIS2_PLACEMENT_3D('',#4128,#4129,#4130);
#4128 = CARTESIAN_POINT('',(-2.674938966801,-4.65,0.3));
#4129 = DIRECTION('',(-1.144237745222E-17,-1.,-0.));
#4130 = DIRECTION('',(0.,0.,-1.));
#4131 = ORIENTED_EDGE('',*,*,#4132,.T.);
#4132 = EDGE_CURVE('',#4124,#4133,#4135,.T.);
#4133 = VERTEX_POINT('',#4134);
#4134 = CARTESIAN_POINT('',(-2.495442325904,-4.65,0.7770944533));
#4135 = LINE('',#4136,#4137);
#4136 = CARTESIAN_POINT('',(-2.5764581915,-4.65,0.282635182233));
#4137 = VECTOR('',#4138,1.);
#4138 = DIRECTION('',(0.161691392282,-1.85013394127E-18,0.986841372087)
  );
#4139 = ORIENTED_EDGE('',*,*,#4140,.T.);
#4140 = EDGE_CURVE('',#4133,#4141,#4143,.T.);
#4141 = VERTEX_POINT('',#4142);
#4142 = CARTESIAN_POINT('',(-2.2,-4.65,1.025));
#4143 = CIRCLE('',#4144,0.3);
#4144 = AXIS2_PLACEMENT_3D('',#4145,#4146,#4147);
#4145 = CARTESIAN_POINT('',(-2.2,-4.65,0.725));
#4146 = DIRECTION('',(1.144237745222E-17,1.,3.08148791102E-33));
#4147 = DIRECTION('',(-0.984807753012,1.126854202784E-17,0.173648177667)
  );
#4148 = ORIENTED_EDGE('',*,*,#4149,.T.);
#4149 = EDGE_CURVE('',#4141,#2491,#4150,.T.);
#4150 = LINE('',#4151,#4152);
#4151 = CARTESIAN_POINT('',(-2.2,-4.65,1.025));
#4152 = VECTOR('',#4153,1.);
#4153 = DIRECTION('',(1.,-1.144237745222E-17,0.));
#4154 = PLANE('',#4155);
#4155 = AXIS2_PLACEMENT_3D('',#4156,#4157,#4158);
#4156 = CARTESIAN_POINT('',(-2.410970442936,-4.65,0.528115505988));
#4157 = DIRECTION('',(1.144237745222E-17,1.,0.));
#4158 = DIRECTION('',(0.,-0.,1.));
#4159 = ADVANCED_FACE('',(#4160),#4179,.F.);
#4160 = FACE_BOUND('',#4161,.F.);
#4161 = EDGE_LOOP('',(#4162,#4163,#4172,#4178));
#4162 = ORIENTED_EDGE('',*,*,#2529,.T.);
#4163 = ORIENTED_EDGE('',*,*,#4164,.T.);
#4164 = EDGE_CURVE('',#2522,#4165,#4167,.T.);
#4165 = VERTEX_POINT('',#4166);
#4166 = CARTESIAN_POINT('',(-2.298480775301,-4.24,0.742364817767));
#4167 = CIRCLE('',#4168,0.1);
#4168 = AXIS2_PLACEMENT_3D('',#4169,#4170,#4171);
#4169 = CARTESIAN_POINT('',(-2.2,-4.24,0.725));
#4170 = DIRECTION('',(-1.144237745222E-17,-1.,-2.189528850508E-47));
#4171 = DIRECTION('',(-4.440892098501E-15,5.081436361563E-32,1.));
#4172 = ORIENTED_EDGE('',*,*,#4173,.F.);
#4173 = EDGE_CURVE('',#4074,#4165,#4174,.T.);
#4174 = LINE('',#4175,#4176);
#4175 = CARTESIAN_POINT('',(-2.298480775301,-4.65,0.742364817767));
#4176 = VECTOR('',#4177,1.);
#4177 = DIRECTION('',(1.144237745222E-17,1.,0.));
#4178 = ORIENTED_EDGE('',*,*,#4073,.F.);
#4179 = CYLINDRICAL_SURFACE('',#4180,0.1);
#4180 = AXIS2_PLACEMENT_3D('',#4181,#4182,#4183);
#4181 = CARTESIAN_POINT('',(-2.2,-4.65,0.725));
#4182 = DIRECTION('',(-1.144237745222E-17,-1.,0.));
#4183 = DIRECTION('',(-4.440892098501E-15,5.081436361563E-32,1.));
#4184 = ADVANCED_FACE('',(#4185),#4263,.T.);
#4185 = FACE_BOUND('',#4186,.T.);
#4186 = EDGE_LOOP('',(#4187,#4188,#4189,#4190,#4198,#4207,#4215,#4223,
    #4231,#4240,#4248,#4257));
#4187 = ORIENTED_EDGE('',*,*,#2543,.F.);
#4188 = ORIENTED_EDGE('',*,*,#2521,.T.);
#4189 = ORIENTED_EDGE('',*,*,#4164,.T.);
#4190 = ORIENTED_EDGE('',*,*,#4191,.T.);
#4191 = EDGE_CURVE('',#4165,#4192,#4194,.T.);
#4192 = VERTEX_POINT('',#4193);
#4193 = CARTESIAN_POINT('',(-2.379496640897,-4.24,0.2479055467));
#4194 = LINE('',#4195,#4196);
#4195 = CARTESIAN_POINT('',(-2.298480775301,-4.24,0.742364817767));
#4196 = VECTOR('',#4197,1.);
#4197 = DIRECTION('',(-0.161691392282,1.85013394127E-18,-0.986841372087)
  );
#4198 = ORIENTED_EDGE('',*,*,#4199,.T.);
#4199 = EDGE_CURVE('',#4192,#4200,#4202,.T.);
#4200 = VERTEX_POINT('',#4201);
#4201 = CARTESIAN_POINT('',(-2.674938966801,-4.24,0.));
#4202 = CIRCLE('',#4203,0.3);
#4203 = AXIS2_PLACEMENT_3D('',#4204,#4205,#4206);
#4204 = CARTESIAN_POINT('',(-2.674938966801,-4.24,0.3));
#4205 = DIRECTION('',(1.144237745222E-17,1.,-2.311115933265E-33));
#4206 = DIRECTION('',(0.984807753012,-1.126854202784E-17,-0.173648177667
    ));
#4207 = ORIENTED_EDGE('',*,*,#4208,.T.);
#4208 = EDGE_CURVE('',#4200,#4209,#4211,.T.);
#4209 = VERTEX_POINT('',#4210);
#4210 = CARTESIAN_POINT('',(-3.,-4.24,0.));
#4211 = LINE('',#4212,#4213);
#4212 = CARTESIAN_POINT('',(-2.674938966801,-4.24,0.));
#4213 = VECTOR('',#4214,1.);
#4214 = DIRECTION('',(-1.,1.144237745222E-17,0.));
#4215 = ORIENTED_EDGE('',*,*,#4216,.T.);
#4216 = EDGE_CURVE('',#4209,#4217,#4219,.T.);
#4217 = VERTEX_POINT('',#4218);
#4218 = CARTESIAN_POINT('',(-3.,-4.24,0.2));
#4219 = LINE('',#4220,#4221);
#4220 = CARTESIAN_POINT('',(-3.,-4.24,0.));
#4221 = VECTOR('',#4222,1.);
#4222 = DIRECTION('',(0.,0.,1.));
#4223 = ORIENTED_EDGE('',*,*,#4224,.T.);
#4224 = EDGE_CURVE('',#4217,#4225,#4227,.T.);
#4225 = VERTEX_POINT('',#4226);
#4226 = CARTESIAN_POINT('',(-2.674938966801,-4.24,0.2));
#4227 = LINE('',#4228,#4229);
#4228 = CARTESIAN_POINT('',(-3.,-4.24,0.2));
#4229 = VECTOR('',#4230,1.);
#4230 = DIRECTION('',(1.,-1.144237745222E-17,0.));
#4231 = ORIENTED_EDGE('',*,*,#4232,.T.);
#4232 = EDGE_CURVE('',#4225,#4233,#4235,.T.);
#4233 = VERTEX_POINT('',#4234);
#4234 = CARTESIAN_POINT('',(-2.5764581915,-4.24,0.282635182233));
#4235 = CIRCLE('',#4236,0.1);
#4236 = AXIS2_PLACEMENT_3D('',#4237,#4238,#4239);
#4237 = CARTESIAN_POINT('',(-2.674938966801,-4.24,0.3));
#4238 = DIRECTION('',(-1.144237745222E-17,-1.,-0.));
#4239 = DIRECTION('',(0.,0.,-1.));
#4240 = ORIENTED_EDGE('',*,*,#4241,.T.);
#4241 = EDGE_CURVE('',#4233,#4242,#4244,.T.);
#4242 = VERTEX_POINT('',#4243);
#4243 = CARTESIAN_POINT('',(-2.495442325904,-4.24,0.7770944533));
#4244 = LINE('',#4245,#4246);
#4245 = CARTESIAN_POINT('',(-2.5764581915,-4.24,0.282635182233));
#4246 = VECTOR('',#4247,1.);
#4247 = DIRECTION('',(0.161691392282,-1.85013394127E-18,0.986841372087)
  );
#4248 = ORIENTED_EDGE('',*,*,#4249,.T.);
#4249 = EDGE_CURVE('',#4242,#4250,#4252,.T.);
#4250 = VERTEX_POINT('',#4251);
#4251 = CARTESIAN_POINT('',(-2.2,-4.24,1.025));
#4252 = CIRCLE('',#4253,0.3);
#4253 = AXIS2_PLACEMENT_3D('',#4254,#4255,#4256);
#4254 = CARTESIAN_POINT('',(-2.2,-4.24,0.725));
#4255 = DIRECTION('',(1.144237745222E-17,1.,3.08148791102E-33));
#4256 = DIRECTION('',(-0.984807753012,1.126854202784E-17,0.173648177667)
  );
#4257 = ORIENTED_EDGE('',*,*,#4258,.T.);
#4258 = EDGE_CURVE('',#4250,#2544,#4259,.T.);
#4259 = LINE('',#4260,#4261);
#4260 = CARTESIAN_POINT('',(-2.2,-4.24,1.025));
#4261 = VECTOR('',#4262,1.);
#4262 = DIRECTION('',(1.,-1.144237745222E-17,0.));
#4263 = PLANE('',#4264);
#4264 = AXIS2_PLACEMENT_3D('',#4265,#4266,#4267);
#4265 = CARTESIAN_POINT('',(-2.410970442936,-4.24,0.528115505988));
#4266 = DIRECTION('',(1.144237745222E-17,1.,0.));
#4267 = DIRECTION('',(0.,-0.,1.));
#4268 = ADVANCED_FACE('',(#4269),#4285,.F.);
#4269 = FACE_BOUND('',#4270,.F.);
#4270 = EDGE_LOOP('',(#4271,#4272,#4278,#4279));
#4271 = ORIENTED_EDGE('',*,*,#2560,.T.);
#4272 = ORIENTED_EDGE('',*,*,#4273,.T.);
#4273 = EDGE_CURVE('',#2553,#3633,#4274,.T.);
#4274 = LINE('',#4275,#4276);
#4275 = CARTESIAN_POINT('',(-2.2,-3.38,1.025));
#4276 = VECTOR('',#4277,1.);
#4277 = DIRECTION('',(1.,-1.144237745222E-17,0.));
#4278 = ORIENTED_EDGE('',*,*,#3632,.F.);
#4279 = ORIENTED_EDGE('',*,*,#4280,.F.);
#4280 = EDGE_CURVE('',#2544,#3625,#4281,.T.);
#4281 = LINE('',#4282,#4283);
#4282 = CARTESIAN_POINT('',(-2.2,-4.24,1.025));
#4283 = VECTOR('',#4284,1.);
#4284 = DIRECTION('',(1.,-1.144237745222E-17,0.));
#4285 = PLANE('',#4286);
#4286 = AXIS2_PLACEMENT_3D('',#4287,#4288,#4289);
#4287 = CARTESIAN_POINT('',(-5.802635690585E-16,4.9125,1.025));
#4288 = DIRECTION('',(2.007919022431E-31,-9.466330862652E-27,-1.));
#4289 = DIRECTION('',(1.,1.11487299784E-16,2.00791902242E-31));
#4290 = ADVANCED_FACE('',(#4291),#4377,.F.);
#4291 = FACE_BOUND('',#4292,.F.);
#4292 = EDGE_LOOP('',(#4293,#4294,#4295,#4304,#4312,#4321,#4329,#4337,
    #4345,#4354,#4362,#4371));
#4293 = ORIENTED_EDGE('',*,*,#2552,.F.);
#4294 = ORIENTED_EDGE('',*,*,#2574,.T.);
#4295 = ORIENTED_EDGE('',*,*,#4296,.T.);
#4296 = EDGE_CURVE('',#2575,#4297,#4299,.T.);
#4297 = VERTEX_POINT('',#4298);
#4298 = CARTESIAN_POINT('',(-2.298480775301,-3.38,0.742364817767));
#4299 = CIRCLE('',#4300,0.1);
#4300 = AXIS2_PLACEMENT_3D('',#4301,#4302,#4303);
#4301 = CARTESIAN_POINT('',(-2.2,-3.38,0.725));
#4302 = DIRECTION('',(-1.144237745222E-17,-1.,-2.189528850508E-47));
#4303 = DIRECTION('',(-4.440892098501E-15,5.081436361563E-32,1.));
#4304 = ORIENTED_EDGE('',*,*,#4305,.T.);
#4305 = EDGE_CURVE('',#4297,#4306,#4308,.T.);
#4306 = VERTEX_POINT('',#4307);
#4307 = CARTESIAN_POINT('',(-2.379496640897,-3.38,0.2479055467));
#4308 = LINE('',#4309,#4310);
#4309 = CARTESIAN_POINT('',(-2.298480775301,-3.38,0.742364817767));
#4310 = VECTOR('',#4311,1.);
#4311 = DIRECTION('',(-0.161691392282,1.85013394127E-18,-0.986841372087)
  );
#4312 = ORIENTED_EDGE('',*,*,#4313,.T.);
#4313 = EDGE_CURVE('',#4306,#4314,#4316,.T.);
#4314 = VERTEX_POINT('',#4315);
#4315 = CARTESIAN_POINT('',(-2.674938966801,-3.38,0.));
#4316 = CIRCLE('',#4317,0.3);
#4317 = AXIS2_PLACEMENT_3D('',#4318,#4319,#4320);
#4318 = CARTESIAN_POINT('',(-2.674938966801,-3.38,0.3));
#4319 = DIRECTION('',(1.144237745222E-17,1.,-2.311115933265E-33));
#4320 = DIRECTION('',(0.984807753012,-1.126854202784E-17,-0.173648177667
    ));
#4321 = ORIENTED_EDGE('',*,*,#4322,.T.);
#4322 = EDGE_CURVE('',#4314,#4323,#4325,.T.);
#4323 = VERTEX_POINT('',#4324);
#4324 = CARTESIAN_POINT('',(-3.,-3.38,0.));
#4325 = LINE('',#4326,#4327);
#4326 = CARTESIAN_POINT('',(-2.674938966801,-3.38,0.));
#4327 = VECTOR('',#4328,1.);
#4328 = DIRECTION('',(-1.,1.144237745222E-17,0.));
#4329 = ORIENTED_EDGE('',*,*,#4330,.T.);
#4330 = EDGE_CURVE('',#4323,#4331,#4333,.T.);
#4331 = VERTEX_POINT('',#4332);
#4332 = CARTESIAN_POINT('',(-3.,-3.38,0.2));
#4333 = LINE('',#4334,#4335);
#4334 = CARTESIAN_POINT('',(-3.,-3.38,0.));
#4335 = VECTOR('',#4336,1.);
#4336 = DIRECTION('',(0.,0.,1.));
#4337 = ORIENTED_EDGE('',*,*,#4338,.T.);
#4338 = EDGE_CURVE('',#4331,#4339,#4341,.T.);
#4339 = VERTEX_POINT('',#4340);
#4340 = CARTESIAN_POINT('',(-2.674938966801,-3.38,0.2));
#4341 = LINE('',#4342,#4343);
#4342 = CARTESIAN_POINT('',(-3.,-3.38,0.2));
#4343 = VECTOR('',#4344,1.);
#4344 = DIRECTION('',(1.,-1.144237745222E-17,0.));
#4345 = ORIENTED_EDGE('',*,*,#4346,.T.);
#4346 = EDGE_CURVE('',#4339,#4347,#4349,.T.);
#4347 = VERTEX_POINT('',#4348);
#4348 = CARTESIAN_POINT('',(-2.5764581915,-3.38,0.282635182233));
#4349 = CIRCLE('',#4350,0.1);
#4350 = AXIS2_PLACEMENT_3D('',#4351,#4352,#4353);
#4351 = CARTESIAN_POINT('',(-2.674938966801,-3.38,0.3));
#4352 = DIRECTION('',(-1.144237745222E-17,-1.,-0.));
#4353 = DIRECTION('',(0.,0.,-1.));
#4354 = ORIENTED_EDGE('',*,*,#4355,.T.);
#4355 = EDGE_CURVE('',#4347,#4356,#4358,.T.);
#4356 = VERTEX_POINT('',#4357);
#4357 = CARTESIAN_POINT('',(-2.495442325904,-3.38,0.7770944533));
#4358 = LINE('',#4359,#4360);
#4359 = CARTESIAN_POINT('',(-2.5764581915,-3.38,0.282635182233));
#4360 = VECTOR('',#4361,1.);
#4361 = DIRECTION('',(0.161691392282,-1.85013394127E-18,0.986841372087)
  );
#4362 = ORIENTED_EDGE('',*,*,#4363,.T.);
#4363 = EDGE_CURVE('',#4356,#4364,#4366,.T.);
#4364 = VERTEX_POINT('',#4365);
#4365 = CARTESIAN_POINT('',(-2.2,-3.38,1.025));
#4366 = CIRCLE('',#4367,0.3);
#4367 = AXIS2_PLACEMENT_3D('',#4368,#4369,#4370);
#4368 = CARTESIAN_POINT('',(-2.2,-3.38,0.725));
#4369 = DIRECTION('',(1.144237745222E-17,1.,3.08148791102E-33));
#4370 = DIRECTION('',(-0.984807753012,1.126854202784E-17,0.173648177667)
  );
#4371 = ORIENTED_EDGE('',*,*,#4372,.T.);
#4372 = EDGE_CURVE('',#4364,#2553,#4373,.T.);
#4373 = LINE('',#4374,#4375);
#4374 = CARTESIAN_POINT('',(-2.2,-3.38,1.025));
#4375 = VECTOR('',#4376,1.);
#4376 = DIRECTION('',(1.,-1.144237745222E-17,0.));
#4377 = PLANE('',#4378);
#4378 = AXIS2_PLACEMENT_3D('',#4379,#4380,#4381);
#4379 = CARTESIAN_POINT('',(-2.410970442936,-3.38,0.528115505988));
#4380 = DIRECTION('',(1.144237745222E-17,1.,0.));
#4381 = DIRECTION('',(0.,-0.,1.));
#4382 = ADVANCED_FACE('',(#4383),#4402,.F.);
#4383 = FACE_BOUND('',#4384,.F.);
#4384 = EDGE_LOOP('',(#4385,#4386,#4395,#4401));
#4385 = ORIENTED_EDGE('',*,*,#2591,.T.);
#4386 = ORIENTED_EDGE('',*,*,#4387,.T.);
#4387 = EDGE_CURVE('',#2584,#4388,#4390,.T.);
#4388 = VERTEX_POINT('',#4389);
#4389 = CARTESIAN_POINT('',(-2.298480775301,-2.97,0.742364817767));
#4390 = CIRCLE('',#4391,0.1);
#4391 = AXIS2_PLACEMENT_3D('',#4392,#4393,#4394);
#4392 = CARTESIAN_POINT('',(-2.2,-2.97,0.725));
#4393 = DIRECTION('',(-1.144237745222E-17,-1.,-2.189528850508E-47));
#4394 = DIRECTION('',(-4.440892098501E-15,5.081436361563E-32,1.));
#4395 = ORIENTED_EDGE('',*,*,#4396,.F.);
#4396 = EDGE_CURVE('',#4297,#4388,#4397,.T.);
#4397 = LINE('',#4398,#4399);
#4398 = CARTESIAN_POINT('',(-2.298480775301,-3.38,0.742364817767));
#4399 = VECTOR('',#4400,1.);
#4400 = DIRECTION('',(1.144237745222E-17,1.,0.));
#4401 = ORIENTED_EDGE('',*,*,#4296,.F.);
#4402 = CYLINDRICAL_SURFACE('',#4403,0.1);
#4403 = AXIS2_PLACEMENT_3D('',#4404,#4405,#4406);
#4404 = CARTESIAN_POINT('',(-2.2,-3.38,0.725));
#4405 = DIRECTION('',(-1.144237745222E-17,-1.,0.));
#4406 = DIRECTION('',(-4.440892098501E-15,5.081436361563E-32,1.));
#4407 = ADVANCED_FACE('',(#4408),#4486,.T.);
#4408 = FACE_BOUND('',#4409,.T.);
#4409 = EDGE_LOOP('',(#4410,#4411,#4412,#4413,#4421,#4430,#4438,#4446,
    #4454,#4463,#4471,#4480));
#4410 = ORIENTED_EDGE('',*,*,#2605,.F.);
#4411 = ORIENTED_EDGE('',*,*,#2583,.T.);
#4412 = ORIENTED_EDGE('',*,*,#4387,.T.);
#4413 = ORIENTED_EDGE('',*,*,#4414,.T.);
#4414 = EDGE_CURVE('',#4388,#4415,#4417,.T.);
#4415 = VERTEX_POINT('',#4416);
#4416 = CARTESIAN_POINT('',(-2.379496640897,-2.97,0.2479055467));
#4417 = LINE('',#4418,#4419);
#4418 = CARTESIAN_POINT('',(-2.298480775301,-2.97,0.742364817767));
#4419 = VECTOR('',#4420,1.);
#4420 = DIRECTION('',(-0.161691392282,1.85013394127E-18,-0.986841372087)
  );
#4421 = ORIENTED_EDGE('',*,*,#4422,.T.);
#4422 = EDGE_CURVE('',#4415,#4423,#4425,.T.);
#4423 = VERTEX_POINT('',#4424);
#4424 = CARTESIAN_POINT('',(-2.674938966801,-2.97,0.));
#4425 = CIRCLE('',#4426,0.3);
#4426 = AXIS2_PLACEMENT_3D('',#4427,#4428,#4429);
#4427 = CARTESIAN_POINT('',(-2.674938966801,-2.97,0.3));
#4428 = DIRECTION('',(1.144237745222E-17,1.,-2.311115933265E-33));
#4429 = DIRECTION('',(0.984807753012,-1.126854202784E-17,-0.173648177667
    ));
#4430 = ORIENTED_EDGE('',*,*,#4431,.T.);
#4431 = EDGE_CURVE('',#4423,#4432,#4434,.T.);
#4432 = VERTEX_POINT('',#4433);
#4433 = CARTESIAN_POINT('',(-3.,-2.97,0.));
#4434 = LINE('',#4435,#4436);
#4435 = CARTESIAN_POINT('',(-2.674938966801,-2.97,0.));
#4436 = VECTOR('',#4437,1.);
#4437 = DIRECTION('',(-1.,1.144237745222E-17,0.));
#4438 = ORIENTED_EDGE('',*,*,#4439,.T.);
#4439 = EDGE_CURVE('',#4432,#4440,#4442,.T.);
#4440 = VERTEX_POINT('',#4441);
#4441 = CARTESIAN_POINT('',(-3.,-2.97,0.2));
#4442 = LINE('',#4443,#4444);
#4443 = CARTESIAN_POINT('',(-3.,-2.97,0.));
#4444 = VECTOR('',#4445,1.);
#4445 = DIRECTION('',(0.,0.,1.));
#4446 = ORIENTED_EDGE('',*,*,#4447,.T.);
#4447 = EDGE_CURVE('',#4440,#4448,#4450,.T.);
#4448 = VERTEX_POINT('',#4449);
#4449 = CARTESIAN_POINT('',(-2.674938966801,-2.97,0.2));
#4450 = LINE('',#4451,#4452);
#4451 = CARTESIAN_POINT('',(-3.,-2.97,0.2));
#4452 = VECTOR('',#4453,1.);
#4453 = DIRECTION('',(1.,-1.144237745222E-17,0.));
#4454 = ORIENTED_EDGE('',*,*,#4455,.T.);
#4455 = EDGE_CURVE('',#4448,#4456,#4458,.T.);
#4456 = VERTEX_POINT('',#4457);
#4457 = CARTESIAN_POINT('',(-2.5764581915,-2.97,0.282635182233));
#4458 = CIRCLE('',#4459,0.1);
#4459 = AXIS2_PLACEMENT_3D('',#4460,#4461,#4462);
#4460 = CARTESIAN_POINT('',(-2.674938966801,-2.97,0.3));
#4461 = DIRECTION('',(-1.144237745222E-17,-1.,-0.));
#4462 = DIRECTION('',(0.,0.,-1.));
#4463 = ORIENTED_EDGE('',*,*,#4464,.T.);
#4464 = EDGE_CURVE('',#4456,#4465,#4467,.T.);
#4465 = VERTEX_POINT('',#4466);
#4466 = CARTESIAN_POINT('',(-2.495442325904,-2.97,0.7770944533));
#4467 = LINE('',#4468,#4469);
#4468 = CARTESIAN_POINT('',(-2.5764581915,-2.97,0.282635182233));
#4469 = VECTOR('',#4470,1.);
#4470 = DIRECTION('',(0.161691392282,-1.85013394127E-18,0.986841372087)
  );
#4471 = ORIENTED_EDGE('',*,*,#4472,.T.);
#4472 = EDGE_CURVE('',#4465,#4473,#4475,.T.);
#4473 = VERTEX_POINT('',#4474);
#4474 = CARTESIAN_POINT('',(-2.2,-2.97,1.025));
#4475 = CIRCLE('',#4476,0.3);
#4476 = AXIS2_PLACEMENT_3D('',#4477,#4478,#4479);
#4477 = CARTESIAN_POINT('',(-2.2,-2.97,0.725));
#4478 = DIRECTION('',(1.144237745222E-17,1.,3.08148791102E-33));
#4479 = DIRECTION('',(-0.984807753012,1.126854202784E-17,0.173648177667)
  );
#4480 = ORIENTED_EDGE('',*,*,#4481,.T.);
#4481 = EDGE_CURVE('',#4473,#2606,#4482,.T.);
#4482 = LINE('',#4483,#4484);
#4483 = CARTESIAN_POINT('',(-2.2,-2.97,1.025));
#4484 = VECTOR('',#4485,1.);
#4485 = DIRECTION('',(1.,-1.144237745222E-17,0.));
#4486 = PLANE('',#4487);
#4487 = AXIS2_PLACEMENT_3D('',#4488,#4489,#4490);
#4488 = CARTESIAN_POINT('',(-2.410970442936,-2.97,0.528115505988));
#4489 = DIRECTION('',(1.144237745222E-17,1.,0.));
#4490 = DIRECTION('',(0.,-0.,1.));
#4491 = ADVANCED_FACE('',(#4492),#4508,.F.);
#4492 = FACE_BOUND('',#4493,.F.);
#4493 = EDGE_LOOP('',(#4494,#4495,#4501,#4502));
#4494 = ORIENTED_EDGE('',*,*,#2622,.T.);
#4495 = ORIENTED_EDGE('',*,*,#4496,.T.);
#4496 = EDGE_CURVE('',#2615,#3649,#4497,.T.);
#4497 = LINE('',#4498,#4499);
#4498 = CARTESIAN_POINT('',(-2.2,-2.11,1.025));
#4499 = VECTOR('',#4500,1.);
#4500 = DIRECTION('',(1.,-1.144237745222E-17,0.));
#4501 = ORIENTED_EDGE('',*,*,#3648,.F.);
#4502 = ORIENTED_EDGE('',*,*,#4503,.F.);
#4503 = EDGE_CURVE('',#2606,#3641,#4504,.T.);
#4504 = LINE('',#4505,#4506);
#4505 = CARTESIAN_POINT('',(-2.2,-2.97,1.025));
#4506 = VECTOR('',#4507,1.);
#4507 = DIRECTION('',(1.,-1.144237745222E-17,0.));
#4508 = PLANE('',#4509);
#4509 = AXIS2_PLACEMENT_3D('',#4510,#4511,#4512);
#4510 = CARTESIAN_POINT('',(-5.802635690585E-16,4.9125,1.025));
#4511 = DIRECTION('',(2.007919022431E-31,-9.466330862652E-27,-1.));
#4512 = DIRECTION('',(1.,1.11487299784E-16,2.00791902242E-31));
#4513 = ADVANCED_FACE('',(#4514),#4600,.F.);
#4514 = FACE_BOUND('',#4515,.F.);
#4515 = EDGE_LOOP('',(#4516,#4517,#4518,#4527,#4535,#4544,#4552,#4560,
    #4568,#4577,#4585,#4594));
#4516 = ORIENTED_EDGE('',*,*,#2614,.F.);
#4517 = ORIENTED_EDGE('',*,*,#2636,.T.);
#4518 = ORIENTED_EDGE('',*,*,#4519,.T.);
#4519 = EDGE_CURVE('',#2637,#4520,#4522,.T.);
#4520 = VERTEX_POINT('',#4521);
#4521 = CARTESIAN_POINT('',(-2.298480775301,-2.11,0.742364817767));
#4522 = CIRCLE('',#4523,0.1);
#4523 = AXIS2_PLACEMENT_3D('',#4524,#4525,#4526);
#4524 = CARTESIAN_POINT('',(-2.2,-2.11,0.725));
#4525 = DIRECTION('',(-1.144237745222E-17,-1.,-2.189528850508E-47));
#4526 = DIRECTION('',(-4.440892098501E-15,5.081436361563E-32,1.));
#4527 = ORIENTED_EDGE('',*,*,#4528,.T.);
#4528 = EDGE_CURVE('',#4520,#4529,#4531,.T.);
#4529 = VERTEX_POINT('',#4530);
#4530 = CARTESIAN_POINT('',(-2.379496640897,-2.11,0.2479055467));
#4531 = LINE('',#4532,#4533);
#4532 = CARTESIAN_POINT('',(-2.298480775301,-2.11,0.742364817767));
#4533 = VECTOR('',#4534,1.);
#4534 = DIRECTION('',(-0.161691392282,1.85013394127E-18,-0.986841372087)
  );
#4535 = ORIENTED_EDGE('',*,*,#4536,.T.);
#4536 = EDGE_CURVE('',#4529,#4537,#4539,.T.);
#4537 = VERTEX_POINT('',#4538);
#4538 = CARTESIAN_POINT('',(-2.674938966801,-2.11,0.));
#4539 = CIRCLE('',#4540,0.3);
#4540 = AXIS2_PLACEMENT_3D('',#4541,#4542,#4543);
#4541 = CARTESIAN_POINT('',(-2.674938966801,-2.11,0.3));
#4542 = DIRECTION('',(1.144237745222E-17,1.,-2.311115933265E-33));
#4543 = DIRECTION('',(0.984807753012,-1.126854202784E-17,-0.173648177667
    ));
#4544 = ORIENTED_EDGE('',*,*,#4545,.T.);
#4545 = EDGE_CURVE('',#4537,#4546,#4548,.T.);
#4546 = VERTEX_POINT('',#4547);
#4547 = CARTESIAN_POINT('',(-3.,-2.11,0.));
#4548 = LINE('',#4549,#4550);
#4549 = CARTESIAN_POINT('',(-2.674938966801,-2.11,0.));
#4550 = VECTOR('',#4551,1.);
#4551 = DIRECTION('',(-1.,1.144237745222E-17,0.));
#4552 = ORIENTED_EDGE('',*,*,#4553,.T.);
#4553 = EDGE_CURVE('',#4546,#4554,#4556,.T.);
#4554 = VERTEX_POINT('',#4555);
#4555 = CARTESIAN_POINT('',(-3.,-2.11,0.2));
#4556 = LINE('',#4557,#4558);
#4557 = CARTESIAN_POINT('',(-3.,-2.11,0.));
#4558 = VECTOR('',#4559,1.);
#4559 = DIRECTION('',(0.,0.,1.));
#4560 = ORIENTED_EDGE('',*,*,#4561,.T.);
#4561 = EDGE_CURVE('',#4554,#4562,#4564,.T.);
#4562 = VERTEX_POINT('',#4563);
#4563 = CARTESIAN_POINT('',(-2.674938966801,-2.11,0.2));
#4564 = LINE('',#4565,#4566);
#4565 = CARTESIAN_POINT('',(-3.,-2.11,0.2));
#4566 = VECTOR('',#4567,1.);
#4567 = DIRECTION('',(1.,-1.144237745222E-17,0.));
#4568 = ORIENTED_EDGE('',*,*,#4569,.T.);
#4569 = EDGE_CURVE('',#4562,#4570,#4572,.T.);
#4570 = VERTEX_POINT('',#4571);
#4571 = CARTESIAN_POINT('',(-2.5764581915,-2.11,0.282635182233));
#4572 = CIRCLE('',#4573,0.1);
#4573 = AXIS2_PLACEMENT_3D('',#4574,#4575,#4576);
#4574 = CARTESIAN_POINT('',(-2.674938966801,-2.11,0.3));
#4575 = DIRECTION('',(-1.144237745222E-17,-1.,-0.));
#4576 = DIRECTION('',(0.,0.,-1.));
#4577 = ORIENTED_EDGE('',*,*,#4578,.T.);
#4578 = EDGE_CURVE('',#4570,#4579,#4581,.T.);
#4579 = VERTEX_POINT('',#4580);
#4580 = CARTESIAN_POINT('',(-2.495442325904,-2.11,0.7770944533));
#4581 = LINE('',#4582,#4583);
#4582 = CARTESIAN_POINT('',(-2.5764581915,-2.11,0.282635182233));
#4583 = VECTOR('',#4584,1.);
#4584 = DIRECTION('',(0.161691392282,-1.85013394127E-18,0.986841372087)
  );
#4585 = ORIENTED_EDGE('',*,*,#4586,.T.);
#4586 = EDGE_CURVE('',#4579,#4587,#4589,.T.);
#4587 = VERTEX_POINT('',#4588);
#4588 = CARTESIAN_POINT('',(-2.2,-2.11,1.025));
#4589 = CIRCLE('',#4590,0.3);
#4590 = AXIS2_PLACEMENT_3D('',#4591,#4592,#4593);
#4591 = CARTESIAN_POINT('',(-2.2,-2.11,0.725));
#4592 = DIRECTION('',(1.144237745222E-17,1.,3.08148791102E-33));
#4593 = DIRECTION('',(-0.984807753012,1.126854202784E-17,0.173648177667)
  );
#4594 = ORIENTED_EDGE('',*,*,#4595,.T.);
#4595 = EDGE_CURVE('',#4587,#2615,#4596,.T.);
#4596 = LINE('',#4597,#4598);
#4597 = CARTESIAN_POINT('',(-2.2,-2.11,1.025));
#4598 = VECTOR('',#4599,1.);
#4599 = DIRECTION('',(1.,-1.144237745222E-17,0.));
#4600 = PLANE('',#4601);
#4601 = AXIS2_PLACEMENT_3D('',#4602,#4603,#4604);
#4602 = CARTESIAN_POINT('',(-2.410970442936,-2.11,0.528115505988));
#4603 = DIRECTION('',(1.144237745222E-17,1.,0.));
#4604 = DIRECTION('',(0.,-0.,1.));
#4605 = ADVANCED_FACE('',(#4606),#4625,.F.);
#4606 = FACE_BOUND('',#4607,.F.);
#4607 = EDGE_LOOP('',(#4608,#4609,#4618,#4624));
#4608 = ORIENTED_EDGE('',*,*,#2653,.T.);
#4609 = ORIENTED_EDGE('',*,*,#4610,.T.);
#4610 = EDGE_CURVE('',#2646,#4611,#4613,.T.);
#4611 = VERTEX_POINT('',#4612);
#4612 = CARTESIAN_POINT('',(-2.298480775301,-1.7,0.742364817767));
#4613 = CIRCLE('',#4614,0.1);
#4614 = AXIS2_PLACEMENT_3D('',#4615,#4616,#4617);
#4615 = CARTESIAN_POINT('',(-2.2,-1.7,0.725));
#4616 = DIRECTION('',(-1.144237745222E-17,-1.,-2.189528850508E-47));
#4617 = DIRECTION('',(-4.440892098501E-15,5.081436361563E-32,1.));
#4618 = ORIENTED_EDGE('',*,*,#4619,.F.);
#4619 = EDGE_CURVE('',#4520,#4611,#4620,.T.);
#4620 = LINE('',#4621,#4622);
#4621 = CARTESIAN_POINT('',(-2.298480775301,-2.11,0.742364817767));
#4622 = VECTOR('',#4623,1.);
#4623 = DIRECTION('',(1.144237745222E-17,1.,0.));
#4624 = ORIENTED_EDGE('',*,*,#4519,.F.);
#4625 = CYLINDRICAL_SURFACE('',#4626,0.1);
#4626 = AXIS2_PLACEMENT_3D('',#4627,#4628,#4629);
#4627 = CARTESIAN_POINT('',(-2.2,-2.11,0.725));
#4628 = DIRECTION('',(-1.144237745222E-17,-1.,0.));
#4629 = DIRECTION('',(-4.440892098501E-15,5.081436361563E-32,1.));
#4630 = ADVANCED_FACE('',(#4631),#4709,.T.);
#4631 = FACE_BOUND('',#4632,.T.);
#4632 = EDGE_LOOP('',(#4633,#4634,#4635,#4636,#4644,#4653,#4661,#4669,
    #4677,#4686,#4694,#4703));
#4633 = ORIENTED_EDGE('',*,*,#2667,.F.);
#4634 = ORIENTED_EDGE('',*,*,#2645,.T.);
#4635 = ORIENTED_EDGE('',*,*,#4610,.T.);
#4636 = ORIENTED_EDGE('',*,*,#4637,.T.);
#4637 = EDGE_CURVE('',#4611,#4638,#4640,.T.);
#4638 = VERTEX_POINT('',#4639);
#4639 = CARTESIAN_POINT('',(-2.379496640897,-1.7,0.2479055467));
#4640 = LINE('',#4641,#4642);
#4641 = CARTESIAN_POINT('',(-2.298480775301,-1.7,0.742364817767));
#4642 = VECTOR('',#4643,1.);
#4643 = DIRECTION('',(-0.161691392282,1.85013394127E-18,-0.986841372087)
  );
#4644 = ORIENTED_EDGE('',*,*,#4645,.T.);
#4645 = EDGE_CURVE('',#4638,#4646,#4648,.T.);
#4646 = VERTEX_POINT('',#4647);
#4647 = CARTESIAN_POINT('',(-2.674938966801,-1.7,0.));
#4648 = CIRCLE('',#4649,0.3);
#4649 = AXIS2_PLACEMENT_3D('',#4650,#4651,#4652);
#4650 = CARTESIAN_POINT('',(-2.674938966801,-1.7,0.3));
#4651 = DIRECTION('',(1.144237745222E-17,1.,-2.311115933265E-33));
#4652 = DIRECTION('',(0.984807753012,-1.126854202784E-17,-0.173648177667
    ));
#4653 = ORIENTED_EDGE('',*,*,#4654,.T.);
#4654 = EDGE_CURVE('',#4646,#4655,#4657,.T.);
#4655 = VERTEX_POINT('',#4656);
#4656 = CARTESIAN_POINT('',(-3.,-1.7,0.));
#4657 = LINE('',#4658,#4659);
#4658 = CARTESIAN_POINT('',(-2.674938966801,-1.7,0.));
#4659 = VECTOR('',#4660,1.);
#4660 = DIRECTION('',(-1.,1.144237745222E-17,0.));
#4661 = ORIENTED_EDGE('',*,*,#4662,.T.);
#4662 = EDGE_CURVE('',#4655,#4663,#4665,.T.);
#4663 = VERTEX_POINT('',#4664);
#4664 = CARTESIAN_POINT('',(-3.,-1.7,0.2));
#4665 = LINE('',#4666,#4667);
#4666 = CARTESIAN_POINT('',(-3.,-1.7,0.));
#4667 = VECTOR('',#4668,1.);
#4668 = DIRECTION('',(0.,0.,1.));
#4669 = ORIENTED_EDGE('',*,*,#4670,.T.);
#4670 = EDGE_CURVE('',#4663,#4671,#4673,.T.);
#4671 = VERTEX_POINT('',#4672);
#4672 = CARTESIAN_POINT('',(-2.674938966801,-1.7,0.2));
#4673 = LINE('',#4674,#4675);
#4674 = CARTESIAN_POINT('',(-3.,-1.7,0.2));
#4675 = VECTOR('',#4676,1.);
#4676 = DIRECTION('',(1.,-1.144237745222E-17,0.));
#4677 = ORIENTED_EDGE('',*,*,#4678,.T.);
#4678 = EDGE_CURVE('',#4671,#4679,#4681,.T.);
#4679 = VERTEX_POINT('',#4680);
#4680 = CARTESIAN_POINT('',(-2.5764581915,-1.7,0.282635182233));
#4681 = CIRCLE('',#4682,0.1);
#4682 = AXIS2_PLACEMENT_3D('',#4683,#4684,#4685);
#4683 = CARTESIAN_POINT('',(-2.674938966801,-1.7,0.3));
#4684 = DIRECTION('',(-1.144237745222E-17,-1.,-0.));
#4685 = DIRECTION('',(0.,0.,-1.));
#4686 = ORIENTED_EDGE('',*,*,#4687,.T.);
#4687 = EDGE_CURVE('',#4679,#4688,#4690,.T.);
#4688 = VERTEX_POINT('',#4689);
#4689 = CARTESIAN_POINT('',(-2.495442325904,-1.7,0.7770944533));
#4690 = LINE('',#4691,#4692);
#4691 = CARTESIAN_POINT('',(-2.5764581915,-1.7,0.282635182233));
#4692 = VECTOR('',#4693,1.);
#4693 = DIRECTION('',(0.161691392282,-1.85013394127E-18,0.986841372087)
  );
#4694 = ORIENTED_EDGE('',*,*,#4695,.T.);
#4695 = EDGE_CURVE('',#4688,#4696,#4698,.T.);
#4696 = VERTEX_POINT('',#4697);
#4697 = CARTESIAN_POINT('',(-2.2,-1.7,1.025));
#4698 = CIRCLE('',#4699,0.3);
#4699 = AXIS2_PLACEMENT_3D('',#4700,#4701,#4702);
#4700 = CARTESIAN_POINT('',(-2.2,-1.7,0.725));
#4701 = DIRECTION('',(1.144237745222E-17,1.,3.08148791102E-33));
#4702 = DIRECTION('',(-0.984807753012,1.126854202784E-17,0.173648177667)
  );
#4703 = ORIENTED_EDGE('',*,*,#4704,.T.);
#4704 = EDGE_CURVE('',#4696,#2668,#4705,.T.);
#4705 = LINE('',#4706,#4707);
#4706 = CARTESIAN_POINT('',(-2.2,-1.7,1.025));
#4707 = VECTOR('',#4708,1.);
#4708 = DIRECTION('',(1.,-1.144237745222E-17,0.));
#4709 = PLANE('',#4710);
#4710 = AXIS2_PLACEMENT_3D('',#4711,#4712,#4713);
#4711 = CARTESIAN_POINT('',(-2.410970442936,-1.7,0.528115505988));
#4712 = DIRECTION('',(1.144237745222E-17,1.,0.));
#4713 = DIRECTION('',(0.,-0.,1.));
#4714 = ADVANCED_FACE('',(#4715),#4731,.F.);
#4715 = FACE_BOUND('',#4716,.F.);
#4716 = EDGE_LOOP('',(#4717,#4718,#4724,#4725));
#4717 = ORIENTED_EDGE('',*,*,#2684,.T.);
#4718 = ORIENTED_EDGE('',*,*,#4719,.T.);
#4719 = EDGE_CURVE('',#2677,#3665,#4720,.T.);
#4720 = LINE('',#4721,#4722);
#4721 = CARTESIAN_POINT('',(-2.2,-0.84,1.025));
#4722 = VECTOR('',#4723,1.);
#4723 = DIRECTION('',(1.,-1.144237745222E-17,0.));
#4724 = ORIENTED_EDGE('',*,*,#3664,.F.);
#4725 = ORIENTED_EDGE('',*,*,#4726,.F.);
#4726 = EDGE_CURVE('',#2668,#3657,#4727,.T.);
#4727 = LINE('',#4728,#4729);
#4728 = CARTESIAN_POINT('',(-2.2,-1.7,1.025));
#4729 = VECTOR('',#4730,1.);
#4730 = DIRECTION('',(1.,-1.144237745222E-17,0.));
#4731 = PLANE('',#4732);
#4732 = AXIS2_PLACEMENT_3D('',#4733,#4734,#4735);
#4733 = CARTESIAN_POINT('',(-5.802635690585E-16,4.9125,1.025));
#4734 = DIRECTION('',(2.007919022431E-31,-9.466330862652E-27,-1.));
#4735 = DIRECTION('',(1.,1.11487299784E-16,2.00791902242E-31));
#4736 = ADVANCED_FACE('',(#4737),#4823,.F.);
#4737 = FACE_BOUND('',#4738,.F.);
#4738 = EDGE_LOOP('',(#4739,#4740,#4741,#4750,#4758,#4767,#4775,#4783,
    #4791,#4800,#4808,#4817));
#4739 = ORIENTED_EDGE('',*,*,#2676,.F.);
#4740 = ORIENTED_EDGE('',*,*,#2698,.T.);
#4741 = ORIENTED_EDGE('',*,*,#4742,.T.);
#4742 = EDGE_CURVE('',#2699,#4743,#4745,.T.);
#4743 = VERTEX_POINT('',#4744);
#4744 = CARTESIAN_POINT('',(-2.298480775301,-0.84,0.742364817767));
#4745 = CIRCLE('',#4746,0.1);
#4746 = AXIS2_PLACEMENT_3D('',#4747,#4748,#4749);
#4747 = CARTESIAN_POINT('',(-2.2,-0.84,0.725));
#4748 = DIRECTION('',(-1.144237745222E-17,-1.,-2.189528850508E-47));
#4749 = DIRECTION('',(-4.440892098501E-15,5.081436361563E-32,1.));
#4750 = ORIENTED_EDGE('',*,*,#4751,.T.);
#4751 = EDGE_CURVE('',#4743,#4752,#4754,.T.);
#4752 = VERTEX_POINT('',#4753);
#4753 = CARTESIAN_POINT('',(-2.379496640897,-0.84,0.2479055467));
#4754 = LINE('',#4755,#4756);
#4755 = CARTESIAN_POINT('',(-2.298480775301,-0.84,0.742364817767));
#4756 = VECTOR('',#4757,1.);
#4757 = DIRECTION('',(-0.161691392282,1.85013394127E-18,-0.986841372087)
  );
#4758 = ORIENTED_EDGE('',*,*,#4759,.T.);
#4759 = EDGE_CURVE('',#4752,#4760,#4762,.T.);
#4760 = VERTEX_POINT('',#4761);
#4761 = CARTESIAN_POINT('',(-2.674938966801,-0.84,0.));
#4762 = CIRCLE('',#4763,0.3);
#4763 = AXIS2_PLACEMENT_3D('',#4764,#4765,#4766);
#4764 = CARTESIAN_POINT('',(-2.674938966801,-0.84,0.3));
#4765 = DIRECTION('',(1.144237745222E-17,1.,-2.311115933265E-33));
#4766 = DIRECTION('',(0.984807753012,-1.126854202784E-17,-0.173648177667
    ));
#4767 = ORIENTED_EDGE('',*,*,#4768,.T.);
#4768 = EDGE_CURVE('',#4760,#4769,#4771,.T.);
#4769 = VERTEX_POINT('',#4770);
#4770 = CARTESIAN_POINT('',(-3.,-0.84,0.));
#4771 = LINE('',#4772,#4773);
#4772 = CARTESIAN_POINT('',(-2.674938966801,-0.84,0.));
#4773 = VECTOR('',#4774,1.);
#4774 = DIRECTION('',(-1.,1.144237745222E-17,0.));
#4775 = ORIENTED_EDGE('',*,*,#4776,.T.);
#4776 = EDGE_CURVE('',#4769,#4777,#4779,.T.);
#4777 = VERTEX_POINT('',#4778);
#4778 = CARTESIAN_POINT('',(-3.,-0.84,0.2));
#4779 = LINE('',#4780,#4781);
#4780 = CARTESIAN_POINT('',(-3.,-0.84,0.));
#4781 = VECTOR('',#4782,1.);
#4782 = DIRECTION('',(0.,0.,1.));
#4783 = ORIENTED_EDGE('',*,*,#4784,.T.);
#4784 = EDGE_CURVE('',#4777,#4785,#4787,.T.);
#4785 = VERTEX_POINT('',#4786);
#4786 = CARTESIAN_POINT('',(-2.674938966801,-0.84,0.2));
#4787 = LINE('',#4788,#4789);
#4788 = CARTESIAN_POINT('',(-3.,-0.84,0.2));
#4789 = VECTOR('',#4790,1.);
#4790 = DIRECTION('',(1.,-1.144237745222E-17,0.));
#4791 = ORIENTED_EDGE('',*,*,#4792,.T.);
#4792 = EDGE_CURVE('',#4785,#4793,#4795,.T.);
#4793 = VERTEX_POINT('',#4794);
#4794 = CARTESIAN_POINT('',(-2.5764581915,-0.84,0.282635182233));
#4795 = CIRCLE('',#4796,0.1);
#4796 = AXIS2_PLACEMENT_3D('',#4797,#4798,#4799);
#4797 = CARTESIAN_POINT('',(-2.674938966801,-0.84,0.3));
#4798 = DIRECTION('',(-1.144237745222E-17,-1.,-0.));
#4799 = DIRECTION('',(0.,0.,-1.));
#4800 = ORIENTED_EDGE('',*,*,#4801,.T.);
#4801 = EDGE_CURVE('',#4793,#4802,#4804,.T.);
#4802 = VERTEX_POINT('',#4803);
#4803 = CARTESIAN_POINT('',(-2.495442325904,-0.84,0.7770944533));
#4804 = LINE('',#4805,#4806);
#4805 = CARTESIAN_POINT('',(-2.5764581915,-0.84,0.282635182233));
#4806 = VECTOR('',#4807,1.);
#4807 = DIRECTION('',(0.161691392282,-1.85013394127E-18,0.986841372087)
  );
#4808 = ORIENTED_EDGE('',*,*,#4809,.T.);
#4809 = EDGE_CURVE('',#4802,#4810,#4812,.T.);
#4810 = VERTEX_POINT('',#4811);
#4811 = CARTESIAN_POINT('',(-2.2,-0.84,1.025));
#4812 = CIRCLE('',#4813,0.3);
#4813 = AXIS2_PLACEMENT_3D('',#4814,#4815,#4816);
#4814 = CARTESIAN_POINT('',(-2.2,-0.84,0.725));
#4815 = DIRECTION('',(1.144237745222E-17,1.,3.08148791102E-33));
#4816 = DIRECTION('',(-0.984807753012,1.126854202784E-17,0.173648177667)
  );
#4817 = ORIENTED_EDGE('',*,*,#4818,.T.);
#4818 = EDGE_CURVE('',#4810,#2677,#4819,.T.);
#4819 = LINE('',#4820,#4821);
#4820 = CARTESIAN_POINT('',(-2.2,-0.84,1.025));
#4821 = VECTOR('',#4822,1.);
#4822 = DIRECTION('',(1.,-1.144237745222E-17,0.));
#4823 = PLANE('',#4824);
#4824 = AXIS2_PLACEMENT_3D('',#4825,#4826,#4827);
#4825 = CARTESIAN_POINT('',(-2.410970442936,-0.84,0.528115505988));
#4826 = DIRECTION('',(1.144237745222E-17,1.,0.));
#4827 = DIRECTION('',(0.,-0.,1.));
#4828 = ADVANCED_FACE('',(#4829),#4848,.F.);
#4829 = FACE_BOUND('',#4830,.F.);
#4830 = EDGE_LOOP('',(#4831,#4832,#4841,#4847));
#4831 = ORIENTED_EDGE('',*,*,#2715,.T.);
#4832 = ORIENTED_EDGE('',*,*,#4833,.T.);
#4833 = EDGE_CURVE('',#2708,#4834,#4836,.T.);
#4834 = VERTEX_POINT('',#4835);
#4835 = CARTESIAN_POINT('',(-2.298480775301,-0.43,0.742364817767));
#4836 = CIRCLE('',#4837,0.1);
#4837 = AXIS2_PLACEMENT_3D('',#4838,#4839,#4840);
#4838 = CARTESIAN_POINT('',(-2.2,-0.43,0.725));
#4839 = DIRECTION('',(-1.144237745222E-17,-1.,-2.189528850508E-47));
#4840 = DIRECTION('',(-4.440892098501E-15,5.081436361563E-32,1.));
#4841 = ORIENTED_EDGE('',*,*,#4842,.F.);
#4842 = EDGE_CURVE('',#4743,#4834,#4843,.T.);
#4843 = LINE('',#4844,#4845);
#4844 = CARTESIAN_POINT('',(-2.298480775301,-0.84,0.742364817767));
#4845 = VECTOR('',#4846,1.);
#4846 = DIRECTION('',(1.144237745222E-17,1.,0.));
#4847 = ORIENTED_EDGE('',*,*,#4742,.F.);
#4848 = CYLINDRICAL_SURFACE('',#4849,0.1);
#4849 = AXIS2_PLACEMENT_3D('',#4850,#4851,#4852);
#4850 = CARTESIAN_POINT('',(-2.2,-0.84,0.725));
#4851 = DIRECTION('',(-1.144237745222E-17,-1.,0.));
#4852 = DIRECTION('',(-4.440892098501E-15,5.081436361563E-32,1.));
#4853 = ADVANCED_FACE('',(#4854),#4932,.T.);
#4854 = FACE_BOUND('',#4855,.T.);
#4855 = EDGE_LOOP('',(#4856,#4857,#4858,#4859,#4867,#4876,#4884,#4892,
    #4900,#4909,#4917,#4926));
#4856 = ORIENTED_EDGE('',*,*,#2729,.F.);
#4857 = ORIENTED_EDGE('',*,*,#2707,.T.);
#4858 = ORIENTED_EDGE('',*,*,#4833,.T.);
#4859 = ORIENTED_EDGE('',*,*,#4860,.T.);
#4860 = EDGE_CURVE('',#4834,#4861,#4863,.T.);
#4861 = VERTEX_POINT('',#4862);
#4862 = CARTESIAN_POINT('',(-2.379496640897,-0.43,0.2479055467));
#4863 = LINE('',#4864,#4865);
#4864 = CARTESIAN_POINT('',(-2.298480775301,-0.43,0.742364817767));
#4865 = VECTOR('',#4866,1.);
#4866 = DIRECTION('',(-0.161691392282,1.85013394127E-18,-0.986841372087)
  );
#4867 = ORIENTED_EDGE('',*,*,#4868,.T.);
#4868 = EDGE_CURVE('',#4861,#4869,#4871,.T.);
#4869 = VERTEX_POINT('',#4870);
#4870 = CARTESIAN_POINT('',(-2.674938966801,-0.43,0.));
#4871 = CIRCLE('',#4872,0.3);
#4872 = AXIS2_PLACEMENT_3D('',#4873,#4874,#4875);
#4873 = CARTESIAN_POINT('',(-2.674938966801,-0.43,0.3));
#4874 = DIRECTION('',(1.144237745222E-17,1.,-2.311115933265E-33));
#4875 = DIRECTION('',(0.984807753012,-1.126854202784E-17,-0.173648177667
    ));
#4876 = ORIENTED_EDGE('',*,*,#4877,.T.);
#4877 = EDGE_CURVE('',#4869,#4878,#4880,.T.);
#4878 = VERTEX_POINT('',#4879);
#4879 = CARTESIAN_POINT('',(-3.,-0.43,0.));
#4880 = LINE('',#4881,#4882);
#4881 = CARTESIAN_POINT('',(-2.674938966801,-0.43,0.));
#4882 = VECTOR('',#4883,1.);
#4883 = DIRECTION('',(-1.,1.144237745222E-17,0.));
#4884 = ORIENTED_EDGE('',*,*,#4885,.T.);
#4885 = EDGE_CURVE('',#4878,#4886,#4888,.T.);
#4886 = VERTEX_POINT('',#4887);
#4887 = CARTESIAN_POINT('',(-3.,-0.43,0.2));
#4888 = LINE('',#4889,#4890);
#4889 = CARTESIAN_POINT('',(-3.,-0.43,0.));
#4890 = VECTOR('',#4891,1.);
#4891 = DIRECTION('',(0.,0.,1.));
#4892 = ORIENTED_EDGE('',*,*,#4893,.T.);
#4893 = EDGE_CURVE('',#4886,#4894,#4896,.T.);
#4894 = VERTEX_POINT('',#4895);
#4895 = CARTESIAN_POINT('',(-2.674938966801,-0.43,0.2));
#4896 = LINE('',#4897,#4898);
#4897 = CARTESIAN_POINT('',(-3.,-0.43,0.2));
#4898 = VECTOR('',#4899,1.);
#4899 = DIRECTION('',(1.,-1.144237745222E-17,0.));
#4900 = ORIENTED_EDGE('',*,*,#4901,.T.);
#4901 = EDGE_CURVE('',#4894,#4902,#4904,.T.);
#4902 = VERTEX_POINT('',#4903);
#4903 = CARTESIAN_POINT('',(-2.5764581915,-0.43,0.282635182233));
#4904 = CIRCLE('',#4905,0.1);
#4905 = AXIS2_PLACEMENT_3D('',#4906,#4907,#4908);
#4906 = CARTESIAN_POINT('',(-2.674938966801,-0.43,0.3));
#4907 = DIRECTION('',(-1.144237745222E-17,-1.,-0.));
#4908 = DIRECTION('',(0.,0.,-1.));
#4909 = ORIENTED_EDGE('',*,*,#4910,.T.);
#4910 = EDGE_CURVE('',#4902,#4911,#4913,.T.);
#4911 = VERTEX_POINT('',#4912);
#4912 = CARTESIAN_POINT('',(-2.495442325904,-0.43,0.7770944533));
#4913 = LINE('',#4914,#4915);
#4914 = CARTESIAN_POINT('',(-2.5764581915,-0.43,0.282635182233));
#4915 = VECTOR('',#4916,1.);
#4916 = DIRECTION('',(0.161691392282,-1.85013394127E-18,0.986841372087)
  );
#4917 = ORIENTED_EDGE('',*,*,#4918,.T.);
#4918 = EDGE_CURVE('',#4911,#4919,#4921,.T.);
#4919 = VERTEX_POINT('',#4920);
#4920 = CARTESIAN_POINT('',(-2.2,-0.43,1.025));
#4921 = CIRCLE('',#4922,0.3);
#4922 = AXIS2_PLACEMENT_3D('',#4923,#4924,#4925);
#4923 = CARTESIAN_POINT('',(-2.2,-0.43,0.725));
#4924 = DIRECTION('',(1.144237745222E-17,1.,3.08148791102E-33));
#4925 = DIRECTION('',(-0.984807753012,1.126854202784E-17,0.173648177667)
  );
#4926 = ORIENTED_EDGE('',*,*,#4927,.T.);
#4927 = EDGE_CURVE('',#4919,#2730,#4928,.T.);
#4928 = LINE('',#4929,#4930);
#4929 = CARTESIAN_POINT('',(-2.2,-0.43,1.025));
#4930 = VECTOR('',#4931,1.);
#4931 = DIRECTION('',(1.,-1.144237745222E-17,0.));
#4932 = PLANE('',#4933);
#4933 = AXIS2_PLACEMENT_3D('',#4934,#4935,#4936);
#4934 = CARTESIAN_POINT('',(-2.410970442936,-0.43,0.528115505988));
#4935 = DIRECTION('',(1.144237745222E-17,1.,0.));
#4936 = DIRECTION('',(0.,-0.,1.));
#4937 = ADVANCED_FACE('',(#4938),#4954,.F.);
#4938 = FACE_BOUND('',#4939,.F.);
#4939 = EDGE_LOOP('',(#4940,#4941,#4947,#4948));
#4940 = ORIENTED_EDGE('',*,*,#2746,.T.);
#4941 = ORIENTED_EDGE('',*,*,#4942,.T.);
#4942 = EDGE_CURVE('',#2739,#3681,#4943,.T.);
#4943 = LINE('',#4944,#4945);
#4944 = CARTESIAN_POINT('',(-2.2,0.43,1.025));
#4945 = VECTOR('',#4946,1.);
#4946 = DIRECTION('',(1.,-1.144237745222E-17,0.));
#4947 = ORIENTED_EDGE('',*,*,#3680,.F.);
#4948 = ORIENTED_EDGE('',*,*,#4949,.F.);
#4949 = EDGE_CURVE('',#2730,#3673,#4950,.T.);
#4950 = LINE('',#4951,#4952);
#4951 = CARTESIAN_POINT('',(-2.2,-0.43,1.025));
#4952 = VECTOR('',#4953,1.);
#4953 = DIRECTION('',(1.,-1.144237745222E-17,0.));
#4954 = PLANE('',#4955);
#4955 = AXIS2_PLACEMENT_3D('',#4956,#4957,#4958);
#4956 = CARTESIAN_POINT('',(-5.802635690585E-16,4.9125,1.025));
#4957 = DIRECTION('',(2.007919022431E-31,-9.466330862652E-27,-1.));
#4958 = DIRECTION('',(1.,1.11487299784E-16,2.00791902242E-31));
#4959 = ADVANCED_FACE('',(#4960),#5046,.F.);
#4960 = FACE_BOUND('',#4961,.F.);
#4961 = EDGE_LOOP('',(#4962,#4963,#4964,#4973,#4981,#4990,#4998,#5006,
    #5014,#5023,#5031,#5040));
#4962 = ORIENTED_EDGE('',*,*,#2738,.F.);
#4963 = ORIENTED_EDGE('',*,*,#2760,.T.);
#4964 = ORIENTED_EDGE('',*,*,#4965,.T.);
#4965 = EDGE_CURVE('',#2761,#4966,#4968,.T.);
#4966 = VERTEX_POINT('',#4967);
#4967 = CARTESIAN_POINT('',(-2.298480775301,0.43,0.742364817767));
#4968 = CIRCLE('',#4969,0.1);
#4969 = AXIS2_PLACEMENT_3D('',#4970,#4971,#4972);
#4970 = CARTESIAN_POINT('',(-2.2,0.43,0.725));
#4971 = DIRECTION('',(-1.144237745222E-17,-1.,-2.189528850508E-47));
#4972 = DIRECTION('',(-4.440892098501E-15,5.081436361563E-32,1.));
#4973 = ORIENTED_EDGE('',*,*,#4974,.T.);
#4974 = EDGE_CURVE('',#4966,#4975,#4977,.T.);
#4975 = VERTEX_POINT('',#4976);
#4976 = CARTESIAN_POINT('',(-2.379496640897,0.43,0.2479055467));
#4977 = LINE('',#4978,#4979);
#4978 = CARTESIAN_POINT('',(-2.298480775301,0.43,0.742364817767));
#4979 = VECTOR('',#4980,1.);
#4980 = DIRECTION('',(-0.161691392282,1.85013394127E-18,-0.986841372087)
  );
#4981 = ORIENTED_EDGE('',*,*,#4982,.T.);
#4982 = EDGE_CURVE('',#4975,#4983,#4985,.T.);
#4983 = VERTEX_POINT('',#4984);
#4984 = CARTESIAN_POINT('',(-2.674938966801,0.43,0.));
#4985 = CIRCLE('',#4986,0.3);
#4986 = AXIS2_PLACEMENT_3D('',#4987,#4988,#4989);
#4987 = CARTESIAN_POINT('',(-2.674938966801,0.43,0.3));
#4988 = DIRECTION('',(1.144237745222E-17,1.,-2.311115933265E-33));
#4989 = DIRECTION('',(0.984807753012,-1.126854202784E-17,-0.173648177667
    ));
#4990 = ORIENTED_EDGE('',*,*,#4991,.T.);
#4991 = EDGE_CURVE('',#4983,#4992,#4994,.T.);
#4992 = VERTEX_POINT('',#4993);
#4993 = CARTESIAN_POINT('',(-3.,0.43,0.));
#4994 = LINE('',#4995,#4996);
#4995 = CARTESIAN_POINT('',(-2.674938966801,0.43,0.));
#4996 = VECTOR('',#4997,1.);
#4997 = DIRECTION('',(-1.,1.144237745222E-17,0.));
#4998 = ORIENTED_EDGE('',*,*,#4999,.T.);
#4999 = EDGE_CURVE('',#4992,#5000,#5002,.T.);
#5000 = VERTEX_POINT('',#5001);
#5001 = CARTESIAN_POINT('',(-3.,0.43,0.2));
#5002 = LINE('',#5003,#5004);
#5003 = CARTESIAN_POINT('',(-3.,0.43,0.));
#5004 = VECTOR('',#5005,1.);
#5005 = DIRECTION('',(0.,0.,1.));
#5006 = ORIENTED_EDGE('',*,*,#5007,.T.);
#5007 = EDGE_CURVE('',#5000,#5008,#5010,.T.);
#5008 = VERTEX_POINT('',#5009);
#5009 = CARTESIAN_POINT('',(-2.674938966801,0.43,0.2));
#5010 = LINE('',#5011,#5012);
#5011 = CARTESIAN_POINT('',(-3.,0.43,0.2));
#5012 = VECTOR('',#5013,1.);
#5013 = DIRECTION('',(1.,-1.144237745222E-17,0.));
#5014 = ORIENTED_EDGE('',*,*,#5015,.T.);
#5015 = EDGE_CURVE('',#5008,#5016,#5018,.T.);
#5016 = VERTEX_POINT('',#5017);
#5017 = CARTESIAN_POINT('',(-2.5764581915,0.43,0.282635182233));
#5018 = CIRCLE('',#5019,0.1);
#5019 = AXIS2_PLACEMENT_3D('',#5020,#5021,#5022);
#5020 = CARTESIAN_POINT('',(-2.674938966801,0.43,0.3));
#5021 = DIRECTION('',(-1.144237745222E-17,-1.,-0.));
#5022 = DIRECTION('',(0.,0.,-1.));
#5023 = ORIENTED_EDGE('',*,*,#5024,.T.);
#5024 = EDGE_CURVE('',#5016,#5025,#5027,.T.);
#5025 = VERTEX_POINT('',#5026);
#5026 = CARTESIAN_POINT('',(-2.495442325904,0.43,0.7770944533));
#5027 = LINE('',#5028,#5029);
#5028 = CARTESIAN_POINT('',(-2.5764581915,0.43,0.282635182233));
#5029 = VECTOR('',#5030,1.);
#5030 = DIRECTION('',(0.161691392282,-1.85013394127E-18,0.986841372087)
  );
#5031 = ORIENTED_EDGE('',*,*,#5032,.T.);
#5032 = EDGE_CURVE('',#5025,#5033,#5035,.T.);
#5033 = VERTEX_POINT('',#5034);
#5034 = CARTESIAN_POINT('',(-2.2,0.43,1.025));
#5035 = CIRCLE('',#5036,0.3);
#5036 = AXIS2_PLACEMENT_3D('',#5037,#5038,#5039);
#5037 = CARTESIAN_POINT('',(-2.2,0.43,0.725));
#5038 = DIRECTION('',(1.144237745222E-17,1.,3.08148791102E-33));
#5039 = DIRECTION('',(-0.984807753012,1.126854202784E-17,0.173648177667)
  );
#5040 = ORIENTED_EDGE('',*,*,#5041,.T.);
#5041 = EDGE_CURVE('',#5033,#2739,#5042,.T.);
#5042 = LINE('',#5043,#5044);
#5043 = CARTESIAN_POINT('',(-2.2,0.43,1.025));
#5044 = VECTOR('',#5045,1.);
#5045 = DIRECTION('',(1.,-1.144237745222E-17,0.));
#5046 = PLANE('',#5047);
#5047 = AXIS2_PLACEMENT_3D('',#5048,#5049,#5050);
#5048 = CARTESIAN_POINT('',(-2.410970442936,0.43,0.528115505988));
#5049 = DIRECTION('',(1.144237745222E-17,1.,0.));
#5050 = DIRECTION('',(0.,-0.,1.));
#5051 = ADVANCED_FACE('',(#5052),#5071,.F.);
#5052 = FACE_BOUND('',#5053,.F.);
#5053 = EDGE_LOOP('',(#5054,#5055,#5064,#5070));
#5054 = ORIENTED_EDGE('',*,*,#2777,.T.);
#5055 = ORIENTED_EDGE('',*,*,#5056,.T.);
#5056 = EDGE_CURVE('',#2770,#5057,#5059,.T.);
#5057 = VERTEX_POINT('',#5058);
#5058 = CARTESIAN_POINT('',(-2.298480775301,0.84,0.742364817767));
#5059 = CIRCLE('',#5060,0.1);
#5060 = AXIS2_PLACEMENT_3D('',#5061,#5062,#5063);
#5061 = CARTESIAN_POINT('',(-2.2,0.84,0.725));
#5062 = DIRECTION('',(-1.144237745222E-17,-1.,-2.189528850508E-47));
#5063 = DIRECTION('',(-4.440892098501E-15,5.081436361563E-32,1.));
#5064 = ORIENTED_EDGE('',*,*,#5065,.F.);
#5065 = EDGE_CURVE('',#4966,#5057,#5066,.T.);
#5066 = LINE('',#5067,#5068);
#5067 = CARTESIAN_POINT('',(-2.298480775301,0.43,0.742364817767));
#5068 = VECTOR('',#5069,1.);
#5069 = DIRECTION('',(1.144237745222E-17,1.,0.));
#5070 = ORIENTED_EDGE('',*,*,#4965,.F.);
#5071 = CYLINDRICAL_SURFACE('',#5072,0.1);
#5072 = AXIS2_PLACEMENT_3D('',#5073,#5074,#5075);
#5073 = CARTESIAN_POINT('',(-2.2,0.43,0.725));
#5074 = DIRECTION('',(-1.144237745222E-17,-1.,0.));
#5075 = DIRECTION('',(-4.440892098501E-15,5.081436361563E-32,1.));
#5076 = ADVANCED_FACE('',(#5077),#5155,.T.);
#5077 = FACE_BOUND('',#5078,.T.);
#5078 = EDGE_LOOP('',(#5079,#5080,#5081,#5082,#5090,#5099,#5107,#5115,
    #5123,#5132,#5140,#5149));
#5079 = ORIENTED_EDGE('',*,*,#2791,.F.);
#5080 = ORIENTED_EDGE('',*,*,#2769,.T.);
#5081 = ORIENTED_EDGE('',*,*,#5056,.T.);
#5082 = ORIENTED_EDGE('',*,*,#5083,.T.);
#5083 = EDGE_CURVE('',#5057,#5084,#5086,.T.);
#5084 = VERTEX_POINT('',#5085);
#5085 = CARTESIAN_POINT('',(-2.379496640897,0.84,0.2479055467));
#5086 = LINE('',#5087,#5088);
#5087 = CARTESIAN_POINT('',(-2.298480775301,0.84,0.742364817767));
#5088 = VECTOR('',#5089,1.);
#5089 = DIRECTION('',(-0.161691392282,1.85013394127E-18,-0.986841372087)
  );
#5090 = ORIENTED_EDGE('',*,*,#5091,.T.);
#5091 = EDGE_CURVE('',#5084,#5092,#5094,.T.);
#5092 = VERTEX_POINT('',#5093);
#5093 = CARTESIAN_POINT('',(-2.674938966801,0.84,0.));
#5094 = CIRCLE('',#5095,0.3);
#5095 = AXIS2_PLACEMENT_3D('',#5096,#5097,#5098);
#5096 = CARTESIAN_POINT('',(-2.674938966801,0.84,0.3));
#5097 = DIRECTION('',(1.144237745222E-17,1.,-2.311115933265E-33));
#5098 = DIRECTION('',(0.984807753012,-1.126854202784E-17,-0.173648177667
    ));
#5099 = ORIENTED_EDGE('',*,*,#5100,.T.);
#5100 = EDGE_CURVE('',#5092,#5101,#5103,.T.);
#5101 = VERTEX_POINT('',#5102);
#5102 = CARTESIAN_POINT('',(-3.,0.84,0.));
#5103 = LINE('',#5104,#5105);
#5104 = CARTESIAN_POINT('',(-2.674938966801,0.84,0.));
#5105 = VECTOR('',#5106,1.);
#5106 = DIRECTION('',(-1.,1.144237745222E-17,0.));
#5107 = ORIENTED_EDGE('',*,*,#5108,.T.);
#5108 = EDGE_CURVE('',#5101,#5109,#5111,.T.);
#5109 = VERTEX_POINT('',#5110);
#5110 = CARTESIAN_POINT('',(-3.,0.84,0.2));
#5111 = LINE('',#5112,#5113);
#5112 = CARTESIAN_POINT('',(-3.,0.84,0.));
#5113 = VECTOR('',#5114,1.);
#5114 = DIRECTION('',(0.,0.,1.));
#5115 = ORIENTED_EDGE('',*,*,#5116,.T.);
#5116 = EDGE_CURVE('',#5109,#5117,#5119,.T.);
#5117 = VERTEX_POINT('',#5118);
#5118 = CARTESIAN_POINT('',(-2.674938966801,0.84,0.2));
#5119 = LINE('',#5120,#5121);
#5120 = CARTESIAN_POINT('',(-3.,0.84,0.2));
#5121 = VECTOR('',#5122,1.);
#5122 = DIRECTION('',(1.,-1.144237745222E-17,0.));
#5123 = ORIENTED_EDGE('',*,*,#5124,.T.);
#5124 = EDGE_CURVE('',#5117,#5125,#5127,.T.);
#5125 = VERTEX_POINT('',#5126);
#5126 = CARTESIAN_POINT('',(-2.5764581915,0.84,0.282635182233));
#5127 = CIRCLE('',#5128,0.1);
#5128 = AXIS2_PLACEMENT_3D('',#5129,#5130,#5131);
#5129 = CARTESIAN_POINT('',(-2.674938966801,0.84,0.3));
#5130 = DIRECTION('',(-1.144237745222E-17,-1.,-0.));
#5131 = DIRECTION('',(0.,0.,-1.));
#5132 = ORIENTED_EDGE('',*,*,#5133,.T.);
#5133 = EDGE_CURVE('',#5125,#5134,#5136,.T.);
#5134 = VERTEX_POINT('',#5135);
#5135 = CARTESIAN_POINT('',(-2.495442325904,0.84,0.7770944533));
#5136 = LINE('',#5137,#5138);
#5137 = CARTESIAN_POINT('',(-2.5764581915,0.84,0.282635182233));
#5138 = VECTOR('',#5139,1.);
#5139 = DIRECTION('',(0.161691392282,-1.85013394127E-18,0.986841372087)
  );
#5140 = ORIENTED_EDGE('',*,*,#5141,.T.);
#5141 = EDGE_CURVE('',#5134,#5142,#5144,.T.);
#5142 = VERTEX_POINT('',#5143);
#5143 = CARTESIAN_POINT('',(-2.2,0.84,1.025));
#5144 = CIRCLE('',#5145,0.3);
#5145 = AXIS2_PLACEMENT_3D('',#5146,#5147,#5148);
#5146 = CARTESIAN_POINT('',(-2.2,0.84,0.725));
#5147 = DIRECTION('',(1.144237745222E-17,1.,3.08148791102E-33));
#5148 = DIRECTION('',(-0.984807753012,1.126854202784E-17,0.173648177667)
  );
#5149 = ORIENTED_EDGE('',*,*,#5150,.T.);
#5150 = EDGE_CURVE('',#5142,#2792,#5151,.T.);
#5151 = LINE('',#5152,#5153);
#5152 = CARTESIAN_POINT('',(-2.2,0.84,1.025));
#5153 = VECTOR('',#5154,1.);
#5154 = DIRECTION('',(1.,-1.144237745222E-17,0.));
#5155 = PLANE('',#5156);
#5156 = AXIS2_PLACEMENT_3D('',#5157,#5158,#5159);
#5157 = CARTESIAN_POINT('',(-2.410970442936,0.84,0.528115505988));
#5158 = DIRECTION('',(1.144237745222E-17,1.,0.));
#5159 = DIRECTION('',(0.,-0.,1.));
#5160 = ADVANCED_FACE('',(#5161),#5177,.F.);
#5161 = FACE_BOUND('',#5162,.F.);
#5162 = EDGE_LOOP('',(#5163,#5164,#5170,#5171));
#5163 = ORIENTED_EDGE('',*,*,#2808,.T.);
#5164 = ORIENTED_EDGE('',*,*,#5165,.T.);
#5165 = EDGE_CURVE('',#2801,#3697,#5166,.T.);
#5166 = LINE('',#5167,#5168);
#5167 = CARTESIAN_POINT('',(-2.2,1.7,1.025));
#5168 = VECTOR('',#5169,1.);
#5169 = DIRECTION('',(1.,-1.144237745222E-17,0.));
#5170 = ORIENTED_EDGE('',*,*,#3696,.F.);
#5171 = ORIENTED_EDGE('',*,*,#5172,.F.);
#5172 = EDGE_CURVE('',#2792,#3689,#5173,.T.);
#5173 = LINE('',#5174,#5175);
#5174 = CARTESIAN_POINT('',(-2.2,0.84,1.025));
#5175 = VECTOR('',#5176,1.);
#5176 = DIRECTION('',(1.,-1.144237745222E-17,0.));
#5177 = PLANE('',#5178);
#5178 = AXIS2_PLACEMENT_3D('',#5179,#5180,#5181);
#5179 = CARTESIAN_POINT('',(-5.802635690585E-16,4.9125,1.025));
#5180 = DIRECTION('',(2.007919022431E-31,-9.466330862652E-27,-1.));
#5181 = DIRECTION('',(1.,1.11487299784E-16,2.00791902242E-31));
#5182 = ADVANCED_FACE('',(#5183),#5269,.F.);
#5183 = FACE_BOUND('',#5184,.F.);
#5184 = EDGE_LOOP('',(#5185,#5186,#5187,#5196,#5204,#5213,#5221,#5229,
    #5237,#5246,#5254,#5263));
#5185 = ORIENTED_EDGE('',*,*,#2800,.F.);
#5186 = ORIENTED_EDGE('',*,*,#2822,.T.);
#5187 = ORIENTED_EDGE('',*,*,#5188,.T.);
#5188 = EDGE_CURVE('',#2823,#5189,#5191,.T.);
#5189 = VERTEX_POINT('',#5190);
#5190 = CARTESIAN_POINT('',(-2.298480775301,1.7,0.742364817767));
#5191 = CIRCLE('',#5192,0.1);
#5192 = AXIS2_PLACEMENT_3D('',#5193,#5194,#5195);
#5193 = CARTESIAN_POINT('',(-2.2,1.7,0.725));
#5194 = DIRECTION('',(-1.144237745222E-17,-1.,-2.189528850508E-47));
#5195 = DIRECTION('',(-4.440892098501E-15,5.081436361563E-32,1.));
#5196 = ORIENTED_EDGE('',*,*,#5197,.T.);
#5197 = EDGE_CURVE('',#5189,#5198,#5200,.T.);
#5198 = VERTEX_POINT('',#5199);
#5199 = CARTESIAN_POINT('',(-2.379496640897,1.7,0.2479055467));
#5200 = LINE('',#5201,#5202);
#5201 = CARTESIAN_POINT('',(-2.298480775301,1.7,0.742364817767));
#5202 = VECTOR('',#5203,1.);
#5203 = DIRECTION('',(-0.161691392282,1.85013394127E-18,-0.986841372087)
  );
#5204 = ORIENTED_EDGE('',*,*,#5205,.T.);
#5205 = EDGE_CURVE('',#5198,#5206,#5208,.T.);
#5206 = VERTEX_POINT('',#5207);
#5207 = CARTESIAN_POINT('',(-2.674938966801,1.7,0.));
#5208 = CIRCLE('',#5209,0.3);
#5209 = AXIS2_PLACEMENT_3D('',#5210,#5211,#5212);
#5210 = CARTESIAN_POINT('',(-2.674938966801,1.7,0.3));
#5211 = DIRECTION('',(1.144237745222E-17,1.,-2.311115933265E-33));
#5212 = DIRECTION('',(0.984807753012,-1.126854202784E-17,-0.173648177667
    ));
#5213 = ORIENTED_EDGE('',*,*,#5214,.T.);
#5214 = EDGE_CURVE('',#5206,#5215,#5217,.T.);
#5215 = VERTEX_POINT('',#5216);
#5216 = CARTESIAN_POINT('',(-3.,1.7,0.));
#5217 = LINE('',#5218,#5219);
#5218 = CARTESIAN_POINT('',(-2.674938966801,1.7,0.));
#5219 = VECTOR('',#5220,1.);
#5220 = DIRECTION('',(-1.,1.144237745222E-17,0.));
#5221 = ORIENTED_EDGE('',*,*,#5222,.T.);
#5222 = EDGE_CURVE('',#5215,#5223,#5225,.T.);
#5223 = VERTEX_POINT('',#5224);
#5224 = CARTESIAN_POINT('',(-3.,1.7,0.2));
#5225 = LINE('',#5226,#5227);
#5226 = CARTESIAN_POINT('',(-3.,1.7,0.));
#5227 = VECTOR('',#5228,1.);
#5228 = DIRECTION('',(0.,0.,1.));
#5229 = ORIENTED_EDGE('',*,*,#5230,.T.);
#5230 = EDGE_CURVE('',#5223,#5231,#5233,.T.);
#5231 = VERTEX_POINT('',#5232);
#5232 = CARTESIAN_POINT('',(-2.674938966801,1.7,0.2));
#5233 = LINE('',#5234,#5235);
#5234 = CARTESIAN_POINT('',(-3.,1.7,0.2));
#5235 = VECTOR('',#5236,1.);
#5236 = DIRECTION('',(1.,-1.144237745222E-17,0.));
#5237 = ORIENTED_EDGE('',*,*,#5238,.T.);
#5238 = EDGE_CURVE('',#5231,#5239,#5241,.T.);
#5239 = VERTEX_POINT('',#5240);
#5240 = CARTESIAN_POINT('',(-2.5764581915,1.7,0.282635182233));
#5241 = CIRCLE('',#5242,0.1);
#5242 = AXIS2_PLACEMENT_3D('',#5243,#5244,#5245);
#5243 = CARTESIAN_POINT('',(-2.674938966801,1.7,0.3));
#5244 = DIRECTION('',(-1.144237745222E-17,-1.,-0.));
#5245 = DIRECTION('',(0.,0.,-1.));
#5246 = ORIENTED_EDGE('',*,*,#5247,.T.);
#5247 = EDGE_CURVE('',#5239,#5248,#5250,.T.);
#5248 = VERTEX_POINT('',#5249);
#5249 = CARTESIAN_POINT('',(-2.495442325904,1.7,0.7770944533));
#5250 = LINE('',#5251,#5252);
#5251 = CARTESIAN_POINT('',(-2.5764581915,1.7,0.282635182233));
#5252 = VECTOR('',#5253,1.);
#5253 = DIRECTION('',(0.161691392282,-1.85013394127E-18,0.986841372087)
  );
#5254 = ORIENTED_EDGE('',*,*,#5255,.T.);
#5255 = EDGE_CURVE('',#5248,#5256,#5258,.T.);
#5256 = VERTEX_POINT('',#5257);
#5257 = CARTESIAN_POINT('',(-2.2,1.7,1.025));
#5258 = CIRCLE('',#5259,0.3);
#5259 = AXIS2_PLACEMENT_3D('',#5260,#5261,#5262);
#5260 = CARTESIAN_POINT('',(-2.2,1.7,0.725));
#5261 = DIRECTION('',(1.144237745222E-17,1.,3.08148791102E-33));
#5262 = DIRECTION('',(-0.984807753012,1.126854202784E-17,0.173648177667)
  );
#5263 = ORIENTED_EDGE('',*,*,#5264,.T.);
#5264 = EDGE_CURVE('',#5256,#2801,#5265,.T.);
#5265 = LINE('',#5266,#5267);
#5266 = CARTESIAN_POINT('',(-2.2,1.7,1.025));
#5267 = VECTOR('',#5268,1.);
#5268 = DIRECTION('',(1.,-1.144237745222E-17,0.));
#5269 = PLANE('',#5270);
#5270 = AXIS2_PLACEMENT_3D('',#5271,#5272,#5273);
#5271 = CARTESIAN_POINT('',(-2.410970442936,1.7,0.528115505988));
#5272 = DIRECTION('',(1.144237745222E-17,1.,0.));
#5273 = DIRECTION('',(0.,-0.,1.));
#5274 = ADVANCED_FACE('',(#5275),#5294,.F.);
#5275 = FACE_BOUND('',#5276,.F.);
#5276 = EDGE_LOOP('',(#5277,#5278,#5287,#5293));
#5277 = ORIENTED_EDGE('',*,*,#2839,.T.);
#5278 = ORIENTED_EDGE('',*,*,#5279,.T.);
#5279 = EDGE_CURVE('',#2832,#5280,#5282,.T.);
#5280 = VERTEX_POINT('',#5281);
#5281 = CARTESIAN_POINT('',(-2.298480775301,2.11,0.742364817767));
#5282 = CIRCLE('',#5283,0.1);
#5283 = AXIS2_PLACEMENT_3D('',#5284,#5285,#5286);
#5284 = CARTESIAN_POINT('',(-2.2,2.11,0.725));
#5285 = DIRECTION('',(-1.144237745222E-17,-1.,-2.189528850508E-47));
#5286 = DIRECTION('',(-4.440892098501E-15,5.081436361563E-32,1.));
#5287 = ORIENTED_EDGE('',*,*,#5288,.F.);
#5288 = EDGE_CURVE('',#5189,#5280,#5289,.T.);
#5289 = LINE('',#5290,#5291);
#5290 = CARTESIAN_POINT('',(-2.298480775301,1.7,0.742364817767));
#5291 = VECTOR('',#5292,1.);
#5292 = DIRECTION('',(1.144237745222E-17,1.,0.));
#5293 = ORIENTED_EDGE('',*,*,#5188,.F.);
#5294 = CYLINDRICAL_SURFACE('',#5295,0.1);
#5295 = AXIS2_PLACEMENT_3D('',#5296,#5297,#5298);
#5296 = CARTESIAN_POINT('',(-2.2,1.7,0.725));
#5297 = DIRECTION('',(-1.144237745222E-17,-1.,0.));
#5298 = DIRECTION('',(-4.440892098501E-15,5.081436361563E-32,1.));
#5299 = ADVANCED_FACE('',(#5300),#5378,.T.);
#5300 = FACE_BOUND('',#5301,.T.);
#5301 = EDGE_LOOP('',(#5302,#5303,#5304,#5305,#5313,#5322,#5330,#5338,
    #5346,#5355,#5363,#5372));
#5302 = ORIENTED_EDGE('',*,*,#2853,.F.);
#5303 = ORIENTED_EDGE('',*,*,#2831,.T.);
#5304 = ORIENTED_EDGE('',*,*,#5279,.T.);
#5305 = ORIENTED_EDGE('',*,*,#5306,.T.);
#5306 = EDGE_CURVE('',#5280,#5307,#5309,.T.);
#5307 = VERTEX_POINT('',#5308);
#5308 = CARTESIAN_POINT('',(-2.379496640897,2.11,0.2479055467));
#5309 = LINE('',#5310,#5311);
#5310 = CARTESIAN_POINT('',(-2.298480775301,2.11,0.742364817767));
#5311 = VECTOR('',#5312,1.);
#5312 = DIRECTION('',(-0.161691392282,1.85013394127E-18,-0.986841372087)
  );
#5313 = ORIENTED_EDGE('',*,*,#5314,.T.);
#5314 = EDGE_CURVE('',#5307,#5315,#5317,.T.);
#5315 = VERTEX_POINT('',#5316);
#5316 = CARTESIAN_POINT('',(-2.674938966801,2.11,0.));
#5317 = CIRCLE('',#5318,0.3);
#5318 = AXIS2_PLACEMENT_3D('',#5319,#5320,#5321);
#5319 = CARTESIAN_POINT('',(-2.674938966801,2.11,0.3));
#5320 = DIRECTION('',(1.144237745222E-17,1.,-2.311115933265E-33));
#5321 = DIRECTION('',(0.984807753012,-1.126854202784E-17,-0.173648177667
    ));
#5322 = ORIENTED_EDGE('',*,*,#5323,.T.);
#5323 = EDGE_CURVE('',#5315,#5324,#5326,.T.);
#5324 = VERTEX_POINT('',#5325);
#5325 = CARTESIAN_POINT('',(-3.,2.11,0.));
#5326 = LINE('',#5327,#5328);
#5327 = CARTESIAN_POINT('',(-2.674938966801,2.11,0.));
#5328 = VECTOR('',#5329,1.);
#5329 = DIRECTION('',(-1.,1.144237745222E-17,0.));
#5330 = ORIENTED_EDGE('',*,*,#5331,.T.);
#5331 = EDGE_CURVE('',#5324,#5332,#5334,.T.);
#5332 = VERTEX_POINT('',#5333);
#5333 = CARTESIAN_POINT('',(-3.,2.11,0.2));
#5334 = LINE('',#5335,#5336);
#5335 = CARTESIAN_POINT('',(-3.,2.11,0.));
#5336 = VECTOR('',#5337,1.);
#5337 = DIRECTION('',(0.,0.,1.));
#5338 = ORIENTED_EDGE('',*,*,#5339,.T.);
#5339 = EDGE_CURVE('',#5332,#5340,#5342,.T.);
#5340 = VERTEX_POINT('',#5341);
#5341 = CARTESIAN_POINT('',(-2.674938966801,2.11,0.2));
#5342 = LINE('',#5343,#5344);
#5343 = CARTESIAN_POINT('',(-3.,2.11,0.2));
#5344 = VECTOR('',#5345,1.);
#5345 = DIRECTION('',(1.,-1.144237745222E-17,0.));
#5346 = ORIENTED_EDGE('',*,*,#5347,.T.);
#5347 = EDGE_CURVE('',#5340,#5348,#5350,.T.);
#5348 = VERTEX_POINT('',#5349);
#5349 = CARTESIAN_POINT('',(-2.5764581915,2.11,0.282635182233));
#5350 = CIRCLE('',#5351,0.1);
#5351 = AXIS2_PLACEMENT_3D('',#5352,#5353,#5354);
#5352 = CARTESIAN_POINT('',(-2.674938966801,2.11,0.3));
#5353 = DIRECTION('',(-1.144237745222E-17,-1.,-0.));
#5354 = DIRECTION('',(0.,0.,-1.));
#5355 = ORIENTED_EDGE('',*,*,#5356,.T.);
#5356 = EDGE_CURVE('',#5348,#5357,#5359,.T.);
#5357 = VERTEX_POINT('',#5358);
#5358 = CARTESIAN_POINT('',(-2.495442325904,2.11,0.7770944533));
#5359 = LINE('',#5360,#5361);
#5360 = CARTESIAN_POINT('',(-2.5764581915,2.11,0.282635182233));
#5361 = VECTOR('',#5362,1.);
#5362 = DIRECTION('',(0.161691392282,-1.85013394127E-18,0.986841372087)
  );
#5363 = ORIENTED_EDGE('',*,*,#5364,.T.);
#5364 = EDGE_CURVE('',#5357,#5365,#5367,.T.);
#5365 = VERTEX_POINT('',#5366);
#5366 = CARTESIAN_POINT('',(-2.2,2.11,1.025));
#5367 = CIRCLE('',#5368,0.3);
#5368 = AXIS2_PLACEMENT_3D('',#5369,#5370,#5371);
#5369 = CARTESIAN_POINT('',(-2.2,2.11,0.725));
#5370 = DIRECTION('',(1.144237745222E-17,1.,3.08148791102E-33));
#5371 = DIRECTION('',(-0.984807753012,1.126854202784E-17,0.173648177667)
  );
#5372 = ORIENTED_EDGE('',*,*,#5373,.T.);
#5373 = EDGE_CURVE('',#5365,#2854,#5374,.T.);
#5374 = LINE('',#5375,#5376);
#5375 = CARTESIAN_POINT('',(-2.2,2.11,1.025));
#5376 = VECTOR('',#5377,1.);
#5377 = DIRECTION('',(1.,-1.144237745222E-17,0.));
#5378 = PLANE('',#5379);
#5379 = AXIS2_PLACEMENT_3D('',#5380,#5381,#5382);
#5380 = CARTESIAN_POINT('',(-2.410970442936,2.11,0.528115505988));
#5381 = DIRECTION('',(1.144237745222E-17,1.,0.));
#5382 = DIRECTION('',(0.,-0.,1.));
#5383 = ADVANCED_FACE('',(#5384),#5400,.F.);
#5384 = FACE_BOUND('',#5385,.F.);
#5385 = EDGE_LOOP('',(#5386,#5387,#5393,#5394));
#5386 = ORIENTED_EDGE('',*,*,#2870,.T.);
#5387 = ORIENTED_EDGE('',*,*,#5388,.T.);
#5388 = EDGE_CURVE('',#2863,#3713,#5389,.T.);
#5389 = LINE('',#5390,#5391);
#5390 = CARTESIAN_POINT('',(-2.2,2.97,1.025));
#5391 = VECTOR('',#5392,1.);
#5392 = DIRECTION('',(1.,-1.144237745222E-17,0.));
#5393 = ORIENTED_EDGE('',*,*,#3712,.F.);
#5394 = ORIENTED_EDGE('',*,*,#5395,.F.);
#5395 = EDGE_CURVE('',#2854,#3705,#5396,.T.);
#5396 = LINE('',#5397,#5398);
#5397 = CARTESIAN_POINT('',(-2.2,2.11,1.025));
#5398 = VECTOR('',#5399,1.);
#5399 = DIRECTION('',(1.,-1.144237745222E-17,0.));
#5400 = PLANE('',#5401);
#5401 = AXIS2_PLACEMENT_3D('',#5402,#5403,#5404);
#5402 = CARTESIAN_POINT('',(-5.802635690585E-16,4.9125,1.025));
#5403 = DIRECTION('',(2.007919022431E-31,-9.466330862652E-27,-1.));
#5404 = DIRECTION('',(1.,1.11487299784E-16,2.00791902242E-31));
#5405 = ADVANCED_FACE('',(#5406),#5492,.F.);
#5406 = FACE_BOUND('',#5407,.F.);
#5407 = EDGE_LOOP('',(#5408,#5409,#5410,#5419,#5427,#5436,#5444,#5452,
    #5460,#5469,#5477,#5486));
#5408 = ORIENTED_EDGE('',*,*,#2862,.F.);
#5409 = ORIENTED_EDGE('',*,*,#2884,.T.);
#5410 = ORIENTED_EDGE('',*,*,#5411,.T.);
#5411 = EDGE_CURVE('',#2885,#5412,#5414,.T.);
#5412 = VERTEX_POINT('',#5413);
#5413 = CARTESIAN_POINT('',(-2.298480775301,2.97,0.742364817767));
#5414 = CIRCLE('',#5415,0.1);
#5415 = AXIS2_PLACEMENT_3D('',#5416,#5417,#5418);
#5416 = CARTESIAN_POINT('',(-2.2,2.97,0.725));
#5417 = DIRECTION('',(-1.144237745222E-17,-1.,-2.189528850508E-47));
#5418 = DIRECTION('',(-4.440892098501E-15,5.081436361563E-32,1.));
#5419 = ORIENTED_EDGE('',*,*,#5420,.T.);
#5420 = EDGE_CURVE('',#5412,#5421,#5423,.T.);
#5421 = VERTEX_POINT('',#5422);
#5422 = CARTESIAN_POINT('',(-2.379496640897,2.97,0.2479055467));
#5423 = LINE('',#5424,#5425);
#5424 = CARTESIAN_POINT('',(-2.298480775301,2.97,0.742364817767));
#5425 = VECTOR('',#5426,1.);
#5426 = DIRECTION('',(-0.161691392282,1.85013394127E-18,-0.986841372087)
  );
#5427 = ORIENTED_EDGE('',*,*,#5428,.T.);
#5428 = EDGE_CURVE('',#5421,#5429,#5431,.T.);
#5429 = VERTEX_POINT('',#5430);
#5430 = CARTESIAN_POINT('',(-2.674938966801,2.97,0.));
#5431 = CIRCLE('',#5432,0.3);
#5432 = AXIS2_PLACEMENT_3D('',#5433,#5434,#5435);
#5433 = CARTESIAN_POINT('',(-2.674938966801,2.97,0.3));
#5434 = DIRECTION('',(1.144237745222E-17,1.,-2.311115933265E-33));
#5435 = DIRECTION('',(0.984807753012,-1.126854202784E-17,-0.173648177667
    ));
#5436 = ORIENTED_EDGE('',*,*,#5437,.T.);
#5437 = EDGE_CURVE('',#5429,#5438,#5440,.T.);
#5438 = VERTEX_POINT('',#5439);
#5439 = CARTESIAN_POINT('',(-3.,2.97,0.));
#5440 = LINE('',#5441,#5442);
#5441 = CARTESIAN_POINT('',(-2.674938966801,2.97,0.));
#5442 = VECTOR('',#5443,1.);
#5443 = DIRECTION('',(-1.,1.144237745222E-17,0.));
#5444 = ORIENTED_EDGE('',*,*,#5445,.T.);
#5445 = EDGE_CURVE('',#5438,#5446,#5448,.T.);
#5446 = VERTEX_POINT('',#5447);
#5447 = CARTESIAN_POINT('',(-3.,2.97,0.2));
#5448 = LINE('',#5449,#5450);
#5449 = CARTESIAN_POINT('',(-3.,2.97,0.));
#5450 = VECTOR('',#5451,1.);
#5451 = DIRECTION('',(0.,0.,1.));
#5452 = ORIENTED_EDGE('',*,*,#5453,.T.);
#5453 = EDGE_CURVE('',#5446,#5454,#5456,.T.);
#5454 = VERTEX_POINT('',#5455);
#5455 = CARTESIAN_POINT('',(-2.674938966801,2.97,0.2));
#5456 = LINE('',#5457,#5458);
#5457 = CARTESIAN_POINT('',(-3.,2.97,0.2));
#5458 = VECTOR('',#5459,1.);
#5459 = DIRECTION('',(1.,-1.144237745222E-17,0.));
#5460 = ORIENTED_EDGE('',*,*,#5461,.T.);
#5461 = EDGE_CURVE('',#5454,#5462,#5464,.T.);
#5462 = VERTEX_POINT('',#5463);
#5463 = CARTESIAN_POINT('',(-2.5764581915,2.97,0.282635182233));
#5464 = CIRCLE('',#5465,0.1);
#5465 = AXIS2_PLACEMENT_3D('',#5466,#5467,#5468);
#5466 = CARTESIAN_POINT('',(-2.674938966801,2.97,0.3));
#5467 = DIRECTION('',(-1.144237745222E-17,-1.,-0.));
#5468 = DIRECTION('',(0.,0.,-1.));
#5469 = ORIENTED_EDGE('',*,*,#5470,.T.);
#5470 = EDGE_CURVE('',#5462,#5471,#5473,.T.);
#5471 = VERTEX_POINT('',#5472);
#5472 = CARTESIAN_POINT('',(-2.495442325904,2.97,0.7770944533));
#5473 = LINE('',#5474,#5475);
#5474 = CARTESIAN_POINT('',(-2.5764581915,2.97,0.282635182233));
#5475 = VECTOR('',#5476,1.);
#5476 = DIRECTION('',(0.161691392282,-1.85013394127E-18,0.986841372087)
  );
#5477 = ORIENTED_EDGE('',*,*,#5478,.T.);
#5478 = EDGE_CURVE('',#5471,#5479,#5481,.T.);
#5479 = VERTEX_POINT('',#5480);
#5480 = CARTESIAN_POINT('',(-2.2,2.97,1.025));
#5481 = CIRCLE('',#5482,0.3);
#5482 = AXIS2_PLACEMENT_3D('',#5483,#5484,#5485);
#5483 = CARTESIAN_POINT('',(-2.2,2.97,0.725));
#5484 = DIRECTION('',(1.144237745222E-17,1.,3.08148791102E-33));
#5485 = DIRECTION('',(-0.984807753012,1.126854202784E-17,0.173648177667)
  );
#5486 = ORIENTED_EDGE('',*,*,#5487,.T.);
#5487 = EDGE_CURVE('',#5479,#2863,#5488,.T.);
#5488 = LINE('',#5489,#5490);
#5489 = CARTESIAN_POINT('',(-2.2,2.97,1.025));
#5490 = VECTOR('',#5491,1.);
#5491 = DIRECTION('',(1.,-1.144237745222E-17,0.));
#5492 = PLANE('',#5493);
#5493 = AXIS2_PLACEMENT_3D('',#5494,#5495,#5496);
#5494 = CARTESIAN_POINT('',(-2.410970442936,2.97,0.528115505988));
#5495 = DIRECTION('',(1.144237745222E-17,1.,0.));
#5496 = DIRECTION('',(0.,-0.,1.));
#5497 = ADVANCED_FACE('',(#5498),#5517,.F.);
#5498 = FACE_BOUND('',#5499,.F.);
#5499 = EDGE_LOOP('',(#5500,#5501,#5510,#5516));
#5500 = ORIENTED_EDGE('',*,*,#2901,.T.);
#5501 = ORIENTED_EDGE('',*,*,#5502,.T.);
#5502 = EDGE_CURVE('',#2894,#5503,#5505,.T.);
#5503 = VERTEX_POINT('',#5504);
#5504 = CARTESIAN_POINT('',(-2.298480775301,3.38,0.742364817767));
#5505 = CIRCLE('',#5506,0.1);
#5506 = AXIS2_PLACEMENT_3D('',#5507,#5508,#5509);
#5507 = CARTESIAN_POINT('',(-2.2,3.38,0.725));
#5508 = DIRECTION('',(-1.144237745222E-17,-1.,-2.189528850508E-47));
#5509 = DIRECTION('',(-4.440892098501E-15,5.081436361563E-32,1.));
#5510 = ORIENTED_EDGE('',*,*,#5511,.F.);
#5511 = EDGE_CURVE('',#5412,#5503,#5512,.T.);
#5512 = LINE('',#5513,#5514);
#5513 = CARTESIAN_POINT('',(-2.298480775301,2.97,0.742364817767));
#5514 = VECTOR('',#5515,1.);
#5515 = DIRECTION('',(1.144237745222E-17,1.,0.));
#5516 = ORIENTED_EDGE('',*,*,#5411,.F.);
#5517 = CYLINDRICAL_SURFACE('',#5518,0.1);
#5518 = AXIS2_PLACEMENT_3D('',#5519,#5520,#5521);
#5519 = CARTESIAN_POINT('',(-2.2,2.97,0.725));
#5520 = DIRECTION('',(-1.144237745222E-17,-1.,0.));
#5521 = DIRECTION('',(-4.440892098501E-15,5.081436361563E-32,1.));
#5522 = ADVANCED_FACE('',(#5523),#5601,.T.);
#5523 = FACE_BOUND('',#5524,.T.);
#5524 = EDGE_LOOP('',(#5525,#5526,#5527,#5528,#5536,#5545,#5553,#5561,
    #5569,#5578,#5586,#5595));
#5525 = ORIENTED_EDGE('',*,*,#2915,.F.);
#5526 = ORIENTED_EDGE('',*,*,#2893,.T.);
#5527 = ORIENTED_EDGE('',*,*,#5502,.T.);
#5528 = ORIENTED_EDGE('',*,*,#5529,.T.);
#5529 = EDGE_CURVE('',#5503,#5530,#5532,.T.);
#5530 = VERTEX_POINT('',#5531);
#5531 = CARTESIAN_POINT('',(-2.379496640897,3.38,0.2479055467));
#5532 = LINE('',#5533,#5534);
#5533 = CARTESIAN_POINT('',(-2.298480775301,3.38,0.742364817767));
#5534 = VECTOR('',#5535,1.);
#5535 = DIRECTION('',(-0.161691392282,1.85013394127E-18,-0.986841372087)
  );
#5536 = ORIENTED_EDGE('',*,*,#5537,.T.);
#5537 = EDGE_CURVE('',#5530,#5538,#5540,.T.);
#5538 = VERTEX_POINT('',#5539);
#5539 = CARTESIAN_POINT('',(-2.674938966801,3.38,0.));
#5540 = CIRCLE('',#5541,0.3);
#5541 = AXIS2_PLACEMENT_3D('',#5542,#5543,#5544);
#5542 = CARTESIAN_POINT('',(-2.674938966801,3.38,0.3));
#5543 = DIRECTION('',(1.144237745222E-17,1.,-2.311115933265E-33));
#5544 = DIRECTION('',(0.984807753012,-1.126854202784E-17,-0.173648177667
    ));
#5545 = ORIENTED_EDGE('',*,*,#5546,.T.);
#5546 = EDGE_CURVE('',#5538,#5547,#5549,.T.);
#5547 = VERTEX_POINT('',#5548);
#5548 = CARTESIAN_POINT('',(-3.,3.38,0.));
#5549 = LINE('',#5550,#5551);
#5550 = CARTESIAN_POINT('',(-2.674938966801,3.38,0.));
#5551 = VECTOR('',#5552,1.);
#5552 = DIRECTION('',(-1.,1.144237745222E-17,0.));
#5553 = ORIENTED_EDGE('',*,*,#5554,.T.);
#5554 = EDGE_CURVE('',#5547,#5555,#5557,.T.);
#5555 = VERTEX_POINT('',#5556);
#5556 = CARTESIAN_POINT('',(-3.,3.38,0.2));
#5557 = LINE('',#5558,#5559);
#5558 = CARTESIAN_POINT('',(-3.,3.38,0.));
#5559 = VECTOR('',#5560,1.);
#5560 = DIRECTION('',(0.,0.,1.));
#5561 = ORIENTED_EDGE('',*,*,#5562,.T.);
#5562 = EDGE_CURVE('',#5555,#5563,#5565,.T.);
#5563 = VERTEX_POINT('',#5564);
#5564 = CARTESIAN_POINT('',(-2.674938966801,3.38,0.2));
#5565 = LINE('',#5566,#5567);
#5566 = CARTESIAN_POINT('',(-3.,3.38,0.2));
#5567 = VECTOR('',#5568,1.);
#5568 = DIRECTION('',(1.,-1.144237745222E-17,0.));
#5569 = ORIENTED_EDGE('',*,*,#5570,.T.);
#5570 = EDGE_CURVE('',#5563,#5571,#5573,.T.);
#5571 = VERTEX_POINT('',#5572);
#5572 = CARTESIAN_POINT('',(-2.5764581915,3.38,0.282635182233));
#5573 = CIRCLE('',#5574,0.1);
#5574 = AXIS2_PLACEMENT_3D('',#5575,#5576,#5577);
#5575 = CARTESIAN_POINT('',(-2.674938966801,3.38,0.3));
#5576 = DIRECTION('',(-1.144237745222E-17,-1.,-0.));
#5577 = DIRECTION('',(0.,0.,-1.));
#5578 = ORIENTED_EDGE('',*,*,#5579,.T.);
#5579 = EDGE_CURVE('',#5571,#5580,#5582,.T.);
#5580 = VERTEX_POINT('',#5581);
#5581 = CARTESIAN_POINT('',(-2.495442325904,3.38,0.7770944533));
#5582 = LINE('',#5583,#5584);
#5583 = CARTESIAN_POINT('',(-2.5764581915,3.38,0.282635182233));
#5584 = VECTOR('',#5585,1.);
#5585 = DIRECTION('',(0.161691392282,-1.85013394127E-18,0.986841372087)
  );
#5586 = ORIENTED_EDGE('',*,*,#5587,.T.);
#5587 = EDGE_CURVE('',#5580,#5588,#5590,.T.);
#5588 = VERTEX_POINT('',#5589);
#5589 = CARTESIAN_POINT('',(-2.2,3.38,1.025));
#5590 = CIRCLE('',#5591,0.3);
#5591 = AXIS2_PLACEMENT_3D('',#5592,#5593,#5594);
#5592 = CARTESIAN_POINT('',(-2.2,3.38,0.725));
#5593 = DIRECTION('',(1.144237745222E-17,1.,3.08148791102E-33));
#5594 = DIRECTION('',(-0.984807753012,1.126854202784E-17,0.173648177667)
  );
#5595 = ORIENTED_EDGE('',*,*,#5596,.T.);
#5596 = EDGE_CURVE('',#5588,#2916,#5597,.T.);
#5597 = LINE('',#5598,#5599);
#5598 = CARTESIAN_POINT('',(-2.2,3.38,1.025));
#5599 = VECTOR('',#5600,1.);
#5600 = DIRECTION('',(1.,-1.144237745222E-17,0.));
#5601 = PLANE('',#5602);
#5602 = AXIS2_PLACEMENT_3D('',#5603,#5604,#5605);
#5603 = CARTESIAN_POINT('',(-2.410970442936,3.38,0.528115505988));
#5604 = DIRECTION('',(1.144237745222E-17,1.,0.));
#5605 = DIRECTION('',(0.,-0.,1.));
#5606 = ADVANCED_FACE('',(#5607),#5618,.F.);
#5607 = FACE_BOUND('',#5608,.F.);
#5608 = EDGE_LOOP('',(#5609,#5610,#5611,#5612));
#5609 = ORIENTED_EDGE('',*,*,#2932,.T.);
#5610 = ORIENTED_EDGE('',*,*,#3600,.T.);
#5611 = ORIENTED_EDGE('',*,*,#3728,.F.);
#5612 = ORIENTED_EDGE('',*,*,#5613,.F.);
#5613 = EDGE_CURVE('',#2916,#3721,#5614,.T.);
#5614 = LINE('',#5615,#5616);
#5615 = CARTESIAN_POINT('',(-2.2,3.38,1.025));
#5616 = VECTOR('',#5617,1.);
#5617 = DIRECTION('',(1.,-1.144237745222E-17,0.));
#5618 = PLANE('',#5619);
#5619 = AXIS2_PLACEMENT_3D('',#5620,#5621,#5622);
#5620 = CARTESIAN_POINT('',(-5.802635690585E-16,4.9125,1.025));
#5621 = DIRECTION('',(2.007919022431E-31,-9.466330862652E-27,-1.));
#5622 = DIRECTION('',(1.,1.11487299784E-16,2.00791902242E-31));
#5623 = ADVANCED_FACE('',(#5624),#5703,.F.);
#5624 = FACE_BOUND('',#5625,.F.);
#5625 = EDGE_LOOP('',(#5626,#5627,#5628,#5637,#5645,#5654,#5662,#5670,
    #5678,#5687,#5695,#5702));
#5626 = ORIENTED_EDGE('',*,*,#2924,.F.);
#5627 = ORIENTED_EDGE('',*,*,#2946,.T.);
#5628 = ORIENTED_EDGE('',*,*,#5629,.T.);
#5629 = EDGE_CURVE('',#2947,#5630,#5632,.T.);
#5630 = VERTEX_POINT('',#5631);
#5631 = CARTESIAN_POINT('',(-2.298480775301,4.24,0.742364817767));
#5632 = CIRCLE('',#5633,0.1);
#5633 = AXIS2_PLACEMENT_3D('',#5634,#5635,#5636);
#5634 = CARTESIAN_POINT('',(-2.2,4.24,0.725));
#5635 = DIRECTION('',(-1.144237745222E-17,-1.,-2.189528850508E-47));
#5636 = DIRECTION('',(-4.440892098501E-15,5.081436361563E-32,1.));
#5637 = ORIENTED_EDGE('',*,*,#5638,.T.);
#5638 = EDGE_CURVE('',#5630,#5639,#5641,.T.);
#5639 = VERTEX_POINT('',#5640);
#5640 = CARTESIAN_POINT('',(-2.379496640897,4.24,0.2479055467));
#5641 = LINE('',#5642,#5643);
#5642 = CARTESIAN_POINT('',(-2.298480775301,4.24,0.742364817767));
#5643 = VECTOR('',#5644,1.);
#5644 = DIRECTION('',(-0.161691392282,1.85013394127E-18,-0.986841372087)
  );
#5645 = ORIENTED_EDGE('',*,*,#5646,.T.);
#5646 = EDGE_CURVE('',#5639,#5647,#5649,.T.);
#5647 = VERTEX_POINT('',#5648);
#5648 = CARTESIAN_POINT('',(-2.674938966801,4.24,0.));
#5649 = CIRCLE('',#5650,0.3);
#5650 = AXIS2_PLACEMENT_3D('',#5651,#5652,#5653);
#5651 = CARTESIAN_POINT('',(-2.674938966801,4.24,0.3));
#5652 = DIRECTION('',(1.144237745222E-17,1.,-2.311115933265E-33));
#5653 = DIRECTION('',(0.984807753012,-1.126854202784E-17,-0.173648177667
    ));
#5654 = ORIENTED_EDGE('',*,*,#5655,.T.);
#5655 = EDGE_CURVE('',#5647,#5656,#5658,.T.);
#5656 = VERTEX_POINT('',#5657);
#5657 = CARTESIAN_POINT('',(-3.,4.24,0.));
#5658 = LINE('',#5659,#5660);
#5659 = CARTESIAN_POINT('',(-2.674938966801,4.24,0.));
#5660 = VECTOR('',#5661,1.);
#5661 = DIRECTION('',(-1.,1.144237745222E-17,0.));
#5662 = ORIENTED_EDGE('',*,*,#5663,.T.);
#5663 = EDGE_CURVE('',#5656,#5664,#5666,.T.);
#5664 = VERTEX_POINT('',#5665);
#5665 = CARTESIAN_POINT('',(-3.,4.24,0.2));
#5666 = LINE('',#5667,#5668);
#5667 = CARTESIAN_POINT('',(-3.,4.24,0.));
#5668 = VECTOR('',#5669,1.);
#5669 = DIRECTION('',(0.,0.,1.));
#5670 = ORIENTED_EDGE('',*,*,#5671,.T.);
#5671 = EDGE_CURVE('',#5664,#5672,#5674,.T.);
#5672 = VERTEX_POINT('',#5673);
#5673 = CARTESIAN_POINT('',(-2.674938966801,4.24,0.2));
#5674 = LINE('',#5675,#5676);
#5675 = CARTESIAN_POINT('',(-3.,4.24,0.2));
#5676 = VECTOR('',#5677,1.);
#5677 = DIRECTION('',(1.,-1.144237745222E-17,0.));
#5678 = ORIENTED_EDGE('',*,*,#5679,.T.);
#5679 = EDGE_CURVE('',#5672,#5680,#5682,.T.);
#5680 = VERTEX_POINT('',#5681);
#5681 = CARTESIAN_POINT('',(-2.5764581915,4.24,0.282635182233));
#5682 = CIRCLE('',#5683,0.1);
#5683 = AXIS2_PLACEMENT_3D('',#5684,#5685,#5686);
#5684 = CARTESIAN_POINT('',(-2.674938966801,4.24,0.3));
#5685 = DIRECTION('',(-1.144237745222E-17,-1.,-0.));
#5686 = DIRECTION('',(0.,0.,-1.));
#5687 = ORIENTED_EDGE('',*,*,#5688,.T.);
#5688 = EDGE_CURVE('',#5680,#5689,#5691,.T.);
#5689 = VERTEX_POINT('',#5690);
#5690 = CARTESIAN_POINT('',(-2.495442325904,4.24,0.7770944533));
#5691 = LINE('',#5692,#5693);
#5692 = CARTESIAN_POINT('',(-2.5764581915,4.24,0.282635182233));
#5693 = VECTOR('',#5694,1.);
#5694 = DIRECTION('',(0.161691392282,-1.85013394127E-18,0.986841372087)
  );
#5695 = ORIENTED_EDGE('',*,*,#5696,.T.);
#5696 = EDGE_CURVE('',#5689,#3570,#5697,.T.);
#5697 = CIRCLE('',#5698,0.3);
#5698 = AXIS2_PLACEMENT_3D('',#5699,#5700,#5701);
#5699 = CARTESIAN_POINT('',(-2.2,4.24,0.725));
#5700 = DIRECTION('',(1.144237745222E-17,1.,3.08148791102E-33));
#5701 = DIRECTION('',(-0.984807753012,1.126854202784E-17,0.173648177667)
  );
#5702 = ORIENTED_EDGE('',*,*,#3569,.T.);
#5703 = PLANE('',#5704);
#5704 = AXIS2_PLACEMENT_3D('',#5705,#5706,#5707);
#5705 = CARTESIAN_POINT('',(-2.410970442936,4.24,0.528115505988));
#5706 = DIRECTION('',(1.144237745222E-17,1.,0.));
#5707 = DIRECTION('',(0.,-0.,1.));
#5708 = ADVANCED_FACE('',(#5709),#5728,.F.);
#5709 = FACE_BOUND('',#5710,.F.);
#5710 = EDGE_LOOP('',(#5711,#5712,#5721,#5727));
#5711 = ORIENTED_EDGE('',*,*,#2963,.T.);
#5712 = ORIENTED_EDGE('',*,*,#5713,.T.);
#5713 = EDGE_CURVE('',#2956,#5714,#5716,.T.);
#5714 = VERTEX_POINT('',#5715);
#5715 = CARTESIAN_POINT('',(-2.298480775301,4.65,0.742364817767));
#5716 = CIRCLE('',#5717,0.1);
#5717 = AXIS2_PLACEMENT_3D('',#5718,#5719,#5720);
#5718 = CARTESIAN_POINT('',(-2.2,4.65,0.725));
#5719 = DIRECTION('',(-1.144237745222E-17,-1.,-2.189528850508E-47));
#5720 = DIRECTION('',(-4.440892098501E-15,5.081436361563E-32,1.));
#5721 = ORIENTED_EDGE('',*,*,#5722,.F.);
#5722 = EDGE_CURVE('',#5630,#5714,#5723,.T.);
#5723 = LINE('',#5724,#5725);
#5724 = CARTESIAN_POINT('',(-2.298480775301,4.24,0.742364817767));
#5725 = VECTOR('',#5726,1.);
#5726 = DIRECTION('',(1.144237745222E-17,1.,0.));
#5727 = ORIENTED_EDGE('',*,*,#5629,.F.);
#5728 = CYLINDRICAL_SURFACE('',#5729,0.1);
#5729 = AXIS2_PLACEMENT_3D('',#5730,#5731,#5732);
#5730 = CARTESIAN_POINT('',(-2.2,4.24,0.725));
#5731 = DIRECTION('',(-1.144237745222E-17,-1.,0.));
#5732 = DIRECTION('',(-4.440892098501E-15,5.081436361563E-32,1.));
#5733 = ADVANCED_FACE('',(#5734),#5805,.T.);
#5734 = FACE_BOUND('',#5735,.T.);
#5735 = EDGE_LOOP('',(#5736,#5737,#5738,#5739,#5747,#5756,#5764,#5772,
    #5780,#5789,#5797,#5804));
#5736 = ORIENTED_EDGE('',*,*,#2977,.F.);
#5737 = ORIENTED_EDGE('',*,*,#2955,.T.);
#5738 = ORIENTED_EDGE('',*,*,#5713,.T.);
#5739 = ORIENTED_EDGE('',*,*,#5740,.T.);
#5740 = EDGE_CURVE('',#5714,#5741,#5743,.T.);
#5741 = VERTEX_POINT('',#5742);
#5742 = CARTESIAN_POINT('',(-2.379496640897,4.65,0.2479055467));
#5743 = LINE('',#5744,#5745);
#5744 = CARTESIAN_POINT('',(-2.298480775301,4.65,0.742364817767));
#5745 = VECTOR('',#5746,1.);
#5746 = DIRECTION('',(-0.161691392282,1.85013394127E-18,-0.986841372087)
  );
#5747 = ORIENTED_EDGE('',*,*,#5748,.T.);
#5748 = EDGE_CURVE('',#5741,#5749,#5751,.T.);
#5749 = VERTEX_POINT('',#5750);
#5750 = CARTESIAN_POINT('',(-2.674938966801,4.65,0.));
#5751 = CIRCLE('',#5752,0.3);
#5752 = AXIS2_PLACEMENT_3D('',#5753,#5754,#5755);
#5753 = CARTESIAN_POINT('',(-2.674938966801,4.65,0.3));
#5754 = DIRECTION('',(1.144237745222E-17,1.,-2.311115933265E-33));
#5755 = DIRECTION('',(0.984807753012,-1.126854202784E-17,-0.173648177667
    ));
#5756 = ORIENTED_EDGE('',*,*,#5757,.T.);
#5757 = EDGE_CURVE('',#5749,#5758,#5760,.T.);
#5758 = VERTEX_POINT('',#5759);
#5759 = CARTESIAN_POINT('',(-3.,4.65,0.));
#5760 = LINE('',#5761,#5762);
#5761 = CARTESIAN_POINT('',(-2.674938966801,4.65,0.));
#5762 = VECTOR('',#5763,1.);
#5763 = DIRECTION('',(-1.,1.144237745222E-17,0.));
#5764 = ORIENTED_EDGE('',*,*,#5765,.T.);
#5765 = EDGE_CURVE('',#5758,#5766,#5768,.T.);
#5766 = VERTEX_POINT('',#5767);
#5767 = CARTESIAN_POINT('',(-3.,4.65,0.2));
#5768 = LINE('',#5769,#5770);
#5769 = CARTESIAN_POINT('',(-3.,4.65,0.));
#5770 = VECTOR('',#5771,1.);
#5771 = DIRECTION('',(0.,0.,1.));
#5772 = ORIENTED_EDGE('',*,*,#5773,.T.);
#5773 = EDGE_CURVE('',#5766,#5774,#5776,.T.);
#5774 = VERTEX_POINT('',#5775);
#5775 = CARTESIAN_POINT('',(-2.674938966801,4.65,0.2));
#5776 = LINE('',#5777,#5778);
#5777 = CARTESIAN_POINT('',(-3.,4.65,0.2));
#5778 = VECTOR('',#5779,1.);
#5779 = DIRECTION('',(1.,-1.144237745222E-17,0.));
#5780 = ORIENTED_EDGE('',*,*,#5781,.T.);
#5781 = EDGE_CURVE('',#5774,#5782,#5784,.T.);
#5782 = VERTEX_POINT('',#5783);
#5783 = CARTESIAN_POINT('',(-2.5764581915,4.65,0.282635182233));
#5784 = CIRCLE('',#5785,0.1);
#5785 = AXIS2_PLACEMENT_3D('',#5786,#5787,#5788);
#5786 = CARTESIAN_POINT('',(-2.674938966801,4.65,0.3));
#5787 = DIRECTION('',(-1.144237745222E-17,-1.,-0.));
#5788 = DIRECTION('',(0.,0.,-1.));
#5789 = ORIENTED_EDGE('',*,*,#5790,.T.);
#5790 = EDGE_CURVE('',#5782,#5791,#5793,.T.);
#5791 = VERTEX_POINT('',#5792);
#5792 = CARTESIAN_POINT('',(-2.495442325904,4.65,0.7770944533));
#5793 = LINE('',#5794,#5795);
#5794 = CARTESIAN_POINT('',(-2.5764581915,4.65,0.282635182233));
#5795 = VECTOR('',#5796,1.);
#5796 = DIRECTION('',(0.161691392282,-1.85013394127E-18,0.986841372087)
  );
#5797 = ORIENTED_EDGE('',*,*,#5798,.T.);
#5798 = EDGE_CURVE('',#5791,#3578,#5799,.T.);
#5799 = CIRCLE('',#5800,0.3);
#5800 = AXIS2_PLACEMENT_3D('',#5801,#5802,#5803);
#5801 = CARTESIAN_POINT('',(-2.2,4.65,0.725));
#5802 = DIRECTION('',(1.144237745222E-17,1.,3.08148791102E-33));
#5803 = DIRECTION('',(-0.984807753012,1.126854202784E-17,0.173648177667)
  );
#5804 = ORIENTED_EDGE('',*,*,#3585,.T.);
#5805 = PLANE('',#5806);
#5806 = AXIS2_PLACEMENT_3D('',#5807,#5808,#5809);
#5807 = CARTESIAN_POINT('',(-2.410970442936,4.65,0.528115505988));
#5808 = DIRECTION('',(1.144237745222E-17,1.,0.));
#5809 = DIRECTION('',(0.,-0.,1.));
#5810 = ADVANCED_FACE('',(#5811),#5890,.F.);
#5811 = FACE_BOUND('',#5812,.F.);
#5812 = EDGE_LOOP('',(#5813,#5814,#5815,#5824,#5832,#5841,#5849,#5857,
    #5865,#5874,#5882,#5889));
#5813 = ORIENTED_EDGE('',*,*,#2996,.F.);
#5814 = ORIENTED_EDGE('',*,*,#3011,.T.);
#5815 = ORIENTED_EDGE('',*,*,#5816,.T.);
#5816 = EDGE_CURVE('',#3012,#5817,#5819,.T.);
#5817 = VERTEX_POINT('',#5818);
#5818 = CARTESIAN_POINT('',(2.298480775301,4.65,0.742364817767));
#5819 = CIRCLE('',#5820,0.1);
#5820 = AXIS2_PLACEMENT_3D('',#5821,#5822,#5823);
#5821 = CARTESIAN_POINT('',(2.2,4.65,0.725));
#5822 = DIRECTION('',(-1.110223024625E-16,1.,0.));
#5823 = DIRECTION('',(4.440892098501E-15,4.930380657631E-31,1.));
#5824 = ORIENTED_EDGE('',*,*,#5825,.T.);
#5825 = EDGE_CURVE('',#5817,#5826,#5828,.T.);
#5826 = VERTEX_POINT('',#5827);
#5827 = CARTESIAN_POINT('',(2.379496640897,4.65,0.2479055467));
#5828 = LINE('',#5829,#5830);
#5829 = CARTESIAN_POINT('',(2.298480775301,4.65,0.742364817767));
#5830 = VECTOR('',#5831,1.);
#5831 = DIRECTION('',(0.161691392282,1.795135065956E-17,-0.986841372087)
  );
#5832 = ORIENTED_EDGE('',*,*,#5833,.T.);
#5833 = EDGE_CURVE('',#5826,#5834,#5836,.T.);
#5834 = VERTEX_POINT('',#5835);
#5835 = CARTESIAN_POINT('',(2.674938966801,4.65,0.));
#5836 = CIRCLE('',#5837,0.3);
#5837 = AXIS2_PLACEMENT_3D('',#5838,#5839,#5840);
#5838 = CARTESIAN_POINT('',(2.674938966801,4.65,0.3));
#5839 = DIRECTION('',(1.110223024625E-16,-1.,0.));
#5840 = DIRECTION('',(-0.984807753012,-1.093356242223E-16,
    -0.173648177667));
#5841 = ORIENTED_EDGE('',*,*,#5842,.T.);
#5842 = EDGE_CURVE('',#5834,#5843,#5845,.T.);
#5843 = VERTEX_POINT('',#5844);
#5844 = CARTESIAN_POINT('',(3.,4.65,0.));
#5845 = LINE('',#5846,#5847);
#5846 = CARTESIAN_POINT('',(2.674938966801,4.65,0.));
#5847 = VECTOR('',#5848,1.);
#5848 = DIRECTION('',(1.,1.110223024625E-16,0.));
#5849 = ORIENTED_EDGE('',*,*,#5850,.T.);
#5850 = EDGE_CURVE('',#5843,#5851,#5853,.T.);
#5851 = VERTEX_POINT('',#5852);
#5852 = CARTESIAN_POINT('',(3.,4.65,0.2));
#5853 = LINE('',#5854,#5855);
#5854 = CARTESIAN_POINT('',(3.,4.65,0.));
#5855 = VECTOR('',#5856,1.);
#5856 = DIRECTION('',(0.,0.,1.));
#5857 = ORIENTED_EDGE('',*,*,#5858,.T.);
#5858 = EDGE_CURVE('',#5851,#5859,#5861,.T.);
#5859 = VERTEX_POINT('',#5860);
#5860 = CARTESIAN_POINT('',(2.674938966801,4.65,0.2));
#5861 = LINE('',#5862,#5863);
#5862 = CARTESIAN_POINT('',(3.,4.65,0.2));
#5863 = VECTOR('',#5864,1.);
#5864 = DIRECTION('',(-1.,-1.110223024625E-16,0.));
#5865 = ORIENTED_EDGE('',*,*,#5866,.T.);
#5866 = EDGE_CURVE('',#5859,#5867,#5869,.T.);
#5867 = VERTEX_POINT('',#5868);
#5868 = CARTESIAN_POINT('',(2.5764581915,4.65,0.282635182233));
#5869 = CIRCLE('',#5870,0.1);
#5870 = AXIS2_PLACEMENT_3D('',#5871,#5872,#5873);
#5871 = CARTESIAN_POINT('',(2.674938966801,4.65,0.3));
#5872 = DIRECTION('',(-1.110223024625E-16,1.,0.));
#5873 = DIRECTION('',(0.,0.,-1.));
#5874 = ORIENTED_EDGE('',*,*,#5875,.T.);
#5875 = EDGE_CURVE('',#5867,#5876,#5878,.T.);
#5876 = VERTEX_POINT('',#5877);
#5877 = CARTESIAN_POINT('',(2.495442325904,4.65,0.7770944533));
#5878 = LINE('',#5879,#5880);
#5879 = CARTESIAN_POINT('',(2.5764581915,4.65,0.282635182233));
#5880 = VECTOR('',#5881,1.);
#5881 = DIRECTION('',(-0.161691392282,-1.795135065956E-17,0.986841372087
    ));
#5882 = ORIENTED_EDGE('',*,*,#5883,.T.);
#5883 = EDGE_CURVE('',#5876,#3985,#5884,.T.);
#5884 = CIRCLE('',#5885,0.3);
#5885 = AXIS2_PLACEMENT_3D('',#5886,#5887,#5888);
#5886 = CARTESIAN_POINT('',(2.2,4.65,0.725));
#5887 = DIRECTION('',(1.110223024625E-16,-1.,0.));
#5888 = DIRECTION('',(0.984807753012,1.093356242223E-16,0.173648177667)
  );
#5889 = ORIENTED_EDGE('',*,*,#3984,.T.);
#5890 = PLANE('',#5891);
#5891 = AXIS2_PLACEMENT_3D('',#5892,#5893,#5894);
#5892 = CARTESIAN_POINT('',(2.410970442936,4.65,0.528115505988));
#5893 = DIRECTION('',(1.110223024625E-16,-1.,0.));
#5894 = DIRECTION('',(0.,0.,1.));
#5895 = ADVANCED_FACE('',(#5896),#5915,.F.);
#5896 = FACE_BOUND('',#5897,.F.);
#5897 = EDGE_LOOP('',(#5898,#5899,#5908,#5914));
#5898 = ORIENTED_EDGE('',*,*,#3028,.T.);
#5899 = ORIENTED_EDGE('',*,*,#5900,.T.);
#5900 = EDGE_CURVE('',#3021,#5901,#5903,.T.);
#5901 = VERTEX_POINT('',#5902);
#5902 = CARTESIAN_POINT('',(2.298480775301,4.24,0.742364817767));
#5903 = CIRCLE('',#5904,0.1);
#5904 = AXIS2_PLACEMENT_3D('',#5905,#5906,#5907);
#5905 = CARTESIAN_POINT('',(2.2,4.24,0.725));
#5906 = DIRECTION('',(-1.110223024625E-16,1.,0.));
#5907 = DIRECTION('',(4.440892098501E-15,4.930380657631E-31,1.));
#5908 = ORIENTED_EDGE('',*,*,#5909,.F.);
#5909 = EDGE_CURVE('',#5817,#5901,#5910,.T.);
#5910 = LINE('',#5911,#5912);
#5911 = CARTESIAN_POINT('',(2.298480775301,4.65,0.742364817767));
#5912 = VECTOR('',#5913,1.);
#5913 = DIRECTION('',(1.110223024625E-16,-1.,0.));
#5914 = ORIENTED_EDGE('',*,*,#5816,.F.);
#5915 = CYLINDRICAL_SURFACE('',#5916,0.1);
#5916 = AXIS2_PLACEMENT_3D('',#5917,#5918,#5919);
#5917 = CARTESIAN_POINT('',(2.2,4.65,0.725));
#5918 = DIRECTION('',(-1.110223024625E-16,1.,0.));
#5919 = DIRECTION('',(4.440892098501E-15,4.930380657631E-31,1.));
#5920 = ADVANCED_FACE('',(#5921),#5992,.T.);
#5921 = FACE_BOUND('',#5922,.T.);
#5922 = EDGE_LOOP('',(#5923,#5924,#5925,#5926,#5934,#5943,#5951,#5959,
    #5967,#5976,#5984,#5991));
#5923 = ORIENTED_EDGE('',*,*,#3042,.F.);
#5924 = ORIENTED_EDGE('',*,*,#3020,.T.);
#5925 = ORIENTED_EDGE('',*,*,#5900,.T.);
#5926 = ORIENTED_EDGE('',*,*,#5927,.T.);
#5927 = EDGE_CURVE('',#5901,#5928,#5930,.T.);
#5928 = VERTEX_POINT('',#5929);
#5929 = CARTESIAN_POINT('',(2.379496640897,4.24,0.2479055467));
#5930 = LINE('',#5931,#5932);
#5931 = CARTESIAN_POINT('',(2.298480775301,4.24,0.742364817767));
#5932 = VECTOR('',#5933,1.);
#5933 = DIRECTION('',(0.161691392282,1.795135065956E-17,-0.986841372087)
  );
#5934 = ORIENTED_EDGE('',*,*,#5935,.T.);
#5935 = EDGE_CURVE('',#5928,#5936,#5938,.T.);
#5936 = VERTEX_POINT('',#5937);
#5937 = CARTESIAN_POINT('',(2.674938966801,4.24,0.));
#5938 = CIRCLE('',#5939,0.3);
#5939 = AXIS2_PLACEMENT_3D('',#5940,#5941,#5942);
#5940 = CARTESIAN_POINT('',(2.674938966801,4.24,0.3));
#5941 = DIRECTION('',(1.110223024625E-16,-1.,0.));
#5942 = DIRECTION('',(-0.984807753012,-1.093356242223E-16,
    -0.173648177667));
#5943 = ORIENTED_EDGE('',*,*,#5944,.T.);
#5944 = EDGE_CURVE('',#5936,#5945,#5947,.T.);
#5945 = VERTEX_POINT('',#5946);
#5946 = CARTESIAN_POINT('',(3.,4.24,0.));
#5947 = LINE('',#5948,#5949);
#5948 = CARTESIAN_POINT('',(2.674938966801,4.24,0.));
#5949 = VECTOR('',#5950,1.);
#5950 = DIRECTION('',(1.,1.110223024625E-16,0.));
#5951 = ORIENTED_EDGE('',*,*,#5952,.T.);
#5952 = EDGE_CURVE('',#5945,#5953,#5955,.T.);
#5953 = VERTEX_POINT('',#5954);
#5954 = CARTESIAN_POINT('',(3.,4.24,0.2));
#5955 = LINE('',#5956,#5957);
#5956 = CARTESIAN_POINT('',(3.,4.24,0.));
#5957 = VECTOR('',#5958,1.);
#5958 = DIRECTION('',(0.,0.,1.));
#5959 = ORIENTED_EDGE('',*,*,#5960,.T.);
#5960 = EDGE_CURVE('',#5953,#5961,#5963,.T.);
#5961 = VERTEX_POINT('',#5962);
#5962 = CARTESIAN_POINT('',(2.674938966801,4.24,0.2));
#5963 = LINE('',#5964,#5965);
#5964 = CARTESIAN_POINT('',(3.,4.24,0.2));
#5965 = VECTOR('',#5966,1.);
#5966 = DIRECTION('',(-1.,-1.110223024625E-16,0.));
#5967 = ORIENTED_EDGE('',*,*,#5968,.T.);
#5968 = EDGE_CURVE('',#5961,#5969,#5971,.T.);
#5969 = VERTEX_POINT('',#5970);
#5970 = CARTESIAN_POINT('',(2.5764581915,4.24,0.282635182233));
#5971 = CIRCLE('',#5972,0.1);
#5972 = AXIS2_PLACEMENT_3D('',#5973,#5974,#5975);
#5973 = CARTESIAN_POINT('',(2.674938966801,4.24,0.3));
#5974 = DIRECTION('',(-1.110223024625E-16,1.,0.));
#5975 = DIRECTION('',(0.,0.,-1.));
#5976 = ORIENTED_EDGE('',*,*,#5977,.T.);
#5977 = EDGE_CURVE('',#5969,#5978,#5980,.T.);
#5978 = VERTEX_POINT('',#5979);
#5979 = CARTESIAN_POINT('',(2.495442325904,4.24,0.7770944533));
#5980 = LINE('',#5981,#5982);
#5981 = CARTESIAN_POINT('',(2.5764581915,4.24,0.282635182233));
#5982 = VECTOR('',#5983,1.);
#5983 = DIRECTION('',(-0.161691392282,-1.795135065956E-17,0.986841372087
    ));
#5984 = ORIENTED_EDGE('',*,*,#5985,.T.);
#5985 = EDGE_CURVE('',#5978,#3993,#5986,.T.);
#5986 = CIRCLE('',#5987,0.3);
#5987 = AXIS2_PLACEMENT_3D('',#5988,#5989,#5990);
#5988 = CARTESIAN_POINT('',(2.2,4.24,0.725));
#5989 = DIRECTION('',(1.110223024625E-16,-1.,0.));
#5990 = DIRECTION('',(0.984807753012,1.093356242223E-16,0.173648177667)
  );
#5991 = ORIENTED_EDGE('',*,*,#4000,.T.);
#5992 = PLANE('',#5993);
#5993 = AXIS2_PLACEMENT_3D('',#5994,#5995,#5996);
#5994 = CARTESIAN_POINT('',(2.410970442936,4.24,0.528115505988));
#5995 = DIRECTION('',(1.110223024625E-16,-1.,0.));
#5996 = DIRECTION('',(0.,0.,1.));
#5997 = ADVANCED_FACE('',(#5998),#6009,.F.);
#5998 = FACE_BOUND('',#5999,.F.);
#5999 = EDGE_LOOP('',(#6000,#6001,#6002,#6008));
#6000 = ORIENTED_EDGE('',*,*,#4006,.F.);
#6001 = ORIENTED_EDGE('',*,*,#3059,.T.);
#6002 = ORIENTED_EDGE('',*,*,#6003,.T.);
#6003 = EDGE_CURVE('',#3052,#3843,#6004,.T.);
#6004 = LINE('',#6005,#6006);
#6005 = CARTESIAN_POINT('',(2.2,3.38,1.025));
#6006 = VECTOR('',#6007,1.);
#6007 = DIRECTION('',(-1.,-1.110223024625E-16,0.));
#6008 = ORIENTED_EDGE('',*,*,#3842,.F.);
#6009 = PLANE('',#6010);
#6010 = AXIS2_PLACEMENT_3D('',#6011,#6012,#6013);
#6011 = CARTESIAN_POINT('',(-5.802635690585E-16,4.9125,1.025));
#6012 = DIRECTION('',(2.007919022431E-31,-9.466330862652E-27,-1.));
#6013 = DIRECTION('',(1.,1.11487299784E-16,2.00791902242E-31));
#6014 = ADVANCED_FACE('',(#6015),#6101,.F.);
#6015 = FACE_BOUND('',#6016,.F.);
#6016 = EDGE_LOOP('',(#6017,#6018,#6019,#6028,#6036,#6045,#6053,#6061,
    #6069,#6078,#6086,#6095));
#6017 = ORIENTED_EDGE('',*,*,#3051,.F.);
#6018 = ORIENTED_EDGE('',*,*,#3073,.T.);
#6019 = ORIENTED_EDGE('',*,*,#6020,.T.);
#6020 = EDGE_CURVE('',#3074,#6021,#6023,.T.);
#6021 = VERTEX_POINT('',#6022);
#6022 = CARTESIAN_POINT('',(2.298480775301,3.38,0.742364817767));
#6023 = CIRCLE('',#6024,0.1);
#6024 = AXIS2_PLACEMENT_3D('',#6025,#6026,#6027);
#6025 = CARTESIAN_POINT('',(2.2,3.38,0.725));
#6026 = DIRECTION('',(-1.110223024625E-16,1.,0.));
#6027 = DIRECTION('',(4.440892098501E-15,4.930380657631E-31,1.));
#6028 = ORIENTED_EDGE('',*,*,#6029,.T.);
#6029 = EDGE_CURVE('',#6021,#6030,#6032,.T.);
#6030 = VERTEX_POINT('',#6031);
#6031 = CARTESIAN_POINT('',(2.379496640897,3.38,0.2479055467));
#6032 = LINE('',#6033,#6034);
#6033 = CARTESIAN_POINT('',(2.298480775301,3.38,0.742364817767));
#6034 = VECTOR('',#6035,1.);
#6035 = DIRECTION('',(0.161691392282,1.795135065956E-17,-0.986841372087)
  );
#6036 = ORIENTED_EDGE('',*,*,#6037,.T.);
#6037 = EDGE_CURVE('',#6030,#6038,#6040,.T.);
#6038 = VERTEX_POINT('',#6039);
#6039 = CARTESIAN_POINT('',(2.674938966801,3.38,0.));
#6040 = CIRCLE('',#6041,0.3);
#6041 = AXIS2_PLACEMENT_3D('',#6042,#6043,#6044);
#6042 = CARTESIAN_POINT('',(2.674938966801,3.38,0.3));
#6043 = DIRECTION('',(1.110223024625E-16,-1.,0.));
#6044 = DIRECTION('',(-0.984807753012,-1.093356242223E-16,
    -0.173648177667));
#6045 = ORIENTED_EDGE('',*,*,#6046,.T.);
#6046 = EDGE_CURVE('',#6038,#6047,#6049,.T.);
#6047 = VERTEX_POINT('',#6048);
#6048 = CARTESIAN_POINT('',(3.,3.38,0.));
#6049 = LINE('',#6050,#6051);
#6050 = CARTESIAN_POINT('',(2.674938966801,3.38,0.));
#6051 = VECTOR('',#6052,1.);
#6052 = DIRECTION('',(1.,1.110223024625E-16,0.));
#6053 = ORIENTED_EDGE('',*,*,#6054,.T.);
#6054 = EDGE_CURVE('',#6047,#6055,#6057,.T.);
#6055 = VERTEX_POINT('',#6056);
#6056 = CARTESIAN_POINT('',(3.,3.38,0.2));
#6057 = LINE('',#6058,#6059);
#6058 = CARTESIAN_POINT('',(3.,3.38,0.));
#6059 = VECTOR('',#6060,1.);
#6060 = DIRECTION('',(0.,0.,1.));
#6061 = ORIENTED_EDGE('',*,*,#6062,.T.);
#6062 = EDGE_CURVE('',#6055,#6063,#6065,.T.);
#6063 = VERTEX_POINT('',#6064);
#6064 = CARTESIAN_POINT('',(2.674938966801,3.38,0.2));
#6065 = LINE('',#6066,#6067);
#6066 = CARTESIAN_POINT('',(3.,3.38,0.2));
#6067 = VECTOR('',#6068,1.);
#6068 = DIRECTION('',(-1.,-1.110223024625E-16,0.));
#6069 = ORIENTED_EDGE('',*,*,#6070,.T.);
#6070 = EDGE_CURVE('',#6063,#6071,#6073,.T.);
#6071 = VERTEX_POINT('',#6072);
#6072 = CARTESIAN_POINT('',(2.5764581915,3.38,0.282635182233));
#6073 = CIRCLE('',#6074,0.1);
#6074 = AXIS2_PLACEMENT_3D('',#6075,#6076,#6077);
#6075 = CARTESIAN_POINT('',(2.674938966801,3.38,0.3));
#6076 = DIRECTION('',(-1.110223024625E-16,1.,0.));
#6077 = DIRECTION('',(0.,0.,-1.));
#6078 = ORIENTED_EDGE('',*,*,#6079,.T.);
#6079 = EDGE_CURVE('',#6071,#6080,#6082,.T.);
#6080 = VERTEX_POINT('',#6081);
#6081 = CARTESIAN_POINT('',(2.495442325904,3.38,0.7770944533));
#6082 = LINE('',#6083,#6084);
#6083 = CARTESIAN_POINT('',(2.5764581915,3.38,0.282635182233));
#6084 = VECTOR('',#6085,1.);
#6085 = DIRECTION('',(-0.161691392282,-1.795135065956E-17,0.986841372087
    ));
#6086 = ORIENTED_EDGE('',*,*,#6087,.T.);
#6087 = EDGE_CURVE('',#6080,#6088,#6090,.T.);
#6088 = VERTEX_POINT('',#6089);
#6089 = CARTESIAN_POINT('',(2.2,3.38,1.025));
#6090 = CIRCLE('',#6091,0.3);
#6091 = AXIS2_PLACEMENT_3D('',#6092,#6093,#6094);
#6092 = CARTESIAN_POINT('',(2.2,3.38,0.725));
#6093 = DIRECTION('',(1.110223024625E-16,-1.,0.));
#6094 = DIRECTION('',(0.984807753012,1.093356242223E-16,0.173648177667)
  );
#6095 = ORIENTED_EDGE('',*,*,#6096,.T.);
#6096 = EDGE_CURVE('',#6088,#3052,#6097,.T.);
#6097 = LINE('',#6098,#6099);
#6098 = CARTESIAN_POINT('',(2.2,3.38,1.025));
#6099 = VECTOR('',#6100,1.);
#6100 = DIRECTION('',(-1.,-1.110223024625E-16,0.));
#6101 = PLANE('',#6102);
#6102 = AXIS2_PLACEMENT_3D('',#6103,#6104,#6105);
#6103 = CARTESIAN_POINT('',(2.410970442936,3.38,0.528115505988));
#6104 = DIRECTION('',(1.110223024625E-16,-1.,0.));
#6105 = DIRECTION('',(0.,0.,1.));
#6106 = ADVANCED_FACE('',(#6107),#6126,.F.);
#6107 = FACE_BOUND('',#6108,.F.);
#6108 = EDGE_LOOP('',(#6109,#6110,#6119,#6125));
#6109 = ORIENTED_EDGE('',*,*,#3090,.T.);
#6110 = ORIENTED_EDGE('',*,*,#6111,.T.);
#6111 = EDGE_CURVE('',#3083,#6112,#6114,.T.);
#6112 = VERTEX_POINT('',#6113);
#6113 = CARTESIAN_POINT('',(2.298480775301,2.97,0.742364817767));
#6114 = CIRCLE('',#6115,0.1);
#6115 = AXIS2_PLACEMENT_3D('',#6116,#6117,#6118);
#6116 = CARTESIAN_POINT('',(2.2,2.97,0.725));
#6117 = DIRECTION('',(-1.110223024625E-16,1.,0.));
#6118 = DIRECTION('',(4.440892098501E-15,4.930380657631E-31,1.));
#6119 = ORIENTED_EDGE('',*,*,#6120,.F.);
#6120 = EDGE_CURVE('',#6021,#6112,#6121,.T.);
#6121 = LINE('',#6122,#6123);
#6122 = CARTESIAN_POINT('',(2.298480775301,3.38,0.742364817767));
#6123 = VECTOR('',#6124,1.);
#6124 = DIRECTION('',(1.110223024625E-16,-1.,0.));
#6125 = ORIENTED_EDGE('',*,*,#6020,.F.);
#6126 = CYLINDRICAL_SURFACE('',#6127,0.1);
#6127 = AXIS2_PLACEMENT_3D('',#6128,#6129,#6130);
#6128 = CARTESIAN_POINT('',(2.2,3.38,0.725));
#6129 = DIRECTION('',(-1.110223024625E-16,1.,0.));
#6130 = DIRECTION('',(4.440892098501E-15,4.930380657631E-31,1.));
#6131 = ADVANCED_FACE('',(#6132),#6210,.T.);
#6132 = FACE_BOUND('',#6133,.T.);
#6133 = EDGE_LOOP('',(#6134,#6135,#6136,#6137,#6145,#6154,#6162,#6170,
    #6178,#6187,#6195,#6204));
#6134 = ORIENTED_EDGE('',*,*,#3104,.F.);
#6135 = ORIENTED_EDGE('',*,*,#3082,.T.);
#6136 = ORIENTED_EDGE('',*,*,#6111,.T.);
#6137 = ORIENTED_EDGE('',*,*,#6138,.T.);
#6138 = EDGE_CURVE('',#6112,#6139,#6141,.T.);
#6139 = VERTEX_POINT('',#6140);
#6140 = CARTESIAN_POINT('',(2.379496640897,2.97,0.2479055467));
#6141 = LINE('',#6142,#6143);
#6142 = CARTESIAN_POINT('',(2.298480775301,2.97,0.742364817767));
#6143 = VECTOR('',#6144,1.);
#6144 = DIRECTION('',(0.161691392282,1.795135065956E-17,-0.986841372087)
  );
#6145 = ORIENTED_EDGE('',*,*,#6146,.T.);
#6146 = EDGE_CURVE('',#6139,#6147,#6149,.T.);
#6147 = VERTEX_POINT('',#6148);
#6148 = CARTESIAN_POINT('',(2.674938966801,2.97,0.));
#6149 = CIRCLE('',#6150,0.3);
#6150 = AXIS2_PLACEMENT_3D('',#6151,#6152,#6153);
#6151 = CARTESIAN_POINT('',(2.674938966801,2.97,0.3));
#6152 = DIRECTION('',(1.110223024625E-16,-1.,0.));
#6153 = DIRECTION('',(-0.984807753012,-1.093356242223E-16,
    -0.173648177667));
#6154 = ORIENTED_EDGE('',*,*,#6155,.T.);
#6155 = EDGE_CURVE('',#6147,#6156,#6158,.T.);
#6156 = VERTEX_POINT('',#6157);
#6157 = CARTESIAN_POINT('',(3.,2.97,0.));
#6158 = LINE('',#6159,#6160);
#6159 = CARTESIAN_POINT('',(2.674938966801,2.97,0.));
#6160 = VECTOR('',#6161,1.);
#6161 = DIRECTION('',(1.,1.110223024625E-16,0.));
#6162 = ORIENTED_EDGE('',*,*,#6163,.T.);
#6163 = EDGE_CURVE('',#6156,#6164,#6166,.T.);
#6164 = VERTEX_POINT('',#6165);
#6165 = CARTESIAN_POINT('',(3.,2.97,0.2));
#6166 = LINE('',#6167,#6168);
#6167 = CARTESIAN_POINT('',(3.,2.97,0.));
#6168 = VECTOR('',#6169,1.);
#6169 = DIRECTION('',(0.,0.,1.));
#6170 = ORIENTED_EDGE('',*,*,#6171,.T.);
#6171 = EDGE_CURVE('',#6164,#6172,#6174,.T.);
#6172 = VERTEX_POINT('',#6173);
#6173 = CARTESIAN_POINT('',(2.674938966801,2.97,0.2));
#6174 = LINE('',#6175,#6176);
#6175 = CARTESIAN_POINT('',(3.,2.97,0.2));
#6176 = VECTOR('',#6177,1.);
#6177 = DIRECTION('',(-1.,-1.110223024625E-16,0.));
#6178 = ORIENTED_EDGE('',*,*,#6179,.T.);
#6179 = EDGE_CURVE('',#6172,#6180,#6182,.T.);
#6180 = VERTEX_POINT('',#6181);
#6181 = CARTESIAN_POINT('',(2.5764581915,2.97,0.282635182233));
#6182 = CIRCLE('',#6183,0.1);
#6183 = AXIS2_PLACEMENT_3D('',#6184,#6185,#6186);
#6184 = CARTESIAN_POINT('',(2.674938966801,2.97,0.3));
#6185 = DIRECTION('',(-1.110223024625E-16,1.,0.));
#6186 = DIRECTION('',(0.,0.,-1.));
#6187 = ORIENTED_EDGE('',*,*,#6188,.T.);
#6188 = EDGE_CURVE('',#6180,#6189,#6191,.T.);
#6189 = VERTEX_POINT('',#6190);
#6190 = CARTESIAN_POINT('',(2.495442325904,2.97,0.7770944533));
#6191 = LINE('',#6192,#6193);
#6192 = CARTESIAN_POINT('',(2.5764581915,2.97,0.282635182233));
#6193 = VECTOR('',#6194,1.);
#6194 = DIRECTION('',(-0.161691392282,-1.795135065956E-17,0.986841372087
    ));
#6195 = ORIENTED_EDGE('',*,*,#6196,.T.);
#6196 = EDGE_CURVE('',#6189,#6197,#6199,.T.);
#6197 = VERTEX_POINT('',#6198);
#6198 = CARTESIAN_POINT('',(2.2,2.97,1.025));
#6199 = CIRCLE('',#6200,0.3);
#6200 = AXIS2_PLACEMENT_3D('',#6201,#6202,#6203);
#6201 = CARTESIAN_POINT('',(2.2,2.97,0.725));
#6202 = DIRECTION('',(1.110223024625E-16,-1.,0.));
#6203 = DIRECTION('',(0.984807753012,1.093356242223E-16,0.173648177667)
  );
#6204 = ORIENTED_EDGE('',*,*,#6205,.T.);
#6205 = EDGE_CURVE('',#6197,#3105,#6206,.T.);
#6206 = LINE('',#6207,#6208);
#6207 = CARTESIAN_POINT('',(2.2,2.97,1.025));
#6208 = VECTOR('',#6209,1.);
#6209 = DIRECTION('',(-1.,-1.110223024625E-16,0.));
#6210 = PLANE('',#6211);
#6211 = AXIS2_PLACEMENT_3D('',#6212,#6213,#6214);
#6212 = CARTESIAN_POINT('',(2.410970442936,2.97,0.528115505988));
#6213 = DIRECTION('',(1.110223024625E-16,-1.,0.));
#6214 = DIRECTION('',(0.,0.,1.));
#6215 = ADVANCED_FACE('',(#6216),#6232,.F.);
#6216 = FACE_BOUND('',#6217,.F.);
#6217 = EDGE_LOOP('',(#6218,#6224,#6225,#6231));
#6218 = ORIENTED_EDGE('',*,*,#6219,.F.);
#6219 = EDGE_CURVE('',#3105,#3851,#6220,.T.);
#6220 = LINE('',#6221,#6222);
#6221 = CARTESIAN_POINT('',(2.2,2.97,1.025));
#6222 = VECTOR('',#6223,1.);
#6223 = DIRECTION('',(-1.,-1.110223024625E-16,0.));
#6224 = ORIENTED_EDGE('',*,*,#3121,.T.);
#6225 = ORIENTED_EDGE('',*,*,#6226,.T.);
#6226 = EDGE_CURVE('',#3114,#3859,#6227,.T.);
#6227 = LINE('',#6228,#6229);
#6228 = CARTESIAN_POINT('',(2.2,2.11,1.025));
#6229 = VECTOR('',#6230,1.);
#6230 = DIRECTION('',(-1.,-1.110223024625E-16,0.));
#6231 = ORIENTED_EDGE('',*,*,#3858,.F.);
#6232 = PLANE('',#6233);
#6233 = AXIS2_PLACEMENT_3D('',#6234,#6235,#6236);
#6234 = CARTESIAN_POINT('',(-5.802635690585E-16,4.9125,1.025));
#6235 = DIRECTION('',(2.007919022431E-31,-9.466330862652E-27,-1.));
#6236 = DIRECTION('',(1.,1.11487299784E-16,2.00791902242E-31));
#6237 = ADVANCED_FACE('',(#6238),#6324,.F.);
#6238 = FACE_BOUND('',#6239,.F.);
#6239 = EDGE_LOOP('',(#6240,#6241,#6242,#6251,#6259,#6268,#6276,#6284,
    #6292,#6301,#6309,#6318));
#6240 = ORIENTED_EDGE('',*,*,#3113,.F.);
#6241 = ORIENTED_EDGE('',*,*,#3135,.T.);
#6242 = ORIENTED_EDGE('',*,*,#6243,.T.);
#6243 = EDGE_CURVE('',#3136,#6244,#6246,.T.);
#6244 = VERTEX_POINT('',#6245);
#6245 = CARTESIAN_POINT('',(2.298480775301,2.11,0.742364817767));
#6246 = CIRCLE('',#6247,0.1);
#6247 = AXIS2_PLACEMENT_3D('',#6248,#6249,#6250);
#6248 = CARTESIAN_POINT('',(2.2,2.11,0.725));
#6249 = DIRECTION('',(-1.110223024625E-16,1.,0.));
#6250 = DIRECTION('',(4.440892098501E-15,4.930380657631E-31,1.));
#6251 = ORIENTED_EDGE('',*,*,#6252,.T.);
#6252 = EDGE_CURVE('',#6244,#6253,#6255,.T.);
#6253 = VERTEX_POINT('',#6254);
#6254 = CARTESIAN_POINT('',(2.379496640897,2.11,0.2479055467));
#6255 = LINE('',#6256,#6257);
#6256 = CARTESIAN_POINT('',(2.298480775301,2.11,0.742364817767));
#6257 = VECTOR('',#6258,1.);
#6258 = DIRECTION('',(0.161691392282,1.795135065956E-17,-0.986841372087)
  );
#6259 = ORIENTED_EDGE('',*,*,#6260,.T.);
#6260 = EDGE_CURVE('',#6253,#6261,#6263,.T.);
#6261 = VERTEX_POINT('',#6262);
#6262 = CARTESIAN_POINT('',(2.674938966801,2.11,0.));
#6263 = CIRCLE('',#6264,0.3);
#6264 = AXIS2_PLACEMENT_3D('',#6265,#6266,#6267);
#6265 = CARTESIAN_POINT('',(2.674938966801,2.11,0.3));
#6266 = DIRECTION('',(1.110223024625E-16,-1.,0.));
#6267 = DIRECTION('',(-0.984807753012,-1.093356242223E-16,
    -0.173648177667));
#6268 = ORIENTED_EDGE('',*,*,#6269,.T.);
#6269 = EDGE_CURVE('',#6261,#6270,#6272,.T.);
#6270 = VERTEX_POINT('',#6271);
#6271 = CARTESIAN_POINT('',(3.,2.11,0.));
#6272 = LINE('',#6273,#6274);
#6273 = CARTESIAN_POINT('',(2.674938966801,2.11,0.));
#6274 = VECTOR('',#6275,1.);
#6275 = DIRECTION('',(1.,1.110223024625E-16,0.));
#6276 = ORIENTED_EDGE('',*,*,#6277,.T.);
#6277 = EDGE_CURVE('',#6270,#6278,#6280,.T.);
#6278 = VERTEX_POINT('',#6279);
#6279 = CARTESIAN_POINT('',(3.,2.11,0.2));
#6280 = LINE('',#6281,#6282);
#6281 = CARTESIAN_POINT('',(3.,2.11,0.));
#6282 = VECTOR('',#6283,1.);
#6283 = DIRECTION('',(0.,0.,1.));
#6284 = ORIENTED_EDGE('',*,*,#6285,.T.);
#6285 = EDGE_CURVE('',#6278,#6286,#6288,.T.);
#6286 = VERTEX_POINT('',#6287);
#6287 = CARTESIAN_POINT('',(2.674938966801,2.11,0.2));
#6288 = LINE('',#6289,#6290);
#6289 = CARTESIAN_POINT('',(3.,2.11,0.2));
#6290 = VECTOR('',#6291,1.);
#6291 = DIRECTION('',(-1.,-1.110223024625E-16,0.));
#6292 = ORIENTED_EDGE('',*,*,#6293,.T.);
#6293 = EDGE_CURVE('',#6286,#6294,#6296,.T.);
#6294 = VERTEX_POINT('',#6295);
#6295 = CARTESIAN_POINT('',(2.5764581915,2.11,0.282635182233));
#6296 = CIRCLE('',#6297,0.1);
#6297 = AXIS2_PLACEMENT_3D('',#6298,#6299,#6300);
#6298 = CARTESIAN_POINT('',(2.674938966801,2.11,0.3));
#6299 = DIRECTION('',(-1.110223024625E-16,1.,0.));
#6300 = DIRECTION('',(0.,0.,-1.));
#6301 = ORIENTED_EDGE('',*,*,#6302,.T.);
#6302 = EDGE_CURVE('',#6294,#6303,#6305,.T.);
#6303 = VERTEX_POINT('',#6304);
#6304 = CARTESIAN_POINT('',(2.495442325904,2.11,0.7770944533));
#6305 = LINE('',#6306,#6307);
#6306 = CARTESIAN_POINT('',(2.5764581915,2.11,0.282635182233));
#6307 = VECTOR('',#6308,1.);
#6308 = DIRECTION('',(-0.161691392282,-1.795135065956E-17,0.986841372087
    ));
#6309 = ORIENTED_EDGE('',*,*,#6310,.T.);
#6310 = EDGE_CURVE('',#6303,#6311,#6313,.T.);
#6311 = VERTEX_POINT('',#6312);
#6312 = CARTESIAN_POINT('',(2.2,2.11,1.025));
#6313 = CIRCLE('',#6314,0.3);
#6314 = AXIS2_PLACEMENT_3D('',#6315,#6316,#6317);
#6315 = CARTESIAN_POINT('',(2.2,2.11,0.725));
#6316 = DIRECTION('',(1.110223024625E-16,-1.,0.));
#6317 = DIRECTION('',(0.984807753012,1.093356242223E-16,0.173648177667)
  );
#6318 = ORIENTED_EDGE('',*,*,#6319,.T.);
#6319 = EDGE_CURVE('',#6311,#3114,#6320,.T.);
#6320 = LINE('',#6321,#6322);
#6321 = CARTESIAN_POINT('',(2.2,2.11,1.025));
#6322 = VECTOR('',#6323,1.);
#6323 = DIRECTION('',(-1.,-1.110223024625E-16,0.));
#6324 = PLANE('',#6325);
#6325 = AXIS2_PLACEMENT_3D('',#6326,#6327,#6328);
#6326 = CARTESIAN_POINT('',(2.410970442936,2.11,0.528115505988));
#6327 = DIRECTION('',(1.110223024625E-16,-1.,0.));
#6328 = DIRECTION('',(0.,0.,1.));
#6329 = ADVANCED_FACE('',(#6330),#6349,.F.);
#6330 = FACE_BOUND('',#6331,.F.);
#6331 = EDGE_LOOP('',(#6332,#6333,#6342,#6348));
#6332 = ORIENTED_EDGE('',*,*,#3152,.T.);
#6333 = ORIENTED_EDGE('',*,*,#6334,.T.);
#6334 = EDGE_CURVE('',#3145,#6335,#6337,.T.);
#6335 = VERTEX_POINT('',#6336);
#6336 = CARTESIAN_POINT('',(2.298480775301,1.7,0.742364817767));
#6337 = CIRCLE('',#6338,0.1);
#6338 = AXIS2_PLACEMENT_3D('',#6339,#6340,#6341);
#6339 = CARTESIAN_POINT('',(2.2,1.7,0.725));
#6340 = DIRECTION('',(-1.110223024625E-16,1.,0.));
#6341 = DIRECTION('',(4.440892098501E-15,4.930380657631E-31,1.));
#6342 = ORIENTED_EDGE('',*,*,#6343,.F.);
#6343 = EDGE_CURVE('',#6244,#6335,#6344,.T.);
#6344 = LINE('',#6345,#6346);
#6345 = CARTESIAN_POINT('',(2.298480775301,2.11,0.742364817767));
#6346 = VECTOR('',#6347,1.);
#6347 = DIRECTION('',(1.110223024625E-16,-1.,0.));
#6348 = ORIENTED_EDGE('',*,*,#6243,.F.);
#6349 = CYLINDRICAL_SURFACE('',#6350,0.1);
#6350 = AXIS2_PLACEMENT_3D('',#6351,#6352,#6353);
#6351 = CARTESIAN_POINT('',(2.2,2.11,0.725));
#6352 = DIRECTION('',(-1.110223024625E-16,1.,0.));
#6353 = DIRECTION('',(4.440892098501E-15,4.930380657631E-31,1.));
#6354 = ADVANCED_FACE('',(#6355),#6433,.T.);
#6355 = FACE_BOUND('',#6356,.T.);
#6356 = EDGE_LOOP('',(#6357,#6358,#6359,#6360,#6368,#6377,#6385,#6393,
    #6401,#6410,#6418,#6427));
#6357 = ORIENTED_EDGE('',*,*,#3166,.F.);
#6358 = ORIENTED_EDGE('',*,*,#3144,.T.);
#6359 = ORIENTED_EDGE('',*,*,#6334,.T.);
#6360 = ORIENTED_EDGE('',*,*,#6361,.T.);
#6361 = EDGE_CURVE('',#6335,#6362,#6364,.T.);
#6362 = VERTEX_POINT('',#6363);
#6363 = CARTESIAN_POINT('',(2.379496640897,1.7,0.2479055467));
#6364 = LINE('',#6365,#6366);
#6365 = CARTESIAN_POINT('',(2.298480775301,1.7,0.742364817767));
#6366 = VECTOR('',#6367,1.);
#6367 = DIRECTION('',(0.161691392282,1.795135065956E-17,-0.986841372087)
  );
#6368 = ORIENTED_EDGE('',*,*,#6369,.T.);
#6369 = EDGE_CURVE('',#6362,#6370,#6372,.T.);
#6370 = VERTEX_POINT('',#6371);
#6371 = CARTESIAN_POINT('',(2.674938966801,1.7,0.));
#6372 = CIRCLE('',#6373,0.3);
#6373 = AXIS2_PLACEMENT_3D('',#6374,#6375,#6376);
#6374 = CARTESIAN_POINT('',(2.674938966801,1.7,0.3));
#6375 = DIRECTION('',(1.110223024625E-16,-1.,0.));
#6376 = DIRECTION('',(-0.984807753012,-1.093356242223E-16,
    -0.173648177667));
#6377 = ORIENTED_EDGE('',*,*,#6378,.T.);
#6378 = EDGE_CURVE('',#6370,#6379,#6381,.T.);
#6379 = VERTEX_POINT('',#6380);
#6380 = CARTESIAN_POINT('',(3.,1.7,0.));
#6381 = LINE('',#6382,#6383);
#6382 = CARTESIAN_POINT('',(2.674938966801,1.7,0.));
#6383 = VECTOR('',#6384,1.);
#6384 = DIRECTION('',(1.,1.110223024625E-16,0.));
#6385 = ORIENTED_EDGE('',*,*,#6386,.T.);
#6386 = EDGE_CURVE('',#6379,#6387,#6389,.T.);
#6387 = VERTEX_POINT('',#6388);
#6388 = CARTESIAN_POINT('',(3.,1.7,0.2));
#6389 = LINE('',#6390,#6391);
#6390 = CARTESIAN_POINT('',(3.,1.7,0.));
#6391 = VECTOR('',#6392,1.);
#6392 = DIRECTION('',(0.,0.,1.));
#6393 = ORIENTED_EDGE('',*,*,#6394,.T.);
#6394 = EDGE_CURVE('',#6387,#6395,#6397,.T.);
#6395 = VERTEX_POINT('',#6396);
#6396 = CARTESIAN_POINT('',(2.674938966801,1.7,0.2));
#6397 = LINE('',#6398,#6399);
#6398 = CARTESIAN_POINT('',(3.,1.7,0.2));
#6399 = VECTOR('',#6400,1.);
#6400 = DIRECTION('',(-1.,-1.110223024625E-16,0.));
#6401 = ORIENTED_EDGE('',*,*,#6402,.T.);
#6402 = EDGE_CURVE('',#6395,#6403,#6405,.T.);
#6403 = VERTEX_POINT('',#6404);
#6404 = CARTESIAN_POINT('',(2.5764581915,1.7,0.282635182233));
#6405 = CIRCLE('',#6406,0.1);
#6406 = AXIS2_PLACEMENT_3D('',#6407,#6408,#6409);
#6407 = CARTESIAN_POINT('',(2.674938966801,1.7,0.3));
#6408 = DIRECTION('',(-1.110223024625E-16,1.,0.));
#6409 = DIRECTION('',(0.,0.,-1.));
#6410 = ORIENTED_EDGE('',*,*,#6411,.T.);
#6411 = EDGE_CURVE('',#6403,#6412,#6414,.T.);
#6412 = VERTEX_POINT('',#6413);
#6413 = CARTESIAN_POINT('',(2.495442325904,1.7,0.7770944533));
#6414 = LINE('',#6415,#6416);
#6415 = CARTESIAN_POINT('',(2.5764581915,1.7,0.282635182233));
#6416 = VECTOR('',#6417,1.);
#6417 = DIRECTION('',(-0.161691392282,-1.795135065956E-17,0.986841372087
    ));
#6418 = ORIENTED_EDGE('',*,*,#6419,.T.);
#6419 = EDGE_CURVE('',#6412,#6420,#6422,.T.);
#6420 = VERTEX_POINT('',#6421);
#6421 = CARTESIAN_POINT('',(2.2,1.7,1.025));
#6422 = CIRCLE('',#6423,0.3);
#6423 = AXIS2_PLACEMENT_3D('',#6424,#6425,#6426);
#6424 = CARTESIAN_POINT('',(2.2,1.7,0.725));
#6425 = DIRECTION('',(1.110223024625E-16,-1.,0.));
#6426 = DIRECTION('',(0.984807753012,1.093356242223E-16,0.173648177667)
  );
#6427 = ORIENTED_EDGE('',*,*,#6428,.T.);
#6428 = EDGE_CURVE('',#6420,#3167,#6429,.T.);
#6429 = LINE('',#6430,#6431);
#6430 = CARTESIAN_POINT('',(2.2,1.7,1.025));
#6431 = VECTOR('',#6432,1.);
#6432 = DIRECTION('',(-1.,-1.110223024625E-16,0.));
#6433 = PLANE('',#6434);
#6434 = AXIS2_PLACEMENT_3D('',#6435,#6436,#6437);
#6435 = CARTESIAN_POINT('',(2.410970442936,1.7,0.528115505988));
#6436 = DIRECTION('',(1.110223024625E-16,-1.,0.));
#6437 = DIRECTION('',(0.,0.,1.));
#6438 = ADVANCED_FACE('',(#6439),#6455,.F.);
#6439 = FACE_BOUND('',#6440,.F.);
#6440 = EDGE_LOOP('',(#6441,#6447,#6448,#6454));
#6441 = ORIENTED_EDGE('',*,*,#6442,.F.);
#6442 = EDGE_CURVE('',#3167,#3867,#6443,.T.);
#6443 = LINE('',#6444,#6445);
#6444 = CARTESIAN_POINT('',(2.2,1.7,1.025));
#6445 = VECTOR('',#6446,1.);
#6446 = DIRECTION('',(-1.,-1.110223024625E-16,0.));
#6447 = ORIENTED_EDGE('',*,*,#3183,.T.);
#6448 = ORIENTED_EDGE('',*,*,#6449,.T.);
#6449 = EDGE_CURVE('',#3176,#3875,#6450,.T.);
#6450 = LINE('',#6451,#6452);
#6451 = CARTESIAN_POINT('',(2.2,0.84,1.025));
#6452 = VECTOR('',#6453,1.);
#6453 = DIRECTION('',(-1.,-1.110223024625E-16,0.));
#6454 = ORIENTED_EDGE('',*,*,#3874,.F.);
#6455 = PLANE('',#6456);
#6456 = AXIS2_PLACEMENT_3D('',#6457,#6458,#6459);
#6457 = CARTESIAN_POINT('',(-5.802635690585E-16,4.9125,1.025));
#6458 = DIRECTION('',(2.007919022431E-31,-9.466330862652E-27,-1.));
#6459 = DIRECTION('',(1.,1.11487299784E-16,2.00791902242E-31));
#6460 = ADVANCED_FACE('',(#6461),#6547,.F.);
#6461 = FACE_BOUND('',#6462,.F.);
#6462 = EDGE_LOOP('',(#6463,#6464,#6465,#6474,#6482,#6491,#6499,#6507,
    #6515,#6524,#6532,#6541));
#6463 = ORIENTED_EDGE('',*,*,#3175,.F.);
#6464 = ORIENTED_EDGE('',*,*,#3197,.T.);
#6465 = ORIENTED_EDGE('',*,*,#6466,.T.);
#6466 = EDGE_CURVE('',#3198,#6467,#6469,.T.);
#6467 = VERTEX_POINT('',#6468);
#6468 = CARTESIAN_POINT('',(2.298480775301,0.84,0.742364817767));
#6469 = CIRCLE('',#6470,0.1);
#6470 = AXIS2_PLACEMENT_3D('',#6471,#6472,#6473);
#6471 = CARTESIAN_POINT('',(2.2,0.84,0.725));
#6472 = DIRECTION('',(-1.110223024625E-16,1.,0.));
#6473 = DIRECTION('',(4.440892098501E-15,4.930380657631E-31,1.));
#6474 = ORIENTED_EDGE('',*,*,#6475,.T.);
#6475 = EDGE_CURVE('',#6467,#6476,#6478,.T.);
#6476 = VERTEX_POINT('',#6477);
#6477 = CARTESIAN_POINT('',(2.379496640897,0.84,0.2479055467));
#6478 = LINE('',#6479,#6480);
#6479 = CARTESIAN_POINT('',(2.298480775301,0.84,0.742364817767));
#6480 = VECTOR('',#6481,1.);
#6481 = DIRECTION('',(0.161691392282,1.795135065956E-17,-0.986841372087)
  );
#6482 = ORIENTED_EDGE('',*,*,#6483,.T.);
#6483 = EDGE_CURVE('',#6476,#6484,#6486,.T.);
#6484 = VERTEX_POINT('',#6485);
#6485 = CARTESIAN_POINT('',(2.674938966801,0.84,0.));
#6486 = CIRCLE('',#6487,0.3);
#6487 = AXIS2_PLACEMENT_3D('',#6488,#6489,#6490);
#6488 = CARTESIAN_POINT('',(2.674938966801,0.84,0.3));
#6489 = DIRECTION('',(1.110223024625E-16,-1.,0.));
#6490 = DIRECTION('',(-0.984807753012,-1.093356242223E-16,
    -0.173648177667));
#6491 = ORIENTED_EDGE('',*,*,#6492,.T.);
#6492 = EDGE_CURVE('',#6484,#6493,#6495,.T.);
#6493 = VERTEX_POINT('',#6494);
#6494 = CARTESIAN_POINT('',(3.,0.84,0.));
#6495 = LINE('',#6496,#6497);
#6496 = CARTESIAN_POINT('',(2.674938966801,0.84,0.));
#6497 = VECTOR('',#6498,1.);
#6498 = DIRECTION('',(1.,1.110223024625E-16,0.));
#6499 = ORIENTED_EDGE('',*,*,#6500,.T.);
#6500 = EDGE_CURVE('',#6493,#6501,#6503,.T.);
#6501 = VERTEX_POINT('',#6502);
#6502 = CARTESIAN_POINT('',(3.,0.84,0.2));
#6503 = LINE('',#6504,#6505);
#6504 = CARTESIAN_POINT('',(3.,0.84,0.));
#6505 = VECTOR('',#6506,1.);
#6506 = DIRECTION('',(0.,0.,1.));
#6507 = ORIENTED_EDGE('',*,*,#6508,.T.);
#6508 = EDGE_CURVE('',#6501,#6509,#6511,.T.);
#6509 = VERTEX_POINT('',#6510);
#6510 = CARTESIAN_POINT('',(2.674938966801,0.84,0.2));
#6511 = LINE('',#6512,#6513);
#6512 = CARTESIAN_POINT('',(3.,0.84,0.2));
#6513 = VECTOR('',#6514,1.);
#6514 = DIRECTION('',(-1.,-1.110223024625E-16,0.));
#6515 = ORIENTED_EDGE('',*,*,#6516,.T.);
#6516 = EDGE_CURVE('',#6509,#6517,#6519,.T.);
#6517 = VERTEX_POINT('',#6518);
#6518 = CARTESIAN_POINT('',(2.5764581915,0.84,0.282635182233));
#6519 = CIRCLE('',#6520,0.1);
#6520 = AXIS2_PLACEMENT_3D('',#6521,#6522,#6523);
#6521 = CARTESIAN_POINT('',(2.674938966801,0.84,0.3));
#6522 = DIRECTION('',(-1.110223024625E-16,1.,0.));
#6523 = DIRECTION('',(0.,0.,-1.));
#6524 = ORIENTED_EDGE('',*,*,#6525,.T.);
#6525 = EDGE_CURVE('',#6517,#6526,#6528,.T.);
#6526 = VERTEX_POINT('',#6527);
#6527 = CARTESIAN_POINT('',(2.495442325904,0.84,0.7770944533));
#6528 = LINE('',#6529,#6530);
#6529 = CARTESIAN_POINT('',(2.5764581915,0.84,0.282635182233));
#6530 = VECTOR('',#6531,1.);
#6531 = DIRECTION('',(-0.161691392282,-1.795135065956E-17,0.986841372087
    ));
#6532 = ORIENTED_EDGE('',*,*,#6533,.T.);
#6533 = EDGE_CURVE('',#6526,#6534,#6536,.T.);
#6534 = VERTEX_POINT('',#6535);
#6535 = CARTESIAN_POINT('',(2.2,0.84,1.025));
#6536 = CIRCLE('',#6537,0.3);
#6537 = AXIS2_PLACEMENT_3D('',#6538,#6539,#6540);
#6538 = CARTESIAN_POINT('',(2.2,0.84,0.725));
#6539 = DIRECTION('',(1.110223024625E-16,-1.,0.));
#6540 = DIRECTION('',(0.984807753012,1.093356242223E-16,0.173648177667)
  );
#6541 = ORIENTED_EDGE('',*,*,#6542,.T.);
#6542 = EDGE_CURVE('',#6534,#3176,#6543,.T.);
#6543 = LINE('',#6544,#6545);
#6544 = CARTESIAN_POINT('',(2.2,0.84,1.025));
#6545 = VECTOR('',#6546,1.);
#6546 = DIRECTION('',(-1.,-1.110223024625E-16,0.));
#6547 = PLANE('',#6548);
#6548 = AXIS2_PLACEMENT_3D('',#6549,#6550,#6551);
#6549 = CARTESIAN_POINT('',(2.410970442936,0.84,0.528115505988));
#6550 = DIRECTION('',(1.110223024625E-16,-1.,0.));
#6551 = DIRECTION('',(0.,0.,1.));
#6552 = ADVANCED_FACE('',(#6553),#6572,.F.);
#6553 = FACE_BOUND('',#6554,.F.);
#6554 = EDGE_LOOP('',(#6555,#6556,#6565,#6571));
#6555 = ORIENTED_EDGE('',*,*,#3214,.T.);
#6556 = ORIENTED_EDGE('',*,*,#6557,.T.);
#6557 = EDGE_CURVE('',#3207,#6558,#6560,.T.);
#6558 = VERTEX_POINT('',#6559);
#6559 = CARTESIAN_POINT('',(2.298480775301,0.43,0.742364817767));
#6560 = CIRCLE('',#6561,0.1);
#6561 = AXIS2_PLACEMENT_3D('',#6562,#6563,#6564);
#6562 = CARTESIAN_POINT('',(2.2,0.43,0.725));
#6563 = DIRECTION('',(-1.110223024625E-16,1.,0.));
#6564 = DIRECTION('',(4.440892098501E-15,4.930380657631E-31,1.));
#6565 = ORIENTED_EDGE('',*,*,#6566,.F.);
#6566 = EDGE_CURVE('',#6467,#6558,#6567,.T.);
#6567 = LINE('',#6568,#6569);
#6568 = CARTESIAN_POINT('',(2.298480775301,0.84,0.742364817767));
#6569 = VECTOR('',#6570,1.);
#6570 = DIRECTION('',(1.110223024625E-16,-1.,0.));
#6571 = ORIENTED_EDGE('',*,*,#6466,.F.);
#6572 = CYLINDRICAL_SURFACE('',#6573,0.1);
#6573 = AXIS2_PLACEMENT_3D('',#6574,#6575,#6576);
#6574 = CARTESIAN_POINT('',(2.2,0.84,0.725));
#6575 = DIRECTION('',(-1.110223024625E-16,1.,0.));
#6576 = DIRECTION('',(4.440892098501E-15,4.930380657631E-31,1.));
#6577 = ADVANCED_FACE('',(#6578),#6656,.T.);
#6578 = FACE_BOUND('',#6579,.T.);
#6579 = EDGE_LOOP('',(#6580,#6581,#6582,#6583,#6591,#6600,#6608,#6616,
    #6624,#6633,#6641,#6650));
#6580 = ORIENTED_EDGE('',*,*,#3228,.F.);
#6581 = ORIENTED_EDGE('',*,*,#3206,.T.);
#6582 = ORIENTED_EDGE('',*,*,#6557,.T.);
#6583 = ORIENTED_EDGE('',*,*,#6584,.T.);
#6584 = EDGE_CURVE('',#6558,#6585,#6587,.T.);
#6585 = VERTEX_POINT('',#6586);
#6586 = CARTESIAN_POINT('',(2.379496640897,0.43,0.2479055467));
#6587 = LINE('',#6588,#6589);
#6588 = CARTESIAN_POINT('',(2.298480775301,0.43,0.742364817767));
#6589 = VECTOR('',#6590,1.);
#6590 = DIRECTION('',(0.161691392282,1.795135065956E-17,-0.986841372087)
  );
#6591 = ORIENTED_EDGE('',*,*,#6592,.T.);
#6592 = EDGE_CURVE('',#6585,#6593,#6595,.T.);
#6593 = VERTEX_POINT('',#6594);
#6594 = CARTESIAN_POINT('',(2.674938966801,0.43,0.));
#6595 = CIRCLE('',#6596,0.3);
#6596 = AXIS2_PLACEMENT_3D('',#6597,#6598,#6599);
#6597 = CARTESIAN_POINT('',(2.674938966801,0.43,0.3));
#6598 = DIRECTION('',(1.110223024625E-16,-1.,0.));
#6599 = DIRECTION('',(-0.984807753012,-1.093356242223E-16,
    -0.173648177667));
#6600 = ORIENTED_EDGE('',*,*,#6601,.T.);
#6601 = EDGE_CURVE('',#6593,#6602,#6604,.T.);
#6602 = VERTEX_POINT('',#6603);
#6603 = CARTESIAN_POINT('',(3.,0.43,0.));
#6604 = LINE('',#6605,#6606);
#6605 = CARTESIAN_POINT('',(2.674938966801,0.43,0.));
#6606 = VECTOR('',#6607,1.);
#6607 = DIRECTION('',(1.,1.110223024625E-16,0.));
#6608 = ORIENTED_EDGE('',*,*,#6609,.T.);
#6609 = EDGE_CURVE('',#6602,#6610,#6612,.T.);
#6610 = VERTEX_POINT('',#6611);
#6611 = CARTESIAN_POINT('',(3.,0.43,0.2));
#6612 = LINE('',#6613,#6614);
#6613 = CARTESIAN_POINT('',(3.,0.43,0.));
#6614 = VECTOR('',#6615,1.);
#6615 = DIRECTION('',(0.,0.,1.));
#6616 = ORIENTED_EDGE('',*,*,#6617,.T.);
#6617 = EDGE_CURVE('',#6610,#6618,#6620,.T.);
#6618 = VERTEX_POINT('',#6619);
#6619 = CARTESIAN_POINT('',(2.674938966801,0.43,0.2));
#6620 = LINE('',#6621,#6622);
#6621 = CARTESIAN_POINT('',(3.,0.43,0.2));
#6622 = VECTOR('',#6623,1.);
#6623 = DIRECTION('',(-1.,-1.110223024625E-16,0.));
#6624 = ORIENTED_EDGE('',*,*,#6625,.T.);
#6625 = EDGE_CURVE('',#6618,#6626,#6628,.T.);
#6626 = VERTEX_POINT('',#6627);
#6627 = CARTESIAN_POINT('',(2.5764581915,0.43,0.282635182233));
#6628 = CIRCLE('',#6629,0.1);
#6629 = AXIS2_PLACEMENT_3D('',#6630,#6631,#6632);
#6630 = CARTESIAN_POINT('',(2.674938966801,0.43,0.3));
#6631 = DIRECTION('',(-1.110223024625E-16,1.,0.));
#6632 = DIRECTION('',(0.,0.,-1.));
#6633 = ORIENTED_EDGE('',*,*,#6634,.T.);
#6634 = EDGE_CURVE('',#6626,#6635,#6637,.T.);
#6635 = VERTEX_POINT('',#6636);
#6636 = CARTESIAN_POINT('',(2.495442325904,0.43,0.7770944533));
#6637 = LINE('',#6638,#6639);
#6638 = CARTESIAN_POINT('',(2.5764581915,0.43,0.282635182233));
#6639 = VECTOR('',#6640,1.);
#6640 = DIRECTION('',(-0.161691392282,-1.795135065956E-17,0.986841372087
    ));
#6641 = ORIENTED_EDGE('',*,*,#6642,.T.);
#6642 = EDGE_CURVE('',#6635,#6643,#6645,.T.);
#6643 = VERTEX_POINT('',#6644);
#6644 = CARTESIAN_POINT('',(2.2,0.43,1.025));
#6645 = CIRCLE('',#6646,0.3);
#6646 = AXIS2_PLACEMENT_3D('',#6647,#6648,#6649);
#6647 = CARTESIAN_POINT('',(2.2,0.43,0.725));
#6648 = DIRECTION('',(1.110223024625E-16,-1.,0.));
#6649 = DIRECTION('',(0.984807753012,1.093356242223E-16,0.173648177667)
  );
#6650 = ORIENTED_EDGE('',*,*,#6651,.T.);
#6651 = EDGE_CURVE('',#6643,#3229,#6652,.T.);
#6652 = LINE('',#6653,#6654);
#6653 = CARTESIAN_POINT('',(2.2,0.43,1.025));
#6654 = VECTOR('',#6655,1.);
#6655 = DIRECTION('',(-1.,-1.110223024625E-16,0.));
#6656 = PLANE('',#6657);
#6657 = AXIS2_PLACEMENT_3D('',#6658,#6659,#6660);
#6658 = CARTESIAN_POINT('',(2.410970442936,0.43,0.528115505988));
#6659 = DIRECTION('',(1.110223024625E-16,-1.,0.));
#6660 = DIRECTION('',(0.,0.,1.));
#6661 = ADVANCED_FACE('',(#6662),#6678,.F.);
#6662 = FACE_BOUND('',#6663,.F.);
#6663 = EDGE_LOOP('',(#6664,#6670,#6671,#6677));
#6664 = ORIENTED_EDGE('',*,*,#6665,.F.);
#6665 = EDGE_CURVE('',#3229,#3883,#6666,.T.);
#6666 = LINE('',#6667,#6668);
#6667 = CARTESIAN_POINT('',(2.2,0.43,1.025));
#6668 = VECTOR('',#6669,1.);
#6669 = DIRECTION('',(-1.,-1.110223024625E-16,0.));
#6670 = ORIENTED_EDGE('',*,*,#3245,.T.);
#6671 = ORIENTED_EDGE('',*,*,#6672,.T.);
#6672 = EDGE_CURVE('',#3238,#3891,#6673,.T.);
#6673 = LINE('',#6674,#6675);
#6674 = CARTESIAN_POINT('',(2.2,-0.43,1.025));
#6675 = VECTOR('',#6676,1.);
#6676 = DIRECTION('',(-1.,-1.110223024625E-16,0.));
#6677 = ORIENTED_EDGE('',*,*,#3890,.F.);
#6678 = PLANE('',#6679);
#6679 = AXIS2_PLACEMENT_3D('',#6680,#6681,#6682);
#6680 = CARTESIAN_POINT('',(-5.802635690585E-16,4.9125,1.025));
#6681 = DIRECTION('',(2.007919022431E-31,-9.466330862652E-27,-1.));
#6682 = DIRECTION('',(1.,1.11487299784E-16,2.00791902242E-31));
#6683 = ADVANCED_FACE('',(#6684),#6770,.F.);
#6684 = FACE_BOUND('',#6685,.F.);
#6685 = EDGE_LOOP('',(#6686,#6687,#6688,#6697,#6705,#6714,#6722,#6730,
    #6738,#6747,#6755,#6764));
#6686 = ORIENTED_EDGE('',*,*,#3237,.F.);
#6687 = ORIENTED_EDGE('',*,*,#3259,.T.);
#6688 = ORIENTED_EDGE('',*,*,#6689,.T.);
#6689 = EDGE_CURVE('',#3260,#6690,#6692,.T.);
#6690 = VERTEX_POINT('',#6691);
#6691 = CARTESIAN_POINT('',(2.298480775301,-0.43,0.742364817767));
#6692 = CIRCLE('',#6693,0.1);
#6693 = AXIS2_PLACEMENT_3D('',#6694,#6695,#6696);
#6694 = CARTESIAN_POINT('',(2.2,-0.43,0.725));
#6695 = DIRECTION('',(-1.110223024625E-16,1.,0.));
#6696 = DIRECTION('',(4.440892098501E-15,4.930380657631E-31,1.));
#6697 = ORIENTED_EDGE('',*,*,#6698,.T.);
#6698 = EDGE_CURVE('',#6690,#6699,#6701,.T.);
#6699 = VERTEX_POINT('',#6700);
#6700 = CARTESIAN_POINT('',(2.379496640897,-0.43,0.2479055467));
#6701 = LINE('',#6702,#6703);
#6702 = CARTESIAN_POINT('',(2.298480775301,-0.43,0.742364817767));
#6703 = VECTOR('',#6704,1.);
#6704 = DIRECTION('',(0.161691392282,1.795135065956E-17,-0.986841372087)
  );
#6705 = ORIENTED_EDGE('',*,*,#6706,.T.);
#6706 = EDGE_CURVE('',#6699,#6707,#6709,.T.);
#6707 = VERTEX_POINT('',#6708);
#6708 = CARTESIAN_POINT('',(2.674938966801,-0.43,0.));
#6709 = CIRCLE('',#6710,0.3);
#6710 = AXIS2_PLACEMENT_3D('',#6711,#6712,#6713);
#6711 = CARTESIAN_POINT('',(2.674938966801,-0.43,0.3));
#6712 = DIRECTION('',(1.110223024625E-16,-1.,0.));
#6713 = DIRECTION('',(-0.984807753012,-1.093356242223E-16,
    -0.173648177667));
#6714 = ORIENTED_EDGE('',*,*,#6715,.T.);
#6715 = EDGE_CURVE('',#6707,#6716,#6718,.T.);
#6716 = VERTEX_POINT('',#6717);
#6717 = CARTESIAN_POINT('',(3.,-0.43,0.));
#6718 = LINE('',#6719,#6720);
#6719 = CARTESIAN_POINT('',(2.674938966801,-0.43,0.));
#6720 = VECTOR('',#6721,1.);
#6721 = DIRECTION('',(1.,1.110223024625E-16,0.));
#6722 = ORIENTED_EDGE('',*,*,#6723,.T.);
#6723 = EDGE_CURVE('',#6716,#6724,#6726,.T.);
#6724 = VERTEX_POINT('',#6725);
#6725 = CARTESIAN_POINT('',(3.,-0.43,0.2));
#6726 = LINE('',#6727,#6728);
#6727 = CARTESIAN_POINT('',(3.,-0.43,0.));
#6728 = VECTOR('',#6729,1.);
#6729 = DIRECTION('',(0.,0.,1.));
#6730 = ORIENTED_EDGE('',*,*,#6731,.T.);
#6731 = EDGE_CURVE('',#6724,#6732,#6734,.T.);
#6732 = VERTEX_POINT('',#6733);
#6733 = CARTESIAN_POINT('',(2.674938966801,-0.43,0.2));
#6734 = LINE('',#6735,#6736);
#6735 = CARTESIAN_POINT('',(3.,-0.43,0.2));
#6736 = VECTOR('',#6737,1.);
#6737 = DIRECTION('',(-1.,-1.110223024625E-16,0.));
#6738 = ORIENTED_EDGE('',*,*,#6739,.T.);
#6739 = EDGE_CURVE('',#6732,#6740,#6742,.T.);
#6740 = VERTEX_POINT('',#6741);
#6741 = CARTESIAN_POINT('',(2.5764581915,-0.43,0.282635182233));
#6742 = CIRCLE('',#6743,0.1);
#6743 = AXIS2_PLACEMENT_3D('',#6744,#6745,#6746);
#6744 = CARTESIAN_POINT('',(2.674938966801,-0.43,0.3));
#6745 = DIRECTION('',(-1.110223024625E-16,1.,0.));
#6746 = DIRECTION('',(0.,0.,-1.));
#6747 = ORIENTED_EDGE('',*,*,#6748,.T.);
#6748 = EDGE_CURVE('',#6740,#6749,#6751,.T.);
#6749 = VERTEX_POINT('',#6750);
#6750 = CARTESIAN_POINT('',(2.495442325904,-0.43,0.7770944533));
#6751 = LINE('',#6752,#6753);
#6752 = CARTESIAN_POINT('',(2.5764581915,-0.43,0.282635182233));
#6753 = VECTOR('',#6754,1.);
#6754 = DIRECTION('',(-0.161691392282,-1.795135065956E-17,0.986841372087
    ));
#6755 = ORIENTED_EDGE('',*,*,#6756,.T.);
#6756 = EDGE_CURVE('',#6749,#6757,#6759,.T.);
#6757 = VERTEX_POINT('',#6758);
#6758 = CARTESIAN_POINT('',(2.2,-0.43,1.025));
#6759 = CIRCLE('',#6760,0.3);
#6760 = AXIS2_PLACEMENT_3D('',#6761,#6762,#6763);
#6761 = CARTESIAN_POINT('',(2.2,-0.43,0.725));
#6762 = DIRECTION('',(1.110223024625E-16,-1.,0.));
#6763 = DIRECTION('',(0.984807753012,1.093356242223E-16,0.173648177667)
  );
#6764 = ORIENTED_EDGE('',*,*,#6765,.T.);
#6765 = EDGE_CURVE('',#6757,#3238,#6766,.T.);
#6766 = LINE('',#6767,#6768);
#6767 = CARTESIAN_POINT('',(2.2,-0.43,1.025));
#6768 = VECTOR('',#6769,1.);
#6769 = DIRECTION('',(-1.,-1.110223024625E-16,0.));
#6770 = PLANE('',#6771);
#6771 = AXIS2_PLACEMENT_3D('',#6772,#6773,#6774);
#6772 = CARTESIAN_POINT('',(2.410970442936,-0.43,0.528115505988));
#6773 = DIRECTION('',(1.110223024625E-16,-1.,0.));
#6774 = DIRECTION('',(0.,0.,1.));
#6775 = ADVANCED_FACE('',(#6776),#6795,.F.);
#6776 = FACE_BOUND('',#6777,.F.);
#6777 = EDGE_LOOP('',(#6778,#6779,#6788,#6794));
#6778 = ORIENTED_EDGE('',*,*,#3276,.T.);
#6779 = ORIENTED_EDGE('',*,*,#6780,.T.);
#6780 = EDGE_CURVE('',#3269,#6781,#6783,.T.);
#6781 = VERTEX_POINT('',#6782);
#6782 = CARTESIAN_POINT('',(2.298480775301,-0.84,0.742364817767));
#6783 = CIRCLE('',#6784,0.1);
#6784 = AXIS2_PLACEMENT_3D('',#6785,#6786,#6787);
#6785 = CARTESIAN_POINT('',(2.2,-0.84,0.725));
#6786 = DIRECTION('',(-1.110223024625E-16,1.,0.));
#6787 = DIRECTION('',(4.440892098501E-15,4.930380657631E-31,1.));
#6788 = ORIENTED_EDGE('',*,*,#6789,.F.);
#6789 = EDGE_CURVE('',#6690,#6781,#6790,.T.);
#6790 = LINE('',#6791,#6792);
#6791 = CARTESIAN_POINT('',(2.298480775301,-0.43,0.742364817767));
#6792 = VECTOR('',#6793,1.);
#6793 = DIRECTION('',(1.110223024625E-16,-1.,0.));
#6794 = ORIENTED_EDGE('',*,*,#6689,.F.);
#6795 = CYLINDRICAL_SURFACE('',#6796,0.1);
#6796 = AXIS2_PLACEMENT_3D('',#6797,#6798,#6799);
#6797 = CARTESIAN_POINT('',(2.2,-0.43,0.725));
#6798 = DIRECTION('',(-1.110223024625E-16,1.,0.));
#6799 = DIRECTION('',(4.440892098501E-15,4.930380657631E-31,1.));
#6800 = ADVANCED_FACE('',(#6801),#6879,.T.);
#6801 = FACE_BOUND('',#6802,.T.);
#6802 = EDGE_LOOP('',(#6803,#6804,#6805,#6806,#6814,#6823,#6831,#6839,
    #6847,#6856,#6864,#6873));
#6803 = ORIENTED_EDGE('',*,*,#3290,.F.);
#6804 = ORIENTED_EDGE('',*,*,#3268,.T.);
#6805 = ORIENTED_EDGE('',*,*,#6780,.T.);
#6806 = ORIENTED_EDGE('',*,*,#6807,.T.);
#6807 = EDGE_CURVE('',#6781,#6808,#6810,.T.);
#6808 = VERTEX_POINT('',#6809);
#6809 = CARTESIAN_POINT('',(2.379496640897,-0.84,0.2479055467));
#6810 = LINE('',#6811,#6812);
#6811 = CARTESIAN_POINT('',(2.298480775301,-0.84,0.742364817767));
#6812 = VECTOR('',#6813,1.);
#6813 = DIRECTION('',(0.161691392282,1.795135065956E-17,-0.986841372087)
  );
#6814 = ORIENTED_EDGE('',*,*,#6815,.T.);
#6815 = EDGE_CURVE('',#6808,#6816,#6818,.T.);
#6816 = VERTEX_POINT('',#6817);
#6817 = CARTESIAN_POINT('',(2.674938966801,-0.84,0.));
#6818 = CIRCLE('',#6819,0.3);
#6819 = AXIS2_PLACEMENT_3D('',#6820,#6821,#6822);
#6820 = CARTESIAN_POINT('',(2.674938966801,-0.84,0.3));
#6821 = DIRECTION('',(1.110223024625E-16,-1.,0.));
#6822 = DIRECTION('',(-0.984807753012,-1.093356242223E-16,
    -0.173648177667));
#6823 = ORIENTED_EDGE('',*,*,#6824,.T.);
#6824 = EDGE_CURVE('',#6816,#6825,#6827,.T.);
#6825 = VERTEX_POINT('',#6826);
#6826 = CARTESIAN_POINT('',(3.,-0.84,0.));
#6827 = LINE('',#6828,#6829);
#6828 = CARTESIAN_POINT('',(2.674938966801,-0.84,0.));
#6829 = VECTOR('',#6830,1.);
#6830 = DIRECTION('',(1.,1.110223024625E-16,0.));
#6831 = ORIENTED_EDGE('',*,*,#6832,.T.);
#6832 = EDGE_CURVE('',#6825,#6833,#6835,.T.);
#6833 = VERTEX_POINT('',#6834);
#6834 = CARTESIAN_POINT('',(3.,-0.84,0.2));
#6835 = LINE('',#6836,#6837);
#6836 = CARTESIAN_POINT('',(3.,-0.84,0.));
#6837 = VECTOR('',#6838,1.);
#6838 = DIRECTION('',(0.,0.,1.));
#6839 = ORIENTED_EDGE('',*,*,#6840,.T.);
#6840 = EDGE_CURVE('',#6833,#6841,#6843,.T.);
#6841 = VERTEX_POINT('',#6842);
#6842 = CARTESIAN_POINT('',(2.674938966801,-0.84,0.2));
#6843 = LINE('',#6844,#6845);
#6844 = CARTESIAN_POINT('',(3.,-0.84,0.2));
#6845 = VECTOR('',#6846,1.);
#6846 = DIRECTION('',(-1.,-1.110223024625E-16,0.));
#6847 = ORIENTED_EDGE('',*,*,#6848,.T.);
#6848 = EDGE_CURVE('',#6841,#6849,#6851,.T.);
#6849 = VERTEX_POINT('',#6850);
#6850 = CARTESIAN_POINT('',(2.5764581915,-0.84,0.282635182233));
#6851 = CIRCLE('',#6852,0.1);
#6852 = AXIS2_PLACEMENT_3D('',#6853,#6854,#6855);
#6853 = CARTESIAN_POINT('',(2.674938966801,-0.84,0.3));
#6854 = DIRECTION('',(-1.110223024625E-16,1.,0.));
#6855 = DIRECTION('',(0.,0.,-1.));
#6856 = ORIENTED_EDGE('',*,*,#6857,.T.);
#6857 = EDGE_CURVE('',#6849,#6858,#6860,.T.);
#6858 = VERTEX_POINT('',#6859);
#6859 = CARTESIAN_POINT('',(2.495442325904,-0.84,0.7770944533));
#6860 = LINE('',#6861,#6862);
#6861 = CARTESIAN_POINT('',(2.5764581915,-0.84,0.282635182233));
#6862 = VECTOR('',#6863,1.);
#6863 = DIRECTION('',(-0.161691392282,-1.795135065956E-17,0.986841372087
    ));
#6864 = ORIENTED_EDGE('',*,*,#6865,.T.);
#6865 = EDGE_CURVE('',#6858,#6866,#6868,.T.);
#6866 = VERTEX_POINT('',#6867);
#6867 = CARTESIAN_POINT('',(2.2,-0.84,1.025));
#6868 = CIRCLE('',#6869,0.3);
#6869 = AXIS2_PLACEMENT_3D('',#6870,#6871,#6872);
#6870 = CARTESIAN_POINT('',(2.2,-0.84,0.725));
#6871 = DIRECTION('',(1.110223024625E-16,-1.,0.));
#6872 = DIRECTION('',(0.984807753012,1.093356242223E-16,0.173648177667)
  );
#6873 = ORIENTED_EDGE('',*,*,#6874,.T.);
#6874 = EDGE_CURVE('',#6866,#3291,#6875,.T.);
#6875 = LINE('',#6876,#6877);
#6876 = CARTESIAN_POINT('',(2.2,-0.84,1.025));
#6877 = VECTOR('',#6878,1.);
#6878 = DIRECTION('',(-1.,-1.110223024625E-16,0.));
#6879 = PLANE('',#6880);
#6880 = AXIS2_PLACEMENT_3D('',#6881,#6882,#6883);
#6881 = CARTESIAN_POINT('',(2.410970442936,-0.84,0.528115505988));
#6882 = DIRECTION('',(1.110223024625E-16,-1.,0.));
#6883 = DIRECTION('',(0.,0.,1.));
#6884 = ADVANCED_FACE('',(#6885),#6901,.F.);
#6885 = FACE_BOUND('',#6886,.F.);
#6886 = EDGE_LOOP('',(#6887,#6893,#6894,#6900));
#6887 = ORIENTED_EDGE('',*,*,#6888,.F.);
#6888 = EDGE_CURVE('',#3291,#3899,#6889,.T.);
#6889 = LINE('',#6890,#6891);
#6890 = CARTESIAN_POINT('',(2.2,-0.84,1.025));
#6891 = VECTOR('',#6892,1.);
#6892 = DIRECTION('',(-1.,-1.110223024625E-16,0.));
#6893 = ORIENTED_EDGE('',*,*,#3307,.T.);
#6894 = ORIENTED_EDGE('',*,*,#6895,.T.);
#6895 = EDGE_CURVE('',#3300,#3907,#6896,.T.);
#6896 = LINE('',#6897,#6898);
#6897 = CARTESIAN_POINT('',(2.2,-1.7,1.025));
#6898 = VECTOR('',#6899,1.);
#6899 = DIRECTION('',(-1.,-1.110223024625E-16,0.));
#6900 = ORIENTED_EDGE('',*,*,#3906,.F.);
#6901 = PLANE('',#6902);
#6902 = AXIS2_PLACEMENT_3D('',#6903,#6904,#6905);
#6903 = CARTESIAN_POINT('',(-5.802635690585E-16,4.9125,1.025));
#6904 = DIRECTION('',(2.007919022431E-31,-9.466330862652E-27,-1.));
#6905 = DIRECTION('',(1.,1.11487299784E-16,2.00791902242E-31));
#6906 = ADVANCED_FACE('',(#6907),#6993,.F.);
#6907 = FACE_BOUND('',#6908,.F.);
#6908 = EDGE_LOOP('',(#6909,#6910,#6911,#6920,#6928,#6937,#6945,#6953,
    #6961,#6970,#6978,#6987));
#6909 = ORIENTED_EDGE('',*,*,#3299,.F.);
#6910 = ORIENTED_EDGE('',*,*,#3321,.T.);
#6911 = ORIENTED_EDGE('',*,*,#6912,.T.);
#6912 = EDGE_CURVE('',#3322,#6913,#6915,.T.);
#6913 = VERTEX_POINT('',#6914);
#6914 = CARTESIAN_POINT('',(2.298480775301,-1.7,0.742364817767));
#6915 = CIRCLE('',#6916,0.1);
#6916 = AXIS2_PLACEMENT_3D('',#6917,#6918,#6919);
#6917 = CARTESIAN_POINT('',(2.2,-1.7,0.725));
#6918 = DIRECTION('',(-1.110223024625E-16,1.,0.));
#6919 = DIRECTION('',(4.440892098501E-15,4.930380657631E-31,1.));
#6920 = ORIENTED_EDGE('',*,*,#6921,.T.);
#6921 = EDGE_CURVE('',#6913,#6922,#6924,.T.);
#6922 = VERTEX_POINT('',#6923);
#6923 = CARTESIAN_POINT('',(2.379496640897,-1.7,0.2479055467));
#6924 = LINE('',#6925,#6926);
#6925 = CARTESIAN_POINT('',(2.298480775301,-1.7,0.742364817767));
#6926 = VECTOR('',#6927,1.);
#6927 = DIRECTION('',(0.161691392282,1.795135065956E-17,-0.986841372087)
  );
#6928 = ORIENTED_EDGE('',*,*,#6929,.T.);
#6929 = EDGE_CURVE('',#6922,#6930,#6932,.T.);
#6930 = VERTEX_POINT('',#6931);
#6931 = CARTESIAN_POINT('',(2.674938966801,-1.7,0.));
#6932 = CIRCLE('',#6933,0.3);
#6933 = AXIS2_PLACEMENT_3D('',#6934,#6935,#6936);
#6934 = CARTESIAN_POINT('',(2.674938966801,-1.7,0.3));
#6935 = DIRECTION('',(1.110223024625E-16,-1.,0.));
#6936 = DIRECTION('',(-0.984807753012,-1.093356242223E-16,
    -0.173648177667));
#6937 = ORIENTED_EDGE('',*,*,#6938,.T.);
#6938 = EDGE_CURVE('',#6930,#6939,#6941,.T.);
#6939 = VERTEX_POINT('',#6940);
#6940 = CARTESIAN_POINT('',(3.,-1.7,0.));
#6941 = LINE('',#6942,#6943);
#6942 = CARTESIAN_POINT('',(2.674938966801,-1.7,0.));
#6943 = VECTOR('',#6944,1.);
#6944 = DIRECTION('',(1.,1.110223024625E-16,0.));
#6945 = ORIENTED_EDGE('',*,*,#6946,.T.);
#6946 = EDGE_CURVE('',#6939,#6947,#6949,.T.);
#6947 = VERTEX_POINT('',#6948);
#6948 = CARTESIAN_POINT('',(3.,-1.7,0.2));
#6949 = LINE('',#6950,#6951);
#6950 = CARTESIAN_POINT('',(3.,-1.7,0.));
#6951 = VECTOR('',#6952,1.);
#6952 = DIRECTION('',(0.,0.,1.));
#6953 = ORIENTED_EDGE('',*,*,#6954,.T.);
#6954 = EDGE_CURVE('',#6947,#6955,#6957,.T.);
#6955 = VERTEX_POINT('',#6956);
#6956 = CARTESIAN_POINT('',(2.674938966801,-1.7,0.2));
#6957 = LINE('',#6958,#6959);
#6958 = CARTESIAN_POINT('',(3.,-1.7,0.2));
#6959 = VECTOR('',#6960,1.);
#6960 = DIRECTION('',(-1.,-1.110223024625E-16,0.));
#6961 = ORIENTED_EDGE('',*,*,#6962,.T.);
#6962 = EDGE_CURVE('',#6955,#6963,#6965,.T.);
#6963 = VERTEX_POINT('',#6964);
#6964 = CARTESIAN_POINT('',(2.5764581915,-1.7,0.282635182233));
#6965 = CIRCLE('',#6966,0.1);
#6966 = AXIS2_PLACEMENT_3D('',#6967,#6968,#6969);
#6967 = CARTESIAN_POINT('',(2.674938966801,-1.7,0.3));
#6968 = DIRECTION('',(-1.110223024625E-16,1.,0.));
#6969 = DIRECTION('',(0.,0.,-1.));
#6970 = ORIENTED_EDGE('',*,*,#6971,.T.);
#6971 = EDGE_CURVE('',#6963,#6972,#6974,.T.);
#6972 = VERTEX_POINT('',#6973);
#6973 = CARTESIAN_POINT('',(2.495442325904,-1.7,0.7770944533));
#6974 = LINE('',#6975,#6976);
#6975 = CARTESIAN_POINT('',(2.5764581915,-1.7,0.282635182233));
#6976 = VECTOR('',#6977,1.);
#6977 = DIRECTION('',(-0.161691392282,-1.795135065956E-17,0.986841372087
    ));
#6978 = ORIENTED_EDGE('',*,*,#6979,.T.);
#6979 = EDGE_CURVE('',#6972,#6980,#6982,.T.);
#6980 = VERTEX_POINT('',#6981);
#6981 = CARTESIAN_POINT('',(2.2,-1.7,1.025));
#6982 = CIRCLE('',#6983,0.3);
#6983 = AXIS2_PLACEMENT_3D('',#6984,#6985,#6986);
#6984 = CARTESIAN_POINT('',(2.2,-1.7,0.725));
#6985 = DIRECTION('',(1.110223024625E-16,-1.,0.));
#6986 = DIRECTION('',(0.984807753012,1.093356242223E-16,0.173648177667)
  );
#6987 = ORIENTED_EDGE('',*,*,#6988,.T.);
#6988 = EDGE_CURVE('',#6980,#3300,#6989,.T.);
#6989 = LINE('',#6990,#6991);
#6990 = CARTESIAN_POINT('',(2.2,-1.7,1.025));
#6991 = VECTOR('',#6992,1.);
#6992 = DIRECTION('',(-1.,-1.110223024625E-16,0.));
#6993 = PLANE('',#6994);
#6994 = AXIS2_PLACEMENT_3D('',#6995,#6996,#6997);
#6995 = CARTESIAN_POINT('',(2.410970442936,-1.7,0.528115505988));
#6996 = DIRECTION('',(1.110223024625E-16,-1.,0.));
#6997 = DIRECTION('',(0.,0.,1.));
#6998 = ADVANCED_FACE('',(#6999),#7018,.F.);
#6999 = FACE_BOUND('',#7000,.F.);
#7000 = EDGE_LOOP('',(#7001,#7002,#7011,#7017));
#7001 = ORIENTED_EDGE('',*,*,#3338,.T.);
#7002 = ORIENTED_EDGE('',*,*,#7003,.T.);
#7003 = EDGE_CURVE('',#3331,#7004,#7006,.T.);
#7004 = VERTEX_POINT('',#7005);
#7005 = CARTESIAN_POINT('',(2.298480775301,-2.11,0.742364817767));
#7006 = CIRCLE('',#7007,0.1);
#7007 = AXIS2_PLACEMENT_3D('',#7008,#7009,#7010);
#7008 = CARTESIAN_POINT('',(2.2,-2.11,0.725));
#7009 = DIRECTION('',(-1.110223024625E-16,1.,0.));
#7010 = DIRECTION('',(4.440892098501E-15,4.930380657631E-31,1.));
#7011 = ORIENTED_EDGE('',*,*,#7012,.F.);
#7012 = EDGE_CURVE('',#6913,#7004,#7013,.T.);
#7013 = LINE('',#7014,#7015);
#7014 = CARTESIAN_POINT('',(2.298480775301,-1.7,0.742364817767));
#7015 = VECTOR('',#7016,1.);
#7016 = DIRECTION('',(1.110223024625E-16,-1.,0.));
#7017 = ORIENTED_EDGE('',*,*,#6912,.F.);
#7018 = CYLINDRICAL_SURFACE('',#7019,0.1);
#7019 = AXIS2_PLACEMENT_3D('',#7020,#7021,#7022);
#7020 = CARTESIAN_POINT('',(2.2,-1.7,0.725));
#7021 = DIRECTION('',(-1.110223024625E-16,1.,0.));
#7022 = DIRECTION('',(4.440892098501E-15,4.930380657631E-31,1.));
#7023 = ADVANCED_FACE('',(#7024),#7102,.T.);
#7024 = FACE_BOUND('',#7025,.T.);
#7025 = EDGE_LOOP('',(#7026,#7027,#7028,#7029,#7037,#7046,#7054,#7062,
    #7070,#7079,#7087,#7096));
#7026 = ORIENTED_EDGE('',*,*,#3352,.F.);
#7027 = ORIENTED_EDGE('',*,*,#3330,.T.);
#7028 = ORIENTED_EDGE('',*,*,#7003,.T.);
#7029 = ORIENTED_EDGE('',*,*,#7030,.T.);
#7030 = EDGE_CURVE('',#7004,#7031,#7033,.T.);
#7031 = VERTEX_POINT('',#7032);
#7032 = CARTESIAN_POINT('',(2.379496640897,-2.11,0.2479055467));
#7033 = LINE('',#7034,#7035);
#7034 = CARTESIAN_POINT('',(2.298480775301,-2.11,0.742364817767));
#7035 = VECTOR('',#7036,1.);
#7036 = DIRECTION('',(0.161691392282,1.795135065956E-17,-0.986841372087)
  );
#7037 = ORIENTED_EDGE('',*,*,#7038,.T.);
#7038 = EDGE_CURVE('',#7031,#7039,#7041,.T.);
#7039 = VERTEX_POINT('',#7040);
#7040 = CARTESIAN_POINT('',(2.674938966801,-2.11,0.));
#7041 = CIRCLE('',#7042,0.3);
#7042 = AXIS2_PLACEMENT_3D('',#7043,#7044,#7045);
#7043 = CARTESIAN_POINT('',(2.674938966801,-2.11,0.3));
#7044 = DIRECTION('',(1.110223024625E-16,-1.,0.));
#7045 = DIRECTION('',(-0.984807753012,-1.093356242223E-16,
    -0.173648177667));
#7046 = ORIENTED_EDGE('',*,*,#7047,.T.);
#7047 = EDGE_CURVE('',#7039,#7048,#7050,.T.);
#7048 = VERTEX_POINT('',#7049);
#7049 = CARTESIAN_POINT('',(3.,-2.11,0.));
#7050 = LINE('',#7051,#7052);
#7051 = CARTESIAN_POINT('',(2.674938966801,-2.11,0.));
#7052 = VECTOR('',#7053,1.);
#7053 = DIRECTION('',(1.,1.110223024625E-16,0.));
#7054 = ORIENTED_EDGE('',*,*,#7055,.T.);
#7055 = EDGE_CURVE('',#7048,#7056,#7058,.T.);
#7056 = VERTEX_POINT('',#7057);
#7057 = CARTESIAN_POINT('',(3.,-2.11,0.2));
#7058 = LINE('',#7059,#7060);
#7059 = CARTESIAN_POINT('',(3.,-2.11,0.));
#7060 = VECTOR('',#7061,1.);
#7061 = DIRECTION('',(0.,0.,1.));
#7062 = ORIENTED_EDGE('',*,*,#7063,.T.);
#7063 = EDGE_CURVE('',#7056,#7064,#7066,.T.);
#7064 = VERTEX_POINT('',#7065);
#7065 = CARTESIAN_POINT('',(2.674938966801,-2.11,0.2));
#7066 = LINE('',#7067,#7068);
#7067 = CARTESIAN_POINT('',(3.,-2.11,0.2));
#7068 = VECTOR('',#7069,1.);
#7069 = DIRECTION('',(-1.,-1.110223024625E-16,0.));
#7070 = ORIENTED_EDGE('',*,*,#7071,.T.);
#7071 = EDGE_CURVE('',#7064,#7072,#7074,.T.);
#7072 = VERTEX_POINT('',#7073);
#7073 = CARTESIAN_POINT('',(2.5764581915,-2.11,0.282635182233));
#7074 = CIRCLE('',#7075,0.1);
#7075 = AXIS2_PLACEMENT_3D('',#7076,#7077,#7078);
#7076 = CARTESIAN_POINT('',(2.674938966801,-2.11,0.3));
#7077 = DIRECTION('',(-1.110223024625E-16,1.,0.));
#7078 = DIRECTION('',(0.,0.,-1.));
#7079 = ORIENTED_EDGE('',*,*,#7080,.T.);
#7080 = EDGE_CURVE('',#7072,#7081,#7083,.T.);
#7081 = VERTEX_POINT('',#7082);
#7082 = CARTESIAN_POINT('',(2.495442325904,-2.11,0.7770944533));
#7083 = LINE('',#7084,#7085);
#7084 = CARTESIAN_POINT('',(2.5764581915,-2.11,0.282635182233));
#7085 = VECTOR('',#7086,1.);
#7086 = DIRECTION('',(-0.161691392282,-1.795135065956E-17,0.986841372087
    ));
#7087 = ORIENTED_EDGE('',*,*,#7088,.T.);
#7088 = EDGE_CURVE('',#7081,#7089,#7091,.T.);
#7089 = VERTEX_POINT('',#7090);
#7090 = CARTESIAN_POINT('',(2.2,-2.11,1.025));
#7091 = CIRCLE('',#7092,0.3);
#7092 = AXIS2_PLACEMENT_3D('',#7093,#7094,#7095);
#7093 = CARTESIAN_POINT('',(2.2,-2.11,0.725));
#7094 = DIRECTION('',(1.110223024625E-16,-1.,0.));
#7095 = DIRECTION('',(0.984807753012,1.093356242223E-16,0.173648177667)
  );
#7096 = ORIENTED_EDGE('',*,*,#7097,.T.);
#7097 = EDGE_CURVE('',#7089,#3353,#7098,.T.);
#7098 = LINE('',#7099,#7100);
#7099 = CARTESIAN_POINT('',(2.2,-2.11,1.025));
#7100 = VECTOR('',#7101,1.);
#7101 = DIRECTION('',(-1.,-1.110223024625E-16,0.));
#7102 = PLANE('',#7103);
#7103 = AXIS2_PLACEMENT_3D('',#7104,#7105,#7106);
#7104 = CARTESIAN_POINT('',(2.410970442936,-2.11,0.528115505988));
#7105 = DIRECTION('',(1.110223024625E-16,-1.,0.));
#7106 = DIRECTION('',(0.,0.,1.));
#7107 = ADVANCED_FACE('',(#7108),#7124,.F.);
#7108 = FACE_BOUND('',#7109,.F.);
#7109 = EDGE_LOOP('',(#7110,#7116,#7117,#7123));
#7110 = ORIENTED_EDGE('',*,*,#7111,.F.);
#7111 = EDGE_CURVE('',#3353,#3915,#7112,.T.);
#7112 = LINE('',#7113,#7114);
#7113 = CARTESIAN_POINT('',(2.2,-2.11,1.025));
#7114 = VECTOR('',#7115,1.);
#7115 = DIRECTION('',(-1.,-1.110223024625E-16,0.));
#7116 = ORIENTED_EDGE('',*,*,#3369,.T.);
#7117 = ORIENTED_EDGE('',*,*,#7118,.T.);
#7118 = EDGE_CURVE('',#3362,#3923,#7119,.T.);
#7119 = LINE('',#7120,#7121);
#7120 = CARTESIAN_POINT('',(2.2,-2.97,1.025));
#7121 = VECTOR('',#7122,1.);
#7122 = DIRECTION('',(-1.,-1.110223024625E-16,0.));
#7123 = ORIENTED_EDGE('',*,*,#3922,.F.);
#7124 = PLANE('',#7125);
#7125 = AXIS2_PLACEMENT_3D('',#7126,#7127,#7128);
#7126 = CARTESIAN_POINT('',(-5.802635690585E-16,4.9125,1.025));
#7127 = DIRECTION('',(2.007919022431E-31,-9.466330862652E-27,-1.));
#7128 = DIRECTION('',(1.,1.11487299784E-16,2.00791902242E-31));
#7129 = ADVANCED_FACE('',(#7130),#7216,.F.);
#7130 = FACE_BOUND('',#7131,.F.);
#7131 = EDGE_LOOP('',(#7132,#7133,#7134,#7143,#7151,#7160,#7168,#7176,
    #7184,#7193,#7201,#7210));
#7132 = ORIENTED_EDGE('',*,*,#3361,.F.);
#7133 = ORIENTED_EDGE('',*,*,#3383,.T.);
#7134 = ORIENTED_EDGE('',*,*,#7135,.T.);
#7135 = EDGE_CURVE('',#3384,#7136,#7138,.T.);
#7136 = VERTEX_POINT('',#7137);
#7137 = CARTESIAN_POINT('',(2.298480775301,-2.97,0.742364817767));
#7138 = CIRCLE('',#7139,0.1);
#7139 = AXIS2_PLACEMENT_3D('',#7140,#7141,#7142);
#7140 = CARTESIAN_POINT('',(2.2,-2.97,0.725));
#7141 = DIRECTION('',(-1.110223024625E-16,1.,0.));
#7142 = DIRECTION('',(4.440892098501E-15,4.930380657631E-31,1.));
#7143 = ORIENTED_EDGE('',*,*,#7144,.T.);
#7144 = EDGE_CURVE('',#7136,#7145,#7147,.T.);
#7145 = VERTEX_POINT('',#7146);
#7146 = CARTESIAN_POINT('',(2.379496640897,-2.97,0.2479055467));
#7147 = LINE('',#7148,#7149);
#7148 = CARTESIAN_POINT('',(2.298480775301,-2.97,0.742364817767));
#7149 = VECTOR('',#7150,1.);
#7150 = DIRECTION('',(0.161691392282,1.795135065956E-17,-0.986841372087)
  );
#7151 = ORIENTED_EDGE('',*,*,#7152,.T.);
#7152 = EDGE_CURVE('',#7145,#7153,#7155,.T.);
#7153 = VERTEX_POINT('',#7154);
#7154 = CARTESIAN_POINT('',(2.674938966801,-2.97,0.));
#7155 = CIRCLE('',#7156,0.3);
#7156 = AXIS2_PLACEMENT_3D('',#7157,#7158,#7159);
#7157 = CARTESIAN_POINT('',(2.674938966801,-2.97,0.3));
#7158 = DIRECTION('',(1.110223024625E-16,-1.,0.));
#7159 = DIRECTION('',(-0.984807753012,-1.093356242223E-16,
    -0.173648177667));
#7160 = ORIENTED_EDGE('',*,*,#7161,.T.);
#7161 = EDGE_CURVE('',#7153,#7162,#7164,.T.);
#7162 = VERTEX_POINT('',#7163);
#7163 = CARTESIAN_POINT('',(3.,-2.97,0.));
#7164 = LINE('',#7165,#7166);
#7165 = CARTESIAN_POINT('',(2.674938966801,-2.97,0.));
#7166 = VECTOR('',#7167,1.);
#7167 = DIRECTION('',(1.,1.110223024625E-16,0.));
#7168 = ORIENTED_EDGE('',*,*,#7169,.T.);
#7169 = EDGE_CURVE('',#7162,#7170,#7172,.T.);
#7170 = VERTEX_POINT('',#7171);
#7171 = CARTESIAN_POINT('',(3.,-2.97,0.2));
#7172 = LINE('',#7173,#7174);
#7173 = CARTESIAN_POINT('',(3.,-2.97,0.));
#7174 = VECTOR('',#7175,1.);
#7175 = DIRECTION('',(0.,0.,1.));
#7176 = ORIENTED_EDGE('',*,*,#7177,.T.);
#7177 = EDGE_CURVE('',#7170,#7178,#7180,.T.);
#7178 = VERTEX_POINT('',#7179);
#7179 = CARTESIAN_POINT('',(2.674938966801,-2.97,0.2));
#7180 = LINE('',#7181,#7182);
#7181 = CARTESIAN_POINT('',(3.,-2.97,0.2));
#7182 = VECTOR('',#7183,1.);
#7183 = DIRECTION('',(-1.,-1.110223024625E-16,0.));
#7184 = ORIENTED_EDGE('',*,*,#7185,.T.);
#7185 = EDGE_CURVE('',#7178,#7186,#7188,.T.);
#7186 = VERTEX_POINT('',#7187);
#7187 = CARTESIAN_POINT('',(2.5764581915,-2.97,0.282635182233));
#7188 = CIRCLE('',#7189,0.1);
#7189 = AXIS2_PLACEMENT_3D('',#7190,#7191,#7192);
#7190 = CARTESIAN_POINT('',(2.674938966801,-2.97,0.3));
#7191 = DIRECTION('',(-1.110223024625E-16,1.,0.));
#7192 = DIRECTION('',(0.,0.,-1.));
#7193 = ORIENTED_EDGE('',*,*,#7194,.T.);
#7194 = EDGE_CURVE('',#7186,#7195,#7197,.T.);
#7195 = VERTEX_POINT('',#7196);
#7196 = CARTESIAN_POINT('',(2.495442325904,-2.97,0.7770944533));
#7197 = LINE('',#7198,#7199);
#7198 = CARTESIAN_POINT('',(2.5764581915,-2.97,0.282635182233));
#7199 = VECTOR('',#7200,1.);
#7200 = DIRECTION('',(-0.161691392282,-1.795135065956E-17,0.986841372087
    ));
#7201 = ORIENTED_EDGE('',*,*,#7202,.T.);
#7202 = EDGE_CURVE('',#7195,#7203,#7205,.T.);
#7203 = VERTEX_POINT('',#7204);
#7204 = CARTESIAN_POINT('',(2.2,-2.97,1.025));
#7205 = CIRCLE('',#7206,0.3);
#7206 = AXIS2_PLACEMENT_3D('',#7207,#7208,#7209);
#7207 = CARTESIAN_POINT('',(2.2,-2.97,0.725));
#7208 = DIRECTION('',(1.110223024625E-16,-1.,0.));
#7209 = DIRECTION('',(0.984807753012,1.093356242223E-16,0.173648177667)
  );
#7210 = ORIENTED_EDGE('',*,*,#7211,.T.);
#7211 = EDGE_CURVE('',#7203,#3362,#7212,.T.);
#7212 = LINE('',#7213,#7214);
#7213 = CARTESIAN_POINT('',(2.2,-2.97,1.025));
#7214 = VECTOR('',#7215,1.);
#7215 = DIRECTION('',(-1.,-1.110223024625E-16,0.));
#7216 = PLANE('',#7217);
#7217 = AXIS2_PLACEMENT_3D('',#7218,#7219,#7220);
#7218 = CARTESIAN_POINT('',(2.410970442936,-2.97,0.528115505988));
#7219 = DIRECTION('',(1.110223024625E-16,-1.,0.));
#7220 = DIRECTION('',(0.,0.,1.));
#7221 = ADVANCED_FACE('',(#7222),#7241,.F.);
#7222 = FACE_BOUND('',#7223,.F.);
#7223 = EDGE_LOOP('',(#7224,#7225,#7234,#7240));
#7224 = ORIENTED_EDGE('',*,*,#3400,.T.);
#7225 = ORIENTED_EDGE('',*,*,#7226,.T.);
#7226 = EDGE_CURVE('',#3393,#7227,#7229,.T.);
#7227 = VERTEX_POINT('',#7228);
#7228 = CARTESIAN_POINT('',(2.298480775301,-3.38,0.742364817767));
#7229 = CIRCLE('',#7230,0.1);
#7230 = AXIS2_PLACEMENT_3D('',#7231,#7232,#7233);
#7231 = CARTESIAN_POINT('',(2.2,-3.38,0.725));
#7232 = DIRECTION('',(-1.110223024625E-16,1.,0.));
#7233 = DIRECTION('',(4.440892098501E-15,4.930380657631E-31,1.));
#7234 = ORIENTED_EDGE('',*,*,#7235,.F.);
#7235 = EDGE_CURVE('',#7136,#7227,#7236,.T.);
#7236 = LINE('',#7237,#7238);
#7237 = CARTESIAN_POINT('',(2.298480775301,-2.97,0.742364817767));
#7238 = VECTOR('',#7239,1.);
#7239 = DIRECTION('',(1.110223024625E-16,-1.,0.));
#7240 = ORIENTED_EDGE('',*,*,#7135,.F.);
#7241 = CYLINDRICAL_SURFACE('',#7242,0.1);
#7242 = AXIS2_PLACEMENT_3D('',#7243,#7244,#7245);
#7243 = CARTESIAN_POINT('',(2.2,-2.97,0.725));
#7244 = DIRECTION('',(-1.110223024625E-16,1.,0.));
#7245 = DIRECTION('',(4.440892098501E-15,4.930380657631E-31,1.));
#7246 = ADVANCED_FACE('',(#7247),#7325,.T.);
#7247 = FACE_BOUND('',#7248,.T.);
#7248 = EDGE_LOOP('',(#7249,#7250,#7251,#7252,#7260,#7269,#7277,#7285,
    #7293,#7302,#7310,#7319));
#7249 = ORIENTED_EDGE('',*,*,#3414,.F.);
#7250 = ORIENTED_EDGE('',*,*,#3392,.T.);
#7251 = ORIENTED_EDGE('',*,*,#7226,.T.);
#7252 = ORIENTED_EDGE('',*,*,#7253,.T.);
#7253 = EDGE_CURVE('',#7227,#7254,#7256,.T.);
#7254 = VERTEX_POINT('',#7255);
#7255 = CARTESIAN_POINT('',(2.379496640897,-3.38,0.2479055467));
#7256 = LINE('',#7257,#7258);
#7257 = CARTESIAN_POINT('',(2.298480775301,-3.38,0.742364817767));
#7258 = VECTOR('',#7259,1.);
#7259 = DIRECTION('',(0.161691392282,1.795135065956E-17,-0.986841372087)
  );
#7260 = ORIENTED_EDGE('',*,*,#7261,.T.);
#7261 = EDGE_CURVE('',#7254,#7262,#7264,.T.);
#7262 = VERTEX_POINT('',#7263);
#7263 = CARTESIAN_POINT('',(2.674938966801,-3.38,0.));
#7264 = CIRCLE('',#7265,0.3);
#7265 = AXIS2_PLACEMENT_3D('',#7266,#7267,#7268);
#7266 = CARTESIAN_POINT('',(2.674938966801,-3.38,0.3));
#7267 = DIRECTION('',(1.110223024625E-16,-1.,0.));
#7268 = DIRECTION('',(-0.984807753012,-1.093356242223E-16,
    -0.173648177667));
#7269 = ORIENTED_EDGE('',*,*,#7270,.T.);
#7270 = EDGE_CURVE('',#7262,#7271,#7273,.T.);
#7271 = VERTEX_POINT('',#7272);
#7272 = CARTESIAN_POINT('',(3.,-3.38,0.));
#7273 = LINE('',#7274,#7275);
#7274 = CARTESIAN_POINT('',(2.674938966801,-3.38,0.));
#7275 = VECTOR('',#7276,1.);
#7276 = DIRECTION('',(1.,1.110223024625E-16,0.));
#7277 = ORIENTED_EDGE('',*,*,#7278,.T.);
#7278 = EDGE_CURVE('',#7271,#7279,#7281,.T.);
#7279 = VERTEX_POINT('',#7280);
#7280 = CARTESIAN_POINT('',(3.,-3.38,0.2));
#7281 = LINE('',#7282,#7283);
#7282 = CARTESIAN_POINT('',(3.,-3.38,0.));
#7283 = VECTOR('',#7284,1.);
#7284 = DIRECTION('',(0.,0.,1.));
#7285 = ORIENTED_EDGE('',*,*,#7286,.T.);
#7286 = EDGE_CURVE('',#7279,#7287,#7289,.T.);
#7287 = VERTEX_POINT('',#7288);
#7288 = CARTESIAN_POINT('',(2.674938966801,-3.38,0.2));
#7289 = LINE('',#7290,#7291);
#7290 = CARTESIAN_POINT('',(3.,-3.38,0.2));
#7291 = VECTOR('',#7292,1.);
#7292 = DIRECTION('',(-1.,-1.110223024625E-16,0.));
#7293 = ORIENTED_EDGE('',*,*,#7294,.T.);
#7294 = EDGE_CURVE('',#7287,#7295,#7297,.T.);
#7295 = VERTEX_POINT('',#7296);
#7296 = CARTESIAN_POINT('',(2.5764581915,-3.38,0.282635182233));
#7297 = CIRCLE('',#7298,0.1);
#7298 = AXIS2_PLACEMENT_3D('',#7299,#7300,#7301);
#7299 = CARTESIAN_POINT('',(2.674938966801,-3.38,0.3));
#7300 = DIRECTION('',(-1.110223024625E-16,1.,0.));
#7301 = DIRECTION('',(0.,0.,-1.));
#7302 = ORIENTED_EDGE('',*,*,#7303,.T.);
#7303 = EDGE_CURVE('',#7295,#7304,#7306,.T.);
#7304 = VERTEX_POINT('',#7305);
#7305 = CARTESIAN_POINT('',(2.495442325904,-3.38,0.7770944533));
#7306 = LINE('',#7307,#7308);
#7307 = CARTESIAN_POINT('',(2.5764581915,-3.38,0.282635182233));
#7308 = VECTOR('',#7309,1.);
#7309 = DIRECTION('',(-0.161691392282,-1.795135065956E-17,0.986841372087
    ));
#7310 = ORIENTED_EDGE('',*,*,#7311,.T.);
#7311 = EDGE_CURVE('',#7304,#7312,#7314,.T.);
#7312 = VERTEX_POINT('',#7313);
#7313 = CARTESIAN_POINT('',(2.2,-3.38,1.025));
#7314 = CIRCLE('',#7315,0.3);
#7315 = AXIS2_PLACEMENT_3D('',#7316,#7317,#7318);
#7316 = CARTESIAN_POINT('',(2.2,-3.38,0.725));
#7317 = DIRECTION('',(1.110223024625E-16,-1.,0.));
#7318 = DIRECTION('',(0.984807753012,1.093356242223E-16,0.173648177667)
  );
#7319 = ORIENTED_EDGE('',*,*,#7320,.T.);
#7320 = EDGE_CURVE('',#7312,#3415,#7321,.T.);
#7321 = LINE('',#7322,#7323);
#7322 = CARTESIAN_POINT('',(2.2,-3.38,1.025));
#7323 = VECTOR('',#7324,1.);
#7324 = DIRECTION('',(-1.,-1.110223024625E-16,0.));
#7325 = PLANE('',#7326);
#7326 = AXIS2_PLACEMENT_3D('',#7327,#7328,#7329);
#7327 = CARTESIAN_POINT('',(2.410970442936,-3.38,0.528115505988));
#7328 = DIRECTION('',(1.110223024625E-16,-1.,0.));
#7329 = DIRECTION('',(0.,0.,1.));
#7330 = ADVANCED_FACE('',(#7331),#7347,.F.);
#7331 = FACE_BOUND('',#7332,.F.);
#7332 = EDGE_LOOP('',(#7333,#7339,#7340,#7346));
#7333 = ORIENTED_EDGE('',*,*,#7334,.F.);
#7334 = EDGE_CURVE('',#3415,#3931,#7335,.T.);
#7335 = LINE('',#7336,#7337);
#7336 = CARTESIAN_POINT('',(2.2,-3.38,1.025));
#7337 = VECTOR('',#7338,1.);
#7338 = DIRECTION('',(-1.,-1.110223024625E-16,0.));
#7339 = ORIENTED_EDGE('',*,*,#3431,.T.);
#7340 = ORIENTED_EDGE('',*,*,#7341,.T.);
#7341 = EDGE_CURVE('',#3424,#3939,#7342,.T.);
#7342 = LINE('',#7343,#7344);
#7343 = CARTESIAN_POINT('',(2.2,-4.24,1.025));
#7344 = VECTOR('',#7345,1.);
#7345 = DIRECTION('',(-1.,-1.110223024625E-16,0.));
#7346 = ORIENTED_EDGE('',*,*,#3938,.F.);
#7347 = PLANE('',#7348);
#7348 = AXIS2_PLACEMENT_3D('',#7349,#7350,#7351);
#7349 = CARTESIAN_POINT('',(-5.802635690585E-16,4.9125,1.025));
#7350 = DIRECTION('',(2.007919022431E-31,-9.466330862652E-27,-1.));
#7351 = DIRECTION('',(1.,1.11487299784E-16,2.00791902242E-31));
#7352 = ADVANCED_FACE('',(#7353),#7439,.F.);
#7353 = FACE_BOUND('',#7354,.F.);
#7354 = EDGE_LOOP('',(#7355,#7356,#7357,#7366,#7374,#7383,#7391,#7399,
    #7407,#7416,#7424,#7433));
#7355 = ORIENTED_EDGE('',*,*,#3423,.F.);
#7356 = ORIENTED_EDGE('',*,*,#3445,.T.);
#7357 = ORIENTED_EDGE('',*,*,#7358,.T.);
#7358 = EDGE_CURVE('',#3446,#7359,#7361,.T.);
#7359 = VERTEX_POINT('',#7360);
#7360 = CARTESIAN_POINT('',(2.298480775301,-4.24,0.742364817767));
#7361 = CIRCLE('',#7362,0.1);
#7362 = AXIS2_PLACEMENT_3D('',#7363,#7364,#7365);
#7363 = CARTESIAN_POINT('',(2.2,-4.24,0.725));
#7364 = DIRECTION('',(-1.110223024625E-16,1.,0.));
#7365 = DIRECTION('',(4.440892098501E-15,4.930380657631E-31,1.));
#7366 = ORIENTED_EDGE('',*,*,#7367,.T.);
#7367 = EDGE_CURVE('',#7359,#7368,#7370,.T.);
#7368 = VERTEX_POINT('',#7369);
#7369 = CARTESIAN_POINT('',(2.379496640897,-4.24,0.2479055467));
#7370 = LINE('',#7371,#7372);
#7371 = CARTESIAN_POINT('',(2.298480775301,-4.24,0.742364817767));
#7372 = VECTOR('',#7373,1.);
#7373 = DIRECTION('',(0.161691392282,1.795135065956E-17,-0.986841372087)
  );
#7374 = ORIENTED_EDGE('',*,*,#7375,.T.);
#7375 = EDGE_CURVE('',#7368,#7376,#7378,.T.);
#7376 = VERTEX_POINT('',#7377);
#7377 = CARTESIAN_POINT('',(2.674938966801,-4.24,0.));
#7378 = CIRCLE('',#7379,0.3);
#7379 = AXIS2_PLACEMENT_3D('',#7380,#7381,#7382);
#7380 = CARTESIAN_POINT('',(2.674938966801,-4.24,0.3));
#7381 = DIRECTION('',(1.110223024625E-16,-1.,0.));
#7382 = DIRECTION('',(-0.984807753012,-1.093356242223E-16,
    -0.173648177667));
#7383 = ORIENTED_EDGE('',*,*,#7384,.T.);
#7384 = EDGE_CURVE('',#7376,#7385,#7387,.T.);
#7385 = VERTEX_POINT('',#7386);
#7386 = CARTESIAN_POINT('',(3.,-4.24,0.));
#7387 = LINE('',#7388,#7389);
#7388 = CARTESIAN_POINT('',(2.674938966801,-4.24,0.));
#7389 = VECTOR('',#7390,1.);
#7390 = DIRECTION('',(1.,1.110223024625E-16,0.));
#7391 = ORIENTED_EDGE('',*,*,#7392,.T.);
#7392 = EDGE_CURVE('',#7385,#7393,#7395,.T.);
#7393 = VERTEX_POINT('',#7394);
#7394 = CARTESIAN_POINT('',(3.,-4.24,0.2));
#7395 = LINE('',#7396,#7397);
#7396 = CARTESIAN_POINT('',(3.,-4.24,0.));
#7397 = VECTOR('',#7398,1.);
#7398 = DIRECTION('',(0.,0.,1.));
#7399 = ORIENTED_EDGE('',*,*,#7400,.T.);
#7400 = EDGE_CURVE('',#7393,#7401,#7403,.T.);
#7401 = VERTEX_POINT('',#7402);
#7402 = CARTESIAN_POINT('',(2.674938966801,-4.24,0.2));
#7403 = LINE('',#7404,#7405);
#7404 = CARTESIAN_POINT('',(3.,-4.24,0.2));
#7405 = VECTOR('',#7406,1.);
#7406 = DIRECTION('',(-1.,-1.110223024625E-16,0.));
#7407 = ORIENTED_EDGE('',*,*,#7408,.T.);
#7408 = EDGE_CURVE('',#7401,#7409,#7411,.T.);
#7409 = VERTEX_POINT('',#7410);
#7410 = CARTESIAN_POINT('',(2.5764581915,-4.24,0.282635182233));
#7411 = CIRCLE('',#7412,0.1);
#7412 = AXIS2_PLACEMENT_3D('',#7413,#7414,#7415);
#7413 = CARTESIAN_POINT('',(2.674938966801,-4.24,0.3));
#7414 = DIRECTION('',(-1.110223024625E-16,1.,0.));
#7415 = DIRECTION('',(0.,0.,-1.));
#7416 = ORIENTED_EDGE('',*,*,#7417,.T.);
#7417 = EDGE_CURVE('',#7409,#7418,#7420,.T.);
#7418 = VERTEX_POINT('',#7419);
#7419 = CARTESIAN_POINT('',(2.495442325904,-4.24,0.7770944533));
#7420 = LINE('',#7421,#7422);
#7421 = CARTESIAN_POINT('',(2.5764581915,-4.24,0.282635182233));
#7422 = VECTOR('',#7423,1.);
#7423 = DIRECTION('',(-0.161691392282,-1.795135065956E-17,0.986841372087
    ));
#7424 = ORIENTED_EDGE('',*,*,#7425,.T.);
#7425 = EDGE_CURVE('',#7418,#7426,#7428,.T.);
#7426 = VERTEX_POINT('',#7427);
#7427 = CARTESIAN_POINT('',(2.2,-4.24,1.025));
#7428 = CIRCLE('',#7429,0.3);
#7429 = AXIS2_PLACEMENT_3D('',#7430,#7431,#7432);
#7430 = CARTESIAN_POINT('',(2.2,-4.24,0.725));
#7431 = DIRECTION('',(1.110223024625E-16,-1.,0.));
#7432 = DIRECTION('',(0.984807753012,1.093356242223E-16,0.173648177667)
  );
#7433 = ORIENTED_EDGE('',*,*,#7434,.T.);
#7434 = EDGE_CURVE('',#7426,#3424,#7435,.T.);
#7435 = LINE('',#7436,#7437);
#7436 = CARTESIAN_POINT('',(2.2,-4.24,1.025));
#7437 = VECTOR('',#7438,1.);
#7438 = DIRECTION('',(-1.,-1.110223024625E-16,0.));
#7439 = PLANE('',#7440);
#7440 = AXIS2_PLACEMENT_3D('',#7441,#7442,#7443);
#7441 = CARTESIAN_POINT('',(2.410970442936,-4.24,0.528115505988));
#7442 = DIRECTION('',(1.110223024625E-16,-1.,0.));
#7443 = DIRECTION('',(0.,0.,1.));
#7444 = ADVANCED_FACE('',(#7445),#7464,.F.);
#7445 = FACE_BOUND('',#7446,.F.);
#7446 = EDGE_LOOP('',(#7447,#7448,#7457,#7463));
#7447 = ORIENTED_EDGE('',*,*,#3462,.T.);
#7448 = ORIENTED_EDGE('',*,*,#7449,.T.);
#7449 = EDGE_CURVE('',#3455,#7450,#7452,.T.);
#7450 = VERTEX_POINT('',#7451);
#7451 = CARTESIAN_POINT('',(2.298480775301,-4.65,0.742364817767));
#7452 = CIRCLE('',#7453,0.1);
#7453 = AXIS2_PLACEMENT_3D('',#7454,#7455,#7456);
#7454 = CARTESIAN_POINT('',(2.2,-4.65,0.725));
#7455 = DIRECTION('',(-1.110223024625E-16,1.,0.));
#7456 = DIRECTION('',(4.440892098501E-15,4.930380657631E-31,1.));
#7457 = ORIENTED_EDGE('',*,*,#7458,.F.);
#7458 = EDGE_CURVE('',#7359,#7450,#7459,.T.);
#7459 = LINE('',#7460,#7461);
#7460 = CARTESIAN_POINT('',(2.298480775301,-4.24,0.742364817767));
#7461 = VECTOR('',#7462,1.);
#7462 = DIRECTION('',(1.110223024625E-16,-1.,0.));
#7463 = ORIENTED_EDGE('',*,*,#7358,.F.);
#7464 = CYLINDRICAL_SURFACE('',#7465,0.1);
#7465 = AXIS2_PLACEMENT_3D('',#7466,#7467,#7468);
#7466 = CARTESIAN_POINT('',(2.2,-4.24,0.725));
#7467 = DIRECTION('',(-1.110223024625E-16,1.,0.));
#7468 = DIRECTION('',(4.440892098501E-15,4.930380657631E-31,1.));
#7469 = ADVANCED_FACE('',(#7470),#7548,.T.);
#7470 = FACE_BOUND('',#7471,.T.);
#7471 = EDGE_LOOP('',(#7472,#7473,#7474,#7475,#7483,#7492,#7500,#7508,
    #7516,#7525,#7533,#7542));
#7472 = ORIENTED_EDGE('',*,*,#3476,.F.);
#7473 = ORIENTED_EDGE('',*,*,#3454,.T.);
#7474 = ORIENTED_EDGE('',*,*,#7449,.T.);
#7475 = ORIENTED_EDGE('',*,*,#7476,.T.);
#7476 = EDGE_CURVE('',#7450,#7477,#7479,.T.);
#7477 = VERTEX_POINT('',#7478);
#7478 = CARTESIAN_POINT('',(2.379496640897,-4.65,0.2479055467));
#7479 = LINE('',#7480,#7481);
#7480 = CARTESIAN_POINT('',(2.298480775301,-4.65,0.742364817767));
#7481 = VECTOR('',#7482,1.);
#7482 = DIRECTION('',(0.161691392282,1.795135065956E-17,-0.986841372087)
  );
#7483 = ORIENTED_EDGE('',*,*,#7484,.T.);
#7484 = EDGE_CURVE('',#7477,#7485,#7487,.T.);
#7485 = VERTEX_POINT('',#7486);
#7486 = CARTESIAN_POINT('',(2.674938966801,-4.65,0.));
#7487 = CIRCLE('',#7488,0.3);
#7488 = AXIS2_PLACEMENT_3D('',#7489,#7490,#7491);
#7489 = CARTESIAN_POINT('',(2.674938966801,-4.65,0.3));
#7490 = DIRECTION('',(1.110223024625E-16,-1.,0.));
#7491 = DIRECTION('',(-0.984807753012,-1.093356242223E-16,
    -0.173648177667));
#7492 = ORIENTED_EDGE('',*,*,#7493,.T.);
#7493 = EDGE_CURVE('',#7485,#7494,#7496,.T.);
#7494 = VERTEX_POINT('',#7495);
#7495 = CARTESIAN_POINT('',(3.,-4.65,0.));
#7496 = LINE('',#7497,#7498);
#7497 = CARTESIAN_POINT('',(2.674938966801,-4.65,0.));
#7498 = VECTOR('',#7499,1.);
#7499 = DIRECTION('',(1.,1.110223024625E-16,0.));
#7500 = ORIENTED_EDGE('',*,*,#7501,.T.);
#7501 = EDGE_CURVE('',#7494,#7502,#7504,.T.);
#7502 = VERTEX_POINT('',#7503);
#7503 = CARTESIAN_POINT('',(3.,-4.65,0.2));
#7504 = LINE('',#7505,#7506);
#7505 = CARTESIAN_POINT('',(3.,-4.65,0.));
#7506 = VECTOR('',#7507,1.);
#7507 = DIRECTION('',(0.,0.,1.));
#7508 = ORIENTED_EDGE('',*,*,#7509,.T.);
#7509 = EDGE_CURVE('',#7502,#7510,#7512,.T.);
#7510 = VERTEX_POINT('',#7511);
#7511 = CARTESIAN_POINT('',(2.674938966801,-4.65,0.2));
#7512 = LINE('',#7513,#7514);
#7513 = CARTESIAN_POINT('',(3.,-4.65,0.2));
#7514 = VECTOR('',#7515,1.);
#7515 = DIRECTION('',(-1.,-1.110223024625E-16,0.));
#7516 = ORIENTED_EDGE('',*,*,#7517,.T.);
#7517 = EDGE_CURVE('',#7510,#7518,#7520,.T.);
#7518 = VERTEX_POINT('',#7519);
#7519 = CARTESIAN_POINT('',(2.5764581915,-4.65,0.282635182233));
#7520 = CIRCLE('',#7521,0.1);
#7521 = AXIS2_PLACEMENT_3D('',#7522,#7523,#7524);
#7522 = CARTESIAN_POINT('',(2.674938966801,-4.65,0.3));
#7523 = DIRECTION('',(-1.110223024625E-16,1.,0.));
#7524 = DIRECTION('',(0.,0.,-1.));
#7525 = ORIENTED_EDGE('',*,*,#7526,.T.);
#7526 = EDGE_CURVE('',#7518,#7527,#7529,.T.);
#7527 = VERTEX_POINT('',#7528);
#7528 = CARTESIAN_POINT('',(2.495442325904,-4.65,0.7770944533));
#7529 = LINE('',#7530,#7531);
#7530 = CARTESIAN_POINT('',(2.5764581915,-4.65,0.282635182233));
#7531 = VECTOR('',#7532,1.);
#7532 = DIRECTION('',(-0.161691392282,-1.795135065956E-17,0.986841372087
    ));
#7533 = ORIENTED_EDGE('',*,*,#7534,.T.);
#7534 = EDGE_CURVE('',#7527,#7535,#7537,.T.);
#7535 = VERTEX_POINT('',#7536);
#7536 = CARTESIAN_POINT('',(2.2,-4.65,1.025));
#7537 = CIRCLE('',#7538,0.3);
#7538 = AXIS2_PLACEMENT_3D('',#7539,#7540,#7541);
#7539 = CARTESIAN_POINT('',(2.2,-4.65,0.725));
#7540 = DIRECTION('',(1.110223024625E-16,-1.,0.));
#7541 = DIRECTION('',(0.984807753012,1.093356242223E-16,0.173648177667)
  );
#7542 = ORIENTED_EDGE('',*,*,#7543,.T.);
#7543 = EDGE_CURVE('',#7535,#3477,#7544,.T.);
#7544 = LINE('',#7545,#7546);
#7545 = CARTESIAN_POINT('',(2.2,-4.65,1.025));
#7546 = VECTOR('',#7547,1.);
#7547 = DIRECTION('',(-1.,-1.110223024625E-16,0.));
#7548 = PLANE('',#7549);
#7549 = AXIS2_PLACEMENT_3D('',#7550,#7551,#7552);
#7550 = CARTESIAN_POINT('',(2.410970442936,-4.65,0.528115505988));
#7551 = DIRECTION('',(1.110223024625E-16,-1.,0.));
#7552 = DIRECTION('',(0.,0.,1.));
#7553 = ADVANCED_FACE('',(#7554),#7565,.T.);
#7554 = FACE_BOUND('',#7555,.T.);
#7555 = EDGE_LOOP('',(#7556,#7557,#7558,#7559));
#7556 = ORIENTED_EDGE('',*,*,#5696,.T.);
#7557 = ORIENTED_EDGE('',*,*,#3577,.T.);
#7558 = ORIENTED_EDGE('',*,*,#5798,.F.);
#7559 = ORIENTED_EDGE('',*,*,#7560,.F.);
#7560 = EDGE_CURVE('',#5689,#5791,#7561,.T.);
#7561 = LINE('',#7562,#7563);
#7562 = CARTESIAN_POINT('',(-2.495442325904,4.24,0.7770944533));
#7563 = VECTOR('',#7564,1.);
#7564 = DIRECTION('',(1.144237745222E-17,1.,0.));
#7565 = CYLINDRICAL_SURFACE('',#7566,0.3);
#7566 = AXIS2_PLACEMENT_3D('',#7567,#7568,#7569);
#7567 = CARTESIAN_POINT('',(-2.2,4.24,0.725));
#7568 = DIRECTION('',(-1.144237745222E-17,-1.,0.));
#7569 = DIRECTION('',(-0.984807753012,1.126854202784E-17,0.173648177667)
  );
#7570 = ADVANCED_FACE('',(#7571),#7584,.F.);
#7571 = FACE_BOUND('',#7572,.F.);
#7572 = EDGE_LOOP('',(#7573,#7574,#7580,#7581,#7582,#7583));
#7573 = ORIENTED_EDGE('',*,*,#4149,.F.);
#7574 = ORIENTED_EDGE('',*,*,#7575,.T.);
#7575 = EDGE_CURVE('',#4141,#4250,#7576,.T.);
#7576 = LINE('',#7577,#7578);
#7577 = CARTESIAN_POINT('',(-2.2,-4.65,1.025));
#7578 = VECTOR('',#7579,1.);
#7579 = DIRECTION('',(1.144237745222E-17,1.,0.));
#7580 = ORIENTED_EDGE('',*,*,#4258,.T.);
#7581 = ORIENTED_EDGE('',*,*,#4280,.T.);
#7582 = ORIENTED_EDGE('',*,*,#3624,.F.);
#7583 = ORIENTED_EDGE('',*,*,#4023,.F.);
#7584 = PLANE('',#7585);
#7585 = AXIS2_PLACEMENT_3D('',#7586,#7587,#7588);
#7586 = CARTESIAN_POINT('',(-2.2,-4.65,1.025));
#7587 = DIRECTION('',(0.,0.,-1.));
#7588 = DIRECTION('',(1.,-1.144237745222E-17,0.));
#7589 = ADVANCED_FACE('',(#7590),#7603,.F.);
#7590 = FACE_BOUND('',#7591,.F.);
#7591 = EDGE_LOOP('',(#7592,#7593,#7599,#7600,#7601,#7602));
#7592 = ORIENTED_EDGE('',*,*,#4372,.F.);
#7593 = ORIENTED_EDGE('',*,*,#7594,.T.);
#7594 = EDGE_CURVE('',#4364,#4473,#7595,.T.);
#7595 = LINE('',#7596,#7597);
#7596 = CARTESIAN_POINT('',(-2.2,-3.38,1.025));
#7597 = VECTOR('',#7598,1.);
#7598 = DIRECTION('',(1.144237745222E-17,1.,0.));
#7599 = ORIENTED_EDGE('',*,*,#4481,.T.);
#7600 = ORIENTED_EDGE('',*,*,#4503,.T.);
#7601 = ORIENTED_EDGE('',*,*,#3640,.F.);
#7602 = ORIENTED_EDGE('',*,*,#4273,.F.);
#7603 = PLANE('',#7604);
#7604 = AXIS2_PLACEMENT_3D('',#7605,#7606,#7607);
#7605 = CARTESIAN_POINT('',(-2.2,-3.38,1.025));
#7606 = DIRECTION('',(0.,0.,-1.));
#7607 = DIRECTION('',(1.,-1.144237745222E-17,0.));
#7608 = ADVANCED_FACE('',(#7609),#7622,.F.);
#7609 = FACE_BOUND('',#7610,.F.);
#7610 = EDGE_LOOP('',(#7611,#7612,#7618,#7619,#7620,#7621));
#7611 = ORIENTED_EDGE('',*,*,#4595,.F.);
#7612 = ORIENTED_EDGE('',*,*,#7613,.T.);
#7613 = EDGE_CURVE('',#4587,#4696,#7614,.T.);
#7614 = LINE('',#7615,#7616);
#7615 = CARTESIAN_POINT('',(-2.2,-2.11,1.025));
#7616 = VECTOR('',#7617,1.);
#7617 = DIRECTION('',(1.144237745222E-17,1.,0.));
#7618 = ORIENTED_EDGE('',*,*,#4704,.T.);
#7619 = ORIENTED_EDGE('',*,*,#4726,.T.);
#7620 = ORIENTED_EDGE('',*,*,#3656,.F.);
#7621 = ORIENTED_EDGE('',*,*,#4496,.F.);
#7622 = PLANE('',#7623);
#7623 = AXIS2_PLACEMENT_3D('',#7624,#7625,#7626);
#7624 = CARTESIAN_POINT('',(-2.2,-2.11,1.025));
#7625 = DIRECTION('',(0.,0.,-1.));
#7626 = DIRECTION('',(1.,-1.144237745222E-17,0.));
#7627 = ADVANCED_FACE('',(#7628),#7641,.F.);
#7628 = FACE_BOUND('',#7629,.F.);
#7629 = EDGE_LOOP('',(#7630,#7631,#7637,#7638,#7639,#7640));
#7630 = ORIENTED_EDGE('',*,*,#4818,.F.);
#7631 = ORIENTED_EDGE('',*,*,#7632,.T.);
#7632 = EDGE_CURVE('',#4810,#4919,#7633,.T.);
#7633 = LINE('',#7634,#7635);
#7634 = CARTESIAN_POINT('',(-2.2,-0.84,1.025));
#7635 = VECTOR('',#7636,1.);
#7636 = DIRECTION('',(1.144237745222E-17,1.,0.));
#7637 = ORIENTED_EDGE('',*,*,#4927,.T.);
#7638 = ORIENTED_EDGE('',*,*,#4949,.T.);
#7639 = ORIENTED_EDGE('',*,*,#3672,.F.);
#7640 = ORIENTED_EDGE('',*,*,#4719,.F.);
#7641 = PLANE('',#7642);
#7642 = AXIS2_PLACEMENT_3D('',#7643,#7644,#7645);
#7643 = CARTESIAN_POINT('',(-2.2,-0.84,1.025));
#7644 = DIRECTION('',(0.,0.,-1.));
#7645 = DIRECTION('',(1.,-1.144237745222E-17,0.));
#7646 = ADVANCED_FACE('',(#7647),#7660,.F.);
#7647 = FACE_BOUND('',#7648,.F.);
#7648 = EDGE_LOOP('',(#7649,#7650,#7656,#7657,#7658,#7659));
#7649 = ORIENTED_EDGE('',*,*,#5041,.F.);
#7650 = ORIENTED_EDGE('',*,*,#7651,.T.);
#7651 = EDGE_CURVE('',#5033,#5142,#7652,.T.);
#7652 = LINE('',#7653,#7654);
#7653 = CARTESIAN_POINT('',(-2.2,0.43,1.025));
#7654 = VECTOR('',#7655,1.);
#7655 = DIRECTION('',(1.144237745222E-17,1.,0.));
#7656 = ORIENTED_EDGE('',*,*,#5150,.T.);
#7657 = ORIENTED_EDGE('',*,*,#5172,.T.);
#7658 = ORIENTED_EDGE('',*,*,#3688,.F.);
#7659 = ORIENTED_EDGE('',*,*,#4942,.F.);
#7660 = PLANE('',#7661);
#7661 = AXIS2_PLACEMENT_3D('',#7662,#7663,#7664);
#7662 = CARTESIAN_POINT('',(-2.2,0.43,1.025));
#7663 = DIRECTION('',(0.,0.,-1.));
#7664 = DIRECTION('',(1.,-1.144237745222E-17,0.));
#7665 = ADVANCED_FACE('',(#7666),#7679,.F.);
#7666 = FACE_BOUND('',#7667,.F.);
#7667 = EDGE_LOOP('',(#7668,#7669,#7675,#7676,#7677,#7678));
#7668 = ORIENTED_EDGE('',*,*,#5264,.F.);
#7669 = ORIENTED_EDGE('',*,*,#7670,.T.);
#7670 = EDGE_CURVE('',#5256,#5365,#7671,.T.);
#7671 = LINE('',#7672,#7673);
#7672 = CARTESIAN_POINT('',(-2.2,1.7,1.025));
#7673 = VECTOR('',#7674,1.);
#7674 = DIRECTION('',(1.144237745222E-17,1.,0.));
#7675 = ORIENTED_EDGE('',*,*,#5373,.T.);
#7676 = ORIENTED_EDGE('',*,*,#5395,.T.);
#7677 = ORIENTED_EDGE('',*,*,#3704,.F.);
#7678 = ORIENTED_EDGE('',*,*,#5165,.F.);
#7679 = PLANE('',#7680);
#7680 = AXIS2_PLACEMENT_3D('',#7681,#7682,#7683);
#7681 = CARTESIAN_POINT('',(-2.2,1.7,1.025));
#7682 = DIRECTION('',(0.,0.,-1.));
#7683 = DIRECTION('',(1.,-1.144237745222E-17,0.));
#7684 = ADVANCED_FACE('',(#7685),#7698,.F.);
#7685 = FACE_BOUND('',#7686,.F.);
#7686 = EDGE_LOOP('',(#7687,#7688,#7694,#7695,#7696,#7697));
#7687 = ORIENTED_EDGE('',*,*,#5487,.F.);
#7688 = ORIENTED_EDGE('',*,*,#7689,.T.);
#7689 = EDGE_CURVE('',#5479,#5588,#7690,.T.);
#7690 = LINE('',#7691,#7692);
#7691 = CARTESIAN_POINT('',(-2.2,2.97,1.025));
#7692 = VECTOR('',#7693,1.);
#7693 = DIRECTION('',(1.144237745222E-17,1.,0.));
#7694 = ORIENTED_EDGE('',*,*,#5596,.T.);
#7695 = ORIENTED_EDGE('',*,*,#5613,.T.);
#7696 = ORIENTED_EDGE('',*,*,#3720,.F.);
#7697 = ORIENTED_EDGE('',*,*,#5388,.F.);
#7698 = PLANE('',#7699);
#7699 = AXIS2_PLACEMENT_3D('',#7700,#7701,#7702);
#7700 = CARTESIAN_POINT('',(-2.2,2.97,1.025));
#7701 = DIRECTION('',(0.,0.,-1.));
#7702 = DIRECTION('',(1.,-1.144237745222E-17,0.));
#7703 = ADVANCED_FACE('',(#7704,#7733),#7744,.T.);
#7704 = FACE_BOUND('',#7705,.T.);
#7705 = EDGE_LOOP('',(#7706,#7707,#7708,#7709,#7717,#7725,#7731,#7732));
#7706 = ORIENTED_EDGE('',*,*,#3795,.F.);
#7707 = ORIENTED_EDGE('',*,*,#3772,.F.);
#7708 = ORIENTED_EDGE('',*,*,#3743,.F.);
#7709 = ORIENTED_EDGE('',*,*,#7710,.F.);
#7710 = EDGE_CURVE('',#7711,#3744,#7713,.T.);
#7711 = VERTEX_POINT('',#7712);
#7712 = CARTESIAN_POINT('',(-1.680085640382,-4.760171280765,1.75));
#7713 = LINE('',#7714,#7715);
#7714 = CARTESIAN_POINT('',(-1.680085640382,-4.760171280765,1.75));
#7715 = VECTOR('',#7716,1.);
#7716 = DIRECTION('',(-0.707106781187,0.707106781187,0.));
#7717 = ORIENTED_EDGE('',*,*,#7718,.F.);
#7718 = EDGE_CURVE('',#7719,#7711,#7721,.T.);
#7719 = VERTEX_POINT('',#7720);
#7720 = CARTESIAN_POINT('',(1.680085640382,-4.760171280765,1.75));
#7721 = LINE('',#7722,#7723);
#7722 = CARTESIAN_POINT('',(1.680085640382,-4.760171280765,1.75));
#7723 = VECTOR('',#7724,1.);
#7724 = DIRECTION('',(-1.,-1.110223024625E-16,0.));
#7725 = ORIENTED_EDGE('',*,*,#7726,.F.);
#7726 = EDGE_CURVE('',#3963,#7719,#7727,.T.);
#7727 = LINE('',#7728,#7729);
#7728 = CARTESIAN_POINT('',(1.760171280765,-4.680085640382,1.75));
#7729 = VECTOR('',#7730,1.);
#7730 = DIRECTION('',(-0.707106781187,-0.707106781187,0.));
#7731 = ORIENTED_EDGE('',*,*,#3969,.F.);
#7732 = ORIENTED_EDGE('',*,*,#3818,.F.);
#7733 = FACE_BOUND('',#7734,.T.);
#7734 = EDGE_LOOP('',(#7735));
#7735 = ORIENTED_EDGE('',*,*,#7736,.T.);
#7736 = EDGE_CURVE('',#7737,#7737,#7739,.T.);
#7737 = VERTEX_POINT('',#7738);
#7738 = CARTESIAN_POINT('',(-0.960171280765,3.660171280765,1.75));
#7739 = CIRCLE('',#7740,0.3);
#7740 = AXIS2_PLACEMENT_3D('',#7741,#7742,#7743);
#7741 = CARTESIAN_POINT('',(-0.960171280765,3.960171280765,1.75));
#7742 = DIRECTION('',(0.,-0.,-1.));
#7743 = DIRECTION('',(1.110223024625E-16,-1.,0.));
#7744 = PLANE('',#7745);
#7745 = AXIS2_PLACEMENT_3D('',#7746,#7747,#7748);
#7746 = CARTESIAN_POINT('',(-1.680085640382,4.760171280765,1.75));
#7747 = DIRECTION('',(0.,0.,1.));
#7748 = DIRECTION('',(0.33282455482,-0.942988767541,0.));
#7749 = ADVANCED_FACE('',(#7750),#7760,.F.);
#7750 = FACE_BOUND('',#7751,.F.);
#7751 = EDGE_LOOP('',(#7752,#7753,#7754,#7755));
#7752 = ORIENTED_EDGE('',*,*,#4030,.T.);
#7753 = ORIENTED_EDGE('',*,*,#3751,.T.);
#7754 = ORIENTED_EDGE('',*,*,#7710,.F.);
#7755 = ORIENTED_EDGE('',*,*,#7756,.F.);
#7756 = EDGE_CURVE('',#4031,#7711,#7757,.T.);
#7757 = B_SPLINE_CURVE_WITH_KNOTS('',1,(#7758,#7759),.UNSPECIFIED.,.F.,
  .F.,(2,2),(0.,1.),.PIECEWISE_BEZIER_KNOTS.);
#7758 = CARTESIAN_POINT('',(-1.7375,-4.875,1.025));
#7759 = CARTESIAN_POINT('',(-1.680085640382,-4.760171280765,1.75));
#7760 = B_SPLINE_SURFACE_WITH_KNOTS('',1,1,(
    (#7761,#7762)
    ,(#7763,#7764
    )),.UNSPECIFIED.,.F.,.F.,.F.,(2,2),(2,2),(0.,0.194454364826),(0.,1.)
  ,.PIECEWISE_BEZIER_KNOTS.);
#7761 = CARTESIAN_POINT('',(-1.7375,-4.875,1.025));
#7762 = CARTESIAN_POINT('',(-1.680085640382,-4.760171280765,1.75));
#7763 = CARTESIAN_POINT('',(-1.875,-4.7375,1.025));
#7764 = CARTESIAN_POINT('',(-1.760171280765,-4.680085640382,1.75));
#7765 = ADVANCED_FACE('',(#7766),#7779,.F.);
#7766 = FACE_BOUND('',#7767,.F.);
#7767 = EDGE_LOOP('',(#7768,#7769,#7775,#7776,#7777,#7778));
#7768 = ORIENTED_EDGE('',*,*,#6096,.F.);
#7769 = ORIENTED_EDGE('',*,*,#7770,.T.);
#7770 = EDGE_CURVE('',#6088,#6197,#7771,.T.);
#7771 = LINE('',#7772,#7773);
#7772 = CARTESIAN_POINT('',(2.2,3.38,1.025));
#7773 = VECTOR('',#7774,1.);
#7774 = DIRECTION('',(1.110223024625E-16,-1.,0.));
#7775 = ORIENTED_EDGE('',*,*,#6205,.T.);
#7776 = ORIENTED_EDGE('',*,*,#6219,.T.);
#7777 = ORIENTED_EDGE('',*,*,#3850,.F.);
#7778 = ORIENTED_EDGE('',*,*,#6003,.F.);
#7779 = PLANE('',#7780);
#7780 = AXIS2_PLACEMENT_3D('',#7781,#7782,#7783);
#7781 = CARTESIAN_POINT('',(2.2,3.38,1.025));
#7782 = DIRECTION('',(0.,0.,-1.));
#7783 = DIRECTION('',(-1.,-1.110223024625E-16,-0.));
#7784 = ADVANCED_FACE('',(#7785),#7798,.F.);
#7785 = FACE_BOUND('',#7786,.F.);
#7786 = EDGE_LOOP('',(#7787,#7788,#7794,#7795,#7796,#7797));
#7787 = ORIENTED_EDGE('',*,*,#6319,.F.);
#7788 = ORIENTED_EDGE('',*,*,#7789,.T.);
#7789 = EDGE_CURVE('',#6311,#6420,#7790,.T.);
#7790 = LINE('',#7791,#7792);
#7791 = CARTESIAN_POINT('',(2.2,2.11,1.025));
#7792 = VECTOR('',#7793,1.);
#7793 = DIRECTION('',(1.110223024625E-16,-1.,0.));
#7794 = ORIENTED_EDGE('',*,*,#6428,.T.);
#7795 = ORIENTED_EDGE('',*,*,#6442,.T.);
#7796 = ORIENTED_EDGE('',*,*,#3866,.F.);
#7797 = ORIENTED_EDGE('',*,*,#6226,.F.);
#7798 = PLANE('',#7799);
#7799 = AXIS2_PLACEMENT_3D('',#7800,#7801,#7802);
#7800 = CARTESIAN_POINT('',(2.2,2.11,1.025));
#7801 = DIRECTION('',(0.,0.,-1.));
#7802 = DIRECTION('',(-1.,-1.110223024625E-16,-0.));
#7803 = ADVANCED_FACE('',(#7804),#7817,.F.);
#7804 = FACE_BOUND('',#7805,.F.);
#7805 = EDGE_LOOP('',(#7806,#7807,#7813,#7814,#7815,#7816));
#7806 = ORIENTED_EDGE('',*,*,#6542,.F.);
#7807 = ORIENTED_EDGE('',*,*,#7808,.T.);
#7808 = EDGE_CURVE('',#6534,#6643,#7809,.T.);
#7809 = LINE('',#7810,#7811);
#7810 = CARTESIAN_POINT('',(2.2,0.84,1.025));
#7811 = VECTOR('',#7812,1.);
#7812 = DIRECTION('',(1.110223024625E-16,-1.,0.));
#7813 = ORIENTED_EDGE('',*,*,#6651,.T.);
#7814 = ORIENTED_EDGE('',*,*,#6665,.T.);
#7815 = ORIENTED_EDGE('',*,*,#3882,.F.);
#7816 = ORIENTED_EDGE('',*,*,#6449,.F.);
#7817 = PLANE('',#7818);
#7818 = AXIS2_PLACEMENT_3D('',#7819,#7820,#7821);
#7819 = CARTESIAN_POINT('',(2.2,0.84,1.025));
#7820 = DIRECTION('',(0.,0.,-1.));
#7821 = DIRECTION('',(-1.,-1.110223024625E-16,-0.));
#7822 = ADVANCED_FACE('',(#7823),#7836,.F.);
#7823 = FACE_BOUND('',#7824,.F.);
#7824 = EDGE_LOOP('',(#7825,#7826,#7832,#7833,#7834,#7835));
#7825 = ORIENTED_EDGE('',*,*,#6765,.F.);
#7826 = ORIENTED_EDGE('',*,*,#7827,.T.);
#7827 = EDGE_CURVE('',#6757,#6866,#7828,.T.);
#7828 = LINE('',#7829,#7830);
#7829 = CARTESIAN_POINT('',(2.2,-0.43,1.025));
#7830 = VECTOR('',#7831,1.);
#7831 = DIRECTION('',(1.110223024625E-16,-1.,0.));
#7832 = ORIENTED_EDGE('',*,*,#6874,.T.);
#7833 = ORIENTED_EDGE('',*,*,#6888,.T.);
#7834 = ORIENTED_EDGE('',*,*,#3898,.F.);
#7835 = ORIENTED_EDGE('',*,*,#6672,.F.);
#7836 = PLANE('',#7837);
#7837 = AXIS2_PLACEMENT_3D('',#7838,#7839,#7840);
#7838 = CARTESIAN_POINT('',(2.2,-0.43,1.025));
#7839 = DIRECTION('',(0.,0.,-1.));
#7840 = DIRECTION('',(-1.,-1.110223024625E-16,-0.));
#7841 = ADVANCED_FACE('',(#7842),#7855,.F.);
#7842 = FACE_BOUND('',#7843,.F.);
#7843 = EDGE_LOOP('',(#7844,#7845,#7851,#7852,#7853,#7854));
#7844 = ORIENTED_EDGE('',*,*,#6988,.F.);
#7845 = ORIENTED_EDGE('',*,*,#7846,.T.);
#7846 = EDGE_CURVE('',#6980,#7089,#7847,.T.);
#7847 = LINE('',#7848,#7849);
#7848 = CARTESIAN_POINT('',(2.2,-1.7,1.025));
#7849 = VECTOR('',#7850,1.);
#7850 = DIRECTION('',(1.110223024625E-16,-1.,0.));
#7851 = ORIENTED_EDGE('',*,*,#7097,.T.);
#7852 = ORIENTED_EDGE('',*,*,#7111,.T.);
#7853 = ORIENTED_EDGE('',*,*,#3914,.F.);
#7854 = ORIENTED_EDGE('',*,*,#6895,.F.);
#7855 = PLANE('',#7856);
#7856 = AXIS2_PLACEMENT_3D('',#7857,#7858,#7859);
#7857 = CARTESIAN_POINT('',(2.2,-1.7,1.025));
#7858 = DIRECTION('',(0.,0.,-1.));
#7859 = DIRECTION('',(-1.,-1.110223024625E-16,-0.));
#7860 = ADVANCED_FACE('',(#7861),#7874,.F.);
#7861 = FACE_BOUND('',#7862,.F.);
#7862 = EDGE_LOOP('',(#7863,#7864,#7870,#7871,#7872,#7873));
#7863 = ORIENTED_EDGE('',*,*,#7211,.F.);
#7864 = ORIENTED_EDGE('',*,*,#7865,.T.);
#7865 = EDGE_CURVE('',#7203,#7312,#7866,.T.);
#7866 = LINE('',#7867,#7868);
#7867 = CARTESIAN_POINT('',(2.2,-2.97,1.025));
#7868 = VECTOR('',#7869,1.);
#7869 = DIRECTION('',(1.110223024625E-16,-1.,0.));
#7870 = ORIENTED_EDGE('',*,*,#7320,.T.);
#7871 = ORIENTED_EDGE('',*,*,#7334,.T.);
#7872 = ORIENTED_EDGE('',*,*,#3930,.F.);
#7873 = ORIENTED_EDGE('',*,*,#7118,.F.);
#7874 = PLANE('',#7875);
#7875 = AXIS2_PLACEMENT_3D('',#7876,#7877,#7878);
#7876 = CARTESIAN_POINT('',(2.2,-2.97,1.025));
#7877 = DIRECTION('',(0.,0.,-1.));
#7878 = DIRECTION('',(-1.,-1.110223024625E-16,-0.));
#7879 = ADVANCED_FACE('',(#7880),#7893,.F.);
#7880 = FACE_BOUND('',#7881,.F.);
#7881 = EDGE_LOOP('',(#7882,#7883,#7889,#7890,#7891,#7892));
#7882 = ORIENTED_EDGE('',*,*,#7434,.F.);
#7883 = ORIENTED_EDGE('',*,*,#7884,.T.);
#7884 = EDGE_CURVE('',#7426,#7535,#7885,.T.);
#7885 = LINE('',#7886,#7887);
#7886 = CARTESIAN_POINT('',(2.2,-4.24,1.025));
#7887 = VECTOR('',#7888,1.);
#7888 = DIRECTION('',(1.110223024625E-16,-1.,0.));
#7889 = ORIENTED_EDGE('',*,*,#7543,.T.);
#7890 = ORIENTED_EDGE('',*,*,#4053,.T.);
#7891 = ORIENTED_EDGE('',*,*,#3946,.F.);
#7892 = ORIENTED_EDGE('',*,*,#7341,.F.);
#7893 = PLANE('',#7894);
#7894 = AXIS2_PLACEMENT_3D('',#7895,#7896,#7897);
#7895 = CARTESIAN_POINT('',(2.2,-4.24,1.025));
#7896 = DIRECTION('',(0.,0.,-1.));
#7897 = DIRECTION('',(-1.,-1.110223024625E-16,-0.));
#7898 = ADVANCED_FACE('',(#7899),#7909,.F.);
#7899 = FACE_BOUND('',#7900,.F.);
#7900 = EDGE_LOOP('',(#7901,#7902,#7907,#7908));
#7901 = ORIENTED_EDGE('',*,*,#4046,.T.);
#7902 = ORIENTED_EDGE('',*,*,#7903,.T.);
#7903 = EDGE_CURVE('',#4039,#7719,#7904,.T.);
#7904 = B_SPLINE_CURVE_WITH_KNOTS('',1,(#7905,#7906),.UNSPECIFIED.,.F.,
  .F.,(2,2),(0.,1.),.PIECEWISE_BEZIER_KNOTS.);
#7905 = CARTESIAN_POINT('',(1.7375,-4.875,1.025));
#7906 = CARTESIAN_POINT('',(1.680085640382,-4.760171280765,1.75));
#7907 = ORIENTED_EDGE('',*,*,#7726,.F.);
#7908 = ORIENTED_EDGE('',*,*,#3962,.F.);
#7909 = B_SPLINE_SURFACE_WITH_KNOTS('',1,1,(
    (#7910,#7911)
    ,(#7912,#7913
    )),.UNSPECIFIED.,.F.,.F.,.F.,(2,2),(2,2),(0.,0.194454364826),(0.,1.)
  ,.PIECEWISE_BEZIER_KNOTS.);
#7910 = CARTESIAN_POINT('',(1.875,-4.7375,1.025));
#7911 = CARTESIAN_POINT('',(1.760171280765,-4.680085640382,1.75));
#7912 = CARTESIAN_POINT('',(1.7375,-4.875,1.025));
#7913 = CARTESIAN_POINT('',(1.680085640382,-4.760171280765,1.75));
#7914 = ADVANCED_FACE('',(#7915),#7926,.T.);
#7915 = FACE_BOUND('',#7916,.T.);
#7916 = EDGE_LOOP('',(#7917,#7918,#7919,#7920));
#7917 = ORIENTED_EDGE('',*,*,#5883,.T.);
#7918 = ORIENTED_EDGE('',*,*,#3992,.T.);
#7919 = ORIENTED_EDGE('',*,*,#5985,.F.);
#7920 = ORIENTED_EDGE('',*,*,#7921,.F.);
#7921 = EDGE_CURVE('',#5876,#5978,#7922,.T.);
#7922 = LINE('',#7923,#7924);
#7923 = CARTESIAN_POINT('',(2.495442325904,4.65,0.7770944533));
#7924 = VECTOR('',#7925,1.);
#7925 = DIRECTION('',(1.110223024625E-16,-1.,0.));
#7926 = CYLINDRICAL_SURFACE('',#7927,0.3);
#7927 = AXIS2_PLACEMENT_3D('',#7928,#7929,#7930);
#7928 = CARTESIAN_POINT('',(2.2,4.65,0.725));
#7929 = DIRECTION('',(-1.110223024625E-16,1.,0.));
#7930 = DIRECTION('',(0.984807753012,1.093356242223E-16,0.173648177667)
  );
#7931 = ADVANCED_FACE('',(#7932),#7938,.F.);
#7932 = FACE_BOUND('',#7933,.F.);
#7933 = EDGE_LOOP('',(#7934,#7935,#7936,#7937));
#7934 = ORIENTED_EDGE('',*,*,#4038,.T.);
#7935 = ORIENTED_EDGE('',*,*,#7756,.T.);
#7936 = ORIENTED_EDGE('',*,*,#7718,.F.);
#7937 = ORIENTED_EDGE('',*,*,#7903,.F.);
#7938 = B_SPLINE_SURFACE_WITH_KNOTS('',1,1,(
    (#7939,#7940)
    ,(#7941,#7942
    )),.UNSPECIFIED.,.F.,.F.,.F.,(2,2),(2,2),(0.,3.475),(0.,1.),
  .PIECEWISE_BEZIER_KNOTS.);
#7939 = CARTESIAN_POINT('',(1.7375,-4.875,1.025));
#7940 = CARTESIAN_POINT('',(1.680085640382,-4.760171280765,1.75));
#7941 = CARTESIAN_POINT('',(-1.7375,-4.875,1.025));
#7942 = CARTESIAN_POINT('',(-1.680085640382,-4.760171280765,1.75));
#7943 = ADVANCED_FACE('',(#7944),#7955,.T.);
#7944 = FACE_BOUND('',#7945,.T.);
#7945 = EDGE_LOOP('',(#7946,#7947,#7948,#7949));
#7946 = ORIENTED_EDGE('',*,*,#4140,.T.);
#7947 = ORIENTED_EDGE('',*,*,#7575,.T.);
#7948 = ORIENTED_EDGE('',*,*,#4249,.F.);
#7949 = ORIENTED_EDGE('',*,*,#7950,.F.);
#7950 = EDGE_CURVE('',#4133,#4242,#7951,.T.);
#7951 = LINE('',#7952,#7953);
#7952 = CARTESIAN_POINT('',(-2.495442325904,-4.65,0.7770944533));
#7953 = VECTOR('',#7954,1.);
#7954 = DIRECTION('',(1.144237745222E-17,1.,0.));
#7955 = CYLINDRICAL_SURFACE('',#7956,0.3);
#7956 = AXIS2_PLACEMENT_3D('',#7957,#7958,#7959);
#7957 = CARTESIAN_POINT('',(-2.2,-4.65,0.725));
#7958 = DIRECTION('',(-1.144237745222E-17,-1.,0.));
#7959 = DIRECTION('',(-0.984807753012,1.126854202784E-17,0.173648177667)
  );
#7960 = ADVANCED_FACE('',(#7961),#7972,.F.);
#7961 = FACE_BOUND('',#7962,.F.);
#7962 = EDGE_LOOP('',(#7963,#7969,#7970,#7971));
#7963 = ORIENTED_EDGE('',*,*,#7964,.T.);
#7964 = EDGE_CURVE('',#4124,#4233,#7965,.T.);
#7965 = LINE('',#7966,#7967);
#7966 = CARTESIAN_POINT('',(-2.5764581915,-4.65,0.282635182233));
#7967 = VECTOR('',#7968,1.);
#7968 = DIRECTION('',(1.144237745222E-17,1.,0.));
#7969 = ORIENTED_EDGE('',*,*,#4241,.T.);
#7970 = ORIENTED_EDGE('',*,*,#7950,.F.);
#7971 = ORIENTED_EDGE('',*,*,#4132,.F.);
#7972 = PLANE('',#7973);
#7973 = AXIS2_PLACEMENT_3D('',#7974,#7975,#7976);
#7974 = CARTESIAN_POINT('',(-2.5764581915,-4.65,0.282635182233));
#7975 = DIRECTION('',(0.986841372087,-1.129181146488E-17,-0.161691392282
    ));
#7976 = DIRECTION('',(0.161691392282,-1.85013394127E-18,0.986841372087)
  );
#7977 = ADVANCED_FACE('',(#7978),#7989,.F.);
#7978 = FACE_BOUND('',#7979,.F.);
#7979 = EDGE_LOOP('',(#7980,#7986,#7987,#7988));
#7980 = ORIENTED_EDGE('',*,*,#7981,.T.);
#7981 = EDGE_CURVE('',#4116,#4225,#7982,.T.);
#7982 = LINE('',#7983,#7984);
#7983 = CARTESIAN_POINT('',(-2.674938966801,-4.65,0.2));
#7984 = VECTOR('',#7985,1.);
#7985 = DIRECTION('',(1.144237745222E-17,1.,0.));
#7986 = ORIENTED_EDGE('',*,*,#4232,.T.);
#7987 = ORIENTED_EDGE('',*,*,#7964,.F.);
#7988 = ORIENTED_EDGE('',*,*,#4123,.F.);
#7989 = CYLINDRICAL_SURFACE('',#7990,0.1);
#7990 = AXIS2_PLACEMENT_3D('',#7991,#7992,#7993);
#7991 = CARTESIAN_POINT('',(-2.674938966801,-4.65,0.3));
#7992 = DIRECTION('',(-1.144237745222E-17,-1.,0.));
#7993 = DIRECTION('',(-0.,0.,-1.));
#7994 = ADVANCED_FACE('',(#7995),#8006,.F.);
#7995 = FACE_BOUND('',#7996,.F.);
#7996 = EDGE_LOOP('',(#7997,#8003,#8004,#8005));
#7997 = ORIENTED_EDGE('',*,*,#7998,.T.);
#7998 = EDGE_CURVE('',#4108,#4217,#7999,.T.);
#7999 = LINE('',#8000,#8001);
#8000 = CARTESIAN_POINT('',(-3.,-4.65,0.2));
#8001 = VECTOR('',#8002,1.);
#8002 = DIRECTION('',(1.144237745222E-17,1.,0.));
#8003 = ORIENTED_EDGE('',*,*,#4224,.T.);
#8004 = ORIENTED_EDGE('',*,*,#7981,.F.);
#8005 = ORIENTED_EDGE('',*,*,#4115,.F.);
#8006 = PLANE('',#8007);
#8007 = AXIS2_PLACEMENT_3D('',#8008,#8009,#8010);
#8008 = CARTESIAN_POINT('',(-3.,-4.65,0.2));
#8009 = DIRECTION('',(0.,0.,-1.));
#8010 = DIRECTION('',(1.,-1.144237745222E-17,0.));
#8011 = ADVANCED_FACE('',(#8012),#8023,.F.);
#8012 = FACE_BOUND('',#8013,.F.);
#8013 = EDGE_LOOP('',(#8014,#8020,#8021,#8022));
#8014 = ORIENTED_EDGE('',*,*,#8015,.T.);
#8015 = EDGE_CURVE('',#4100,#4209,#8016,.T.);
#8016 = LINE('',#8017,#8018);
#8017 = CARTESIAN_POINT('',(-3.,-4.65,0.));
#8018 = VECTOR('',#8019,1.);
#8019 = DIRECTION('',(1.144237745222E-17,1.,0.));
#8020 = ORIENTED_EDGE('',*,*,#4216,.T.);
#8021 = ORIENTED_EDGE('',*,*,#7998,.F.);
#8022 = ORIENTED_EDGE('',*,*,#4107,.F.);
#8023 = PLANE('',#8024);
#8024 = AXIS2_PLACEMENT_3D('',#8025,#8026,#8027);
#8025 = CARTESIAN_POINT('',(-3.,-4.65,0.));
#8026 = DIRECTION('',(1.,-1.144237745222E-17,0.));
#8027 = DIRECTION('',(0.,0.,1.));
#8028 = ADVANCED_FACE('',(#8029),#8040,.F.);
#8029 = FACE_BOUND('',#8030,.F.);
#8030 = EDGE_LOOP('',(#8031,#8037,#8038,#8039));
#8031 = ORIENTED_EDGE('',*,*,#8032,.T.);
#8032 = EDGE_CURVE('',#4091,#4200,#8033,.T.);
#8033 = LINE('',#8034,#8035);
#8034 = CARTESIAN_POINT('',(-2.674938966801,-4.65,0.));
#8035 = VECTOR('',#8036,1.);
#8036 = DIRECTION('',(1.144237745222E-17,1.,0.));
#8037 = ORIENTED_EDGE('',*,*,#4208,.T.);
#8038 = ORIENTED_EDGE('',*,*,#8015,.F.);
#8039 = ORIENTED_EDGE('',*,*,#4099,.F.);
#8040 = PLANE('',#8041);
#8041 = AXIS2_PLACEMENT_3D('',#8042,#8043,#8044);
#8042 = CARTESIAN_POINT('',(-2.674938966801,-4.65,0.));
#8043 = DIRECTION('',(0.,0.,1.));
#8044 = DIRECTION('',(-1.,1.144237745222E-17,0.));
#8045 = ADVANCED_FACE('',(#8046),#8057,.T.);
#8046 = FACE_BOUND('',#8047,.T.);
#8047 = EDGE_LOOP('',(#8048,#8049,#8050,#8051));
#8048 = ORIENTED_EDGE('',*,*,#4090,.T.);
#8049 = ORIENTED_EDGE('',*,*,#8032,.T.);
#8050 = ORIENTED_EDGE('',*,*,#4199,.F.);
#8051 = ORIENTED_EDGE('',*,*,#8052,.F.);
#8052 = EDGE_CURVE('',#4083,#4192,#8053,.T.);
#8053 = LINE('',#8054,#8055);
#8054 = CARTESIAN_POINT('',(-2.379496640897,-4.65,0.2479055467));
#8055 = VECTOR('',#8056,1.);
#8056 = DIRECTION('',(1.144237745222E-17,1.,0.));
#8057 = CYLINDRICAL_SURFACE('',#8058,0.3);
#8058 = AXIS2_PLACEMENT_3D('',#8059,#8060,#8061);
#8059 = CARTESIAN_POINT('',(-2.674938966801,-4.65,0.3));
#8060 = DIRECTION('',(-1.144237745222E-17,-1.,0.));
#8061 = DIRECTION('',(0.984807753012,-1.126854202784E-17,-0.173648177667
    ));
#8062 = ADVANCED_FACE('',(#8063),#8069,.F.);
#8063 = FACE_BOUND('',#8064,.F.);
#8064 = EDGE_LOOP('',(#8065,#8066,#8067,#8068));
#8065 = ORIENTED_EDGE('',*,*,#4173,.T.);
#8066 = ORIENTED_EDGE('',*,*,#4191,.T.);
#8067 = ORIENTED_EDGE('',*,*,#8052,.F.);
#8068 = ORIENTED_EDGE('',*,*,#4082,.F.);
#8069 = PLANE('',#8070);
#8070 = AXIS2_PLACEMENT_3D('',#8071,#8072,#8073);
#8071 = CARTESIAN_POINT('',(-2.298480775301,-4.65,0.742364817767));
#8072 = DIRECTION('',(-0.986841372087,1.129181146488E-17,0.161691392282)
  );
#8073 = DIRECTION('',(-0.161691392282,1.85013394127E-18,-0.986841372087)
  );
#8074 = ADVANCED_FACE('',(#8075),#8086,.T.);
#8075 = FACE_BOUND('',#8076,.T.);
#8076 = EDGE_LOOP('',(#8077,#8078,#8079,#8080));
#8077 = ORIENTED_EDGE('',*,*,#4363,.T.);
#8078 = ORIENTED_EDGE('',*,*,#7594,.T.);
#8079 = ORIENTED_EDGE('',*,*,#4472,.F.);
#8080 = ORIENTED_EDGE('',*,*,#8081,.F.);
#8081 = EDGE_CURVE('',#4356,#4465,#8082,.T.);
#8082 = LINE('',#8083,#8084);
#8083 = CARTESIAN_POINT('',(-2.495442325904,-3.38,0.7770944533));
#8084 = VECTOR('',#8085,1.);
#8085 = DIRECTION('',(1.144237745222E-17,1.,0.));
#8086 = CYLINDRICAL_SURFACE('',#8087,0.3);
#8087 = AXIS2_PLACEMENT_3D('',#8088,#8089,#8090);
#8088 = CARTESIAN_POINT('',(-2.2,-3.38,0.725));
#8089 = DIRECTION('',(-1.144237745222E-17,-1.,0.));
#8090 = DIRECTION('',(-0.984807753012,1.126854202784E-17,0.173648177667)
  );
#8091 = ADVANCED_FACE('',(#8092),#8103,.F.);
#8092 = FACE_BOUND('',#8093,.F.);
#8093 = EDGE_LOOP('',(#8094,#8100,#8101,#8102));
#8094 = ORIENTED_EDGE('',*,*,#8095,.T.);
#8095 = EDGE_CURVE('',#4347,#4456,#8096,.T.);
#8096 = LINE('',#8097,#8098);
#8097 = CARTESIAN_POINT('',(-2.5764581915,-3.38,0.282635182233));
#8098 = VECTOR('',#8099,1.);
#8099 = DIRECTION('',(1.144237745222E-17,1.,0.));
#8100 = ORIENTED_EDGE('',*,*,#4464,.T.);
#8101 = ORIENTED_EDGE('',*,*,#8081,.F.);
#8102 = ORIENTED_EDGE('',*,*,#4355,.F.);
#8103 = PLANE('',#8104);
#8104 = AXIS2_PLACEMENT_3D('',#8105,#8106,#8107);
#8105 = CARTESIAN_POINT('',(-2.5764581915,-3.38,0.282635182233));
#8106 = DIRECTION('',(0.986841372087,-1.129181146488E-17,-0.161691392282
    ));
#8107 = DIRECTION('',(0.161691392282,-1.85013394127E-18,0.986841372087)
  );
#8108 = ADVANCED_FACE('',(#8109),#8120,.F.);
#8109 = FACE_BOUND('',#8110,.F.);
#8110 = EDGE_LOOP('',(#8111,#8117,#8118,#8119));
#8111 = ORIENTED_EDGE('',*,*,#8112,.T.);
#8112 = EDGE_CURVE('',#4339,#4448,#8113,.T.);
#8113 = LINE('',#8114,#8115);
#8114 = CARTESIAN_POINT('',(-2.674938966801,-3.38,0.2));
#8115 = VECTOR('',#8116,1.);
#8116 = DIRECTION('',(1.144237745222E-17,1.,0.));
#8117 = ORIENTED_EDGE('',*,*,#4455,.T.);
#8118 = ORIENTED_EDGE('',*,*,#8095,.F.);
#8119 = ORIENTED_EDGE('',*,*,#4346,.F.);
#8120 = CYLINDRICAL_SURFACE('',#8121,0.1);
#8121 = AXIS2_PLACEMENT_3D('',#8122,#8123,#8124);
#8122 = CARTESIAN_POINT('',(-2.674938966801,-3.38,0.3));
#8123 = DIRECTION('',(-1.144237745222E-17,-1.,0.));
#8124 = DIRECTION('',(-0.,0.,-1.));
#8125 = ADVANCED_FACE('',(#8126),#8137,.F.);
#8126 = FACE_BOUND('',#8127,.F.);
#8127 = EDGE_LOOP('',(#8128,#8134,#8135,#8136));
#8128 = ORIENTED_EDGE('',*,*,#8129,.T.);
#8129 = EDGE_CURVE('',#4331,#4440,#8130,.T.);
#8130 = LINE('',#8131,#8132);
#8131 = CARTESIAN_POINT('',(-3.,-3.38,0.2));
#8132 = VECTOR('',#8133,1.);
#8133 = DIRECTION('',(1.144237745222E-17,1.,0.));
#8134 = ORIENTED_EDGE('',*,*,#4447,.T.);
#8135 = ORIENTED_EDGE('',*,*,#8112,.F.);
#8136 = ORIENTED_EDGE('',*,*,#4338,.F.);
#8137 = PLANE('',#8138);
#8138 = AXIS2_PLACEMENT_3D('',#8139,#8140,#8141);
#8139 = CARTESIAN_POINT('',(-3.,-3.38,0.2));
#8140 = DIRECTION('',(0.,0.,-1.));
#8141 = DIRECTION('',(1.,-1.144237745222E-17,0.));
#8142 = ADVANCED_FACE('',(#8143),#8154,.F.);
#8143 = FACE_BOUND('',#8144,.F.);
#8144 = EDGE_LOOP('',(#8145,#8151,#8152,#8153));
#8145 = ORIENTED_EDGE('',*,*,#8146,.T.);
#8146 = EDGE_CURVE('',#4323,#4432,#8147,.T.);
#8147 = LINE('',#8148,#8149);
#8148 = CARTESIAN_POINT('',(-3.,-3.38,0.));
#8149 = VECTOR('',#8150,1.);
#8150 = DIRECTION('',(1.144237745222E-17,1.,0.));
#8151 = ORIENTED_EDGE('',*,*,#4439,.T.);
#8152 = ORIENTED_EDGE('',*,*,#8129,.F.);
#8153 = ORIENTED_EDGE('',*,*,#4330,.F.);
#8154 = PLANE('',#8155);
#8155 = AXIS2_PLACEMENT_3D('',#8156,#8157,#8158);
#8156 = CARTESIAN_POINT('',(-3.,-3.38,0.));
#8157 = DIRECTION('',(1.,-1.144237745222E-17,0.));
#8158 = DIRECTION('',(0.,0.,1.));
#8159 = ADVANCED_FACE('',(#8160),#8171,.F.);
#8160 = FACE_BOUND('',#8161,.F.);
#8161 = EDGE_LOOP('',(#8162,#8168,#8169,#8170));
#8162 = ORIENTED_EDGE('',*,*,#8163,.T.);
#8163 = EDGE_CURVE('',#4314,#4423,#8164,.T.);
#8164 = LINE('',#8165,#8166);
#8165 = CARTESIAN_POINT('',(-2.674938966801,-3.38,0.));
#8166 = VECTOR('',#8167,1.);
#8167 = DIRECTION('',(1.144237745222E-17,1.,0.));
#8168 = ORIENTED_EDGE('',*,*,#4431,.T.);
#8169 = ORIENTED_EDGE('',*,*,#8146,.F.);
#8170 = ORIENTED_EDGE('',*,*,#4322,.F.);
#8171 = PLANE('',#8172);
#8172 = AXIS2_PLACEMENT_3D('',#8173,#8174,#8175);
#8173 = CARTESIAN_POINT('',(-2.674938966801,-3.38,0.));
#8174 = DIRECTION('',(0.,0.,1.));
#8175 = DIRECTION('',(-1.,1.144237745222E-17,0.));
#8176 = ADVANCED_FACE('',(#8177),#8188,.T.);
#8177 = FACE_BOUND('',#8178,.T.);
#8178 = EDGE_LOOP('',(#8179,#8180,#8181,#8182));
#8179 = ORIENTED_EDGE('',*,*,#4313,.T.);
#8180 = ORIENTED_EDGE('',*,*,#8163,.T.);
#8181 = ORIENTED_EDGE('',*,*,#4422,.F.);
#8182 = ORIENTED_EDGE('',*,*,#8183,.F.);
#8183 = EDGE_CURVE('',#4306,#4415,#8184,.T.);
#8184 = LINE('',#8185,#8186);
#8185 = CARTESIAN_POINT('',(-2.379496640897,-3.38,0.2479055467));
#8186 = VECTOR('',#8187,1.);
#8187 = DIRECTION('',(1.144237745222E-17,1.,0.));
#8188 = CYLINDRICAL_SURFACE('',#8189,0.3);
#8189 = AXIS2_PLACEMENT_3D('',#8190,#8191,#8192);
#8190 = CARTESIAN_POINT('',(-2.674938966801,-3.38,0.3));
#8191 = DIRECTION('',(-1.144237745222E-17,-1.,0.));
#8192 = DIRECTION('',(0.984807753012,-1.126854202784E-17,-0.173648177667
    ));
#8193 = ADVANCED_FACE('',(#8194),#8200,.F.);
#8194 = FACE_BOUND('',#8195,.F.);
#8195 = EDGE_LOOP('',(#8196,#8197,#8198,#8199));
#8196 = ORIENTED_EDGE('',*,*,#4396,.T.);
#8197 = ORIENTED_EDGE('',*,*,#4414,.T.);
#8198 = ORIENTED_EDGE('',*,*,#8183,.F.);
#8199 = ORIENTED_EDGE('',*,*,#4305,.F.);
#8200 = PLANE('',#8201);
#8201 = AXIS2_PLACEMENT_3D('',#8202,#8203,#8204);
#8202 = CARTESIAN_POINT('',(-2.298480775301,-3.38,0.742364817767));
#8203 = DIRECTION('',(-0.986841372087,1.129181146488E-17,0.161691392282)
  );
#8204 = DIRECTION('',(-0.161691392282,1.85013394127E-18,-0.986841372087)
  );
#8205 = ADVANCED_FACE('',(#8206),#8217,.T.);
#8206 = FACE_BOUND('',#8207,.T.);
#8207 = EDGE_LOOP('',(#8208,#8209,#8210,#8211));
#8208 = ORIENTED_EDGE('',*,*,#4586,.T.);
#8209 = ORIENTED_EDGE('',*,*,#7613,.T.);
#8210 = ORIENTED_EDGE('',*,*,#4695,.F.);
#8211 = ORIENTED_EDGE('',*,*,#8212,.F.);
#8212 = EDGE_CURVE('',#4579,#4688,#8213,.T.);
#8213 = LINE('',#8214,#8215);
#8214 = CARTESIAN_POINT('',(-2.495442325904,-2.11,0.7770944533));
#8215 = VECTOR('',#8216,1.);
#8216 = DIRECTION('',(1.144237745222E-17,1.,0.));
#8217 = CYLINDRICAL_SURFACE('',#8218,0.3);
#8218 = AXIS2_PLACEMENT_3D('',#8219,#8220,#8221);
#8219 = CARTESIAN_POINT('',(-2.2,-2.11,0.725));
#8220 = DIRECTION('',(-1.144237745222E-17,-1.,0.));
#8221 = DIRECTION('',(-0.984807753012,1.126854202784E-17,0.173648177667)
  );
#8222 = ADVANCED_FACE('',(#8223),#8234,.F.);
#8223 = FACE_BOUND('',#8224,.F.);
#8224 = EDGE_LOOP('',(#8225,#8231,#8232,#8233));
#8225 = ORIENTED_EDGE('',*,*,#8226,.T.);
#8226 = EDGE_CURVE('',#4570,#4679,#8227,.T.);
#8227 = LINE('',#8228,#8229);
#8228 = CARTESIAN_POINT('',(-2.5764581915,-2.11,0.282635182233));
#8229 = VECTOR('',#8230,1.);
#8230 = DIRECTION('',(1.144237745222E-17,1.,0.));
#8231 = ORIENTED_EDGE('',*,*,#4687,.T.);
#8232 = ORIENTED_EDGE('',*,*,#8212,.F.);
#8233 = ORIENTED_EDGE('',*,*,#4578,.F.);
#8234 = PLANE('',#8235);
#8235 = AXIS2_PLACEMENT_3D('',#8236,#8237,#8238);
#8236 = CARTESIAN_POINT('',(-2.5764581915,-2.11,0.282635182233));
#8237 = DIRECTION('',(0.986841372087,-1.129181146488E-17,-0.161691392282
    ));
#8238 = DIRECTION('',(0.161691392282,-1.85013394127E-18,0.986841372087)
  );
#8239 = ADVANCED_FACE('',(#8240),#8251,.F.);
#8240 = FACE_BOUND('',#8241,.F.);
#8241 = EDGE_LOOP('',(#8242,#8248,#8249,#8250));
#8242 = ORIENTED_EDGE('',*,*,#8243,.T.);
#8243 = EDGE_CURVE('',#4562,#4671,#8244,.T.);
#8244 = LINE('',#8245,#8246);
#8245 = CARTESIAN_POINT('',(-2.674938966801,-2.11,0.2));
#8246 = VECTOR('',#8247,1.);
#8247 = DIRECTION('',(1.144237745222E-17,1.,0.));
#8248 = ORIENTED_EDGE('',*,*,#4678,.T.);
#8249 = ORIENTED_EDGE('',*,*,#8226,.F.);
#8250 = ORIENTED_EDGE('',*,*,#4569,.F.);
#8251 = CYLINDRICAL_SURFACE('',#8252,0.1);
#8252 = AXIS2_PLACEMENT_3D('',#8253,#8254,#8255);
#8253 = CARTESIAN_POINT('',(-2.674938966801,-2.11,0.3));
#8254 = DIRECTION('',(-1.144237745222E-17,-1.,0.));
#8255 = DIRECTION('',(-0.,0.,-1.));
#8256 = ADVANCED_FACE('',(#8257),#8268,.F.);
#8257 = FACE_BOUND('',#8258,.F.);
#8258 = EDGE_LOOP('',(#8259,#8265,#8266,#8267));
#8259 = ORIENTED_EDGE('',*,*,#8260,.T.);
#8260 = EDGE_CURVE('',#4554,#4663,#8261,.T.);
#8261 = LINE('',#8262,#8263);
#8262 = CARTESIAN_POINT('',(-3.,-2.11,0.2));
#8263 = VECTOR('',#8264,1.);
#8264 = DIRECTION('',(1.144237745222E-17,1.,0.));
#8265 = ORIENTED_EDGE('',*,*,#4670,.T.);
#8266 = ORIENTED_EDGE('',*,*,#8243,.F.);
#8267 = ORIENTED_EDGE('',*,*,#4561,.F.);
#8268 = PLANE('',#8269);
#8269 = AXIS2_PLACEMENT_3D('',#8270,#8271,#8272);
#8270 = CARTESIAN_POINT('',(-3.,-2.11,0.2));
#8271 = DIRECTION('',(0.,0.,-1.));
#8272 = DIRECTION('',(1.,-1.144237745222E-17,0.));
#8273 = ADVANCED_FACE('',(#8274),#8285,.F.);
#8274 = FACE_BOUND('',#8275,.F.);
#8275 = EDGE_LOOP('',(#8276,#8282,#8283,#8284));
#8276 = ORIENTED_EDGE('',*,*,#8277,.T.);
#8277 = EDGE_CURVE('',#4546,#4655,#8278,.T.);
#8278 = LINE('',#8279,#8280);
#8279 = CARTESIAN_POINT('',(-3.,-2.11,0.));
#8280 = VECTOR('',#8281,1.);
#8281 = DIRECTION('',(1.144237745222E-17,1.,0.));
#8282 = ORIENTED_EDGE('',*,*,#4662,.T.);
#8283 = ORIENTED_EDGE('',*,*,#8260,.F.);
#8284 = ORIENTED_EDGE('',*,*,#4553,.F.);
#8285 = PLANE('',#8286);
#8286 = AXIS2_PLACEMENT_3D('',#8287,#8288,#8289);
#8287 = CARTESIAN_POINT('',(-3.,-2.11,0.));
#8288 = DIRECTION('',(1.,-1.144237745222E-17,0.));
#8289 = DIRECTION('',(0.,0.,1.));
#8290 = ADVANCED_FACE('',(#8291),#8302,.F.);
#8291 = FACE_BOUND('',#8292,.F.);
#8292 = EDGE_LOOP('',(#8293,#8299,#8300,#8301));
#8293 = ORIENTED_EDGE('',*,*,#8294,.T.);
#8294 = EDGE_CURVE('',#4537,#4646,#8295,.T.);
#8295 = LINE('',#8296,#8297);
#8296 = CARTESIAN_POINT('',(-2.674938966801,-2.11,0.));
#8297 = VECTOR('',#8298,1.);
#8298 = DIRECTION('',(1.144237745222E-17,1.,0.));
#8299 = ORIENTED_EDGE('',*,*,#4654,.T.);
#8300 = ORIENTED_EDGE('',*,*,#8277,.F.);
#8301 = ORIENTED_EDGE('',*,*,#4545,.F.);
#8302 = PLANE('',#8303);
#8303 = AXIS2_PLACEMENT_3D('',#8304,#8305,#8306);
#8304 = CARTESIAN_POINT('',(-2.674938966801,-2.11,0.));
#8305 = DIRECTION('',(0.,0.,1.));
#8306 = DIRECTION('',(-1.,1.144237745222E-17,0.));
#8307 = ADVANCED_FACE('',(#8308),#8319,.T.);
#8308 = FACE_BOUND('',#8309,.T.);
#8309 = EDGE_LOOP('',(#8310,#8311,#8312,#8313));
#8310 = ORIENTED_EDGE('',*,*,#4536,.T.);
#8311 = ORIENTED_EDGE('',*,*,#8294,.T.);
#8312 = ORIENTED_EDGE('',*,*,#4645,.F.);
#8313 = ORIENTED_EDGE('',*,*,#8314,.F.);
#8314 = EDGE_CURVE('',#4529,#4638,#8315,.T.);
#8315 = LINE('',#8316,#8317);
#8316 = CARTESIAN_POINT('',(-2.379496640897,-2.11,0.2479055467));
#8317 = VECTOR('',#8318,1.);
#8318 = DIRECTION('',(1.144237745222E-17,1.,0.));
#8319 = CYLINDRICAL_SURFACE('',#8320,0.3);
#8320 = AXIS2_PLACEMENT_3D('',#8321,#8322,#8323);
#8321 = CARTESIAN_POINT('',(-2.674938966801,-2.11,0.3));
#8322 = DIRECTION('',(-1.144237745222E-17,-1.,0.));
#8323 = DIRECTION('',(0.984807753012,-1.126854202784E-17,-0.173648177667
    ));
#8324 = ADVANCED_FACE('',(#8325),#8331,.F.);
#8325 = FACE_BOUND('',#8326,.F.);
#8326 = EDGE_LOOP('',(#8327,#8328,#8329,#8330));
#8327 = ORIENTED_EDGE('',*,*,#4619,.T.);
#8328 = ORIENTED_EDGE('',*,*,#4637,.T.);
#8329 = ORIENTED_EDGE('',*,*,#8314,.F.);
#8330 = ORIENTED_EDGE('',*,*,#4528,.F.);
#8331 = PLANE('',#8332);
#8332 = AXIS2_PLACEMENT_3D('',#8333,#8334,#8335);
#8333 = CARTESIAN_POINT('',(-2.298480775301,-2.11,0.742364817767));
#8334 = DIRECTION('',(-0.986841372087,1.129181146488E-17,0.161691392282)
  );
#8335 = DIRECTION('',(-0.161691392282,1.85013394127E-18,-0.986841372087)
  );
#8336 = ADVANCED_FACE('',(#8337),#8348,.T.);
#8337 = FACE_BOUND('',#8338,.T.);
#8338 = EDGE_LOOP('',(#8339,#8340,#8341,#8342));
#8339 = ORIENTED_EDGE('',*,*,#4809,.T.);
#8340 = ORIENTED_EDGE('',*,*,#7632,.T.);
#8341 = ORIENTED_EDGE('',*,*,#4918,.F.);
#8342 = ORIENTED_EDGE('',*,*,#8343,.F.);
#8343 = EDGE_CURVE('',#4802,#4911,#8344,.T.);
#8344 = LINE('',#8345,#8346);
#8345 = CARTESIAN_POINT('',(-2.495442325904,-0.84,0.7770944533));
#8346 = VECTOR('',#8347,1.);
#8347 = DIRECTION('',(1.144237745222E-17,1.,0.));
#8348 = CYLINDRICAL_SURFACE('',#8349,0.3);
#8349 = AXIS2_PLACEMENT_3D('',#8350,#8351,#8352);
#8350 = CARTESIAN_POINT('',(-2.2,-0.84,0.725));
#8351 = DIRECTION('',(-1.144237745222E-17,-1.,0.));
#8352 = DIRECTION('',(-0.984807753012,1.126854202784E-17,0.173648177667)
  );
#8353 = ADVANCED_FACE('',(#8354),#8365,.F.);
#8354 = FACE_BOUND('',#8355,.F.);
#8355 = EDGE_LOOP('',(#8356,#8362,#8363,#8364));
#8356 = ORIENTED_EDGE('',*,*,#8357,.T.);
#8357 = EDGE_CURVE('',#4793,#4902,#8358,.T.);
#8358 = LINE('',#8359,#8360);
#8359 = CARTESIAN_POINT('',(-2.5764581915,-0.84,0.282635182233));
#8360 = VECTOR('',#8361,1.);
#8361 = DIRECTION('',(1.144237745222E-17,1.,0.));
#8362 = ORIENTED_EDGE('',*,*,#4910,.T.);
#8363 = ORIENTED_EDGE('',*,*,#8343,.F.);
#8364 = ORIENTED_EDGE('',*,*,#4801,.F.);
#8365 = PLANE('',#8366);
#8366 = AXIS2_PLACEMENT_3D('',#8367,#8368,#8369);
#8367 = CARTESIAN_POINT('',(-2.5764581915,-0.84,0.282635182233));
#8368 = DIRECTION('',(0.986841372087,-1.129181146488E-17,-0.161691392282
    ));
#8369 = DIRECTION('',(0.161691392282,-1.85013394127E-18,0.986841372087)
  );
#8370 = ADVANCED_FACE('',(#8371),#8382,.F.);
#8371 = FACE_BOUND('',#8372,.F.);
#8372 = EDGE_LOOP('',(#8373,#8379,#8380,#8381));
#8373 = ORIENTED_EDGE('',*,*,#8374,.T.);
#8374 = EDGE_CURVE('',#4785,#4894,#8375,.T.);
#8375 = LINE('',#8376,#8377);
#8376 = CARTESIAN_POINT('',(-2.674938966801,-0.84,0.2));
#8377 = VECTOR('',#8378,1.);
#8378 = DIRECTION('',(1.144237745222E-17,1.,0.));
#8379 = ORIENTED_EDGE('',*,*,#4901,.T.);
#8380 = ORIENTED_EDGE('',*,*,#8357,.F.);
#8381 = ORIENTED_EDGE('',*,*,#4792,.F.);
#8382 = CYLINDRICAL_SURFACE('',#8383,0.1);
#8383 = AXIS2_PLACEMENT_3D('',#8384,#8385,#8386);
#8384 = CARTESIAN_POINT('',(-2.674938966801,-0.84,0.3));
#8385 = DIRECTION('',(-1.144237745222E-17,-1.,0.));
#8386 = DIRECTION('',(-0.,0.,-1.));
#8387 = ADVANCED_FACE('',(#8388),#8399,.F.);
#8388 = FACE_BOUND('',#8389,.F.);
#8389 = EDGE_LOOP('',(#8390,#8396,#8397,#8398));
#8390 = ORIENTED_EDGE('',*,*,#8391,.T.);
#8391 = EDGE_CURVE('',#4777,#4886,#8392,.T.);
#8392 = LINE('',#8393,#8394);
#8393 = CARTESIAN_POINT('',(-3.,-0.84,0.2));
#8394 = VECTOR('',#8395,1.);
#8395 = DIRECTION('',(1.144237745222E-17,1.,0.));
#8396 = ORIENTED_EDGE('',*,*,#4893,.T.);
#8397 = ORIENTED_EDGE('',*,*,#8374,.F.);
#8398 = ORIENTED_EDGE('',*,*,#4784,.F.);
#8399 = PLANE('',#8400);
#8400 = AXIS2_PLACEMENT_3D('',#8401,#8402,#8403);
#8401 = CARTESIAN_POINT('',(-3.,-0.84,0.2));
#8402 = DIRECTION('',(0.,0.,-1.));
#8403 = DIRECTION('',(1.,-1.144237745222E-17,0.));
#8404 = ADVANCED_FACE('',(#8405),#8416,.F.);
#8405 = FACE_BOUND('',#8406,.F.);
#8406 = EDGE_LOOP('',(#8407,#8413,#8414,#8415));
#8407 = ORIENTED_EDGE('',*,*,#8408,.T.);
#8408 = EDGE_CURVE('',#4769,#4878,#8409,.T.);
#8409 = LINE('',#8410,#8411);
#8410 = CARTESIAN_POINT('',(-3.,-0.84,0.));
#8411 = VECTOR('',#8412,1.);
#8412 = DIRECTION('',(1.144237745222E-17,1.,0.));
#8413 = ORIENTED_EDGE('',*,*,#4885,.T.);
#8414 = ORIENTED_EDGE('',*,*,#8391,.F.);
#8415 = ORIENTED_EDGE('',*,*,#4776,.F.);
#8416 = PLANE('',#8417);
#8417 = AXIS2_PLACEMENT_3D('',#8418,#8419,#8420);
#8418 = CARTESIAN_POINT('',(-3.,-0.84,0.));
#8419 = DIRECTION('',(1.,-1.144237745222E-17,0.));
#8420 = DIRECTION('',(0.,0.,1.));
#8421 = ADVANCED_FACE('',(#8422),#8433,.F.);
#8422 = FACE_BOUND('',#8423,.F.);
#8423 = EDGE_LOOP('',(#8424,#8430,#8431,#8432));
#8424 = ORIENTED_EDGE('',*,*,#8425,.T.);
#8425 = EDGE_CURVE('',#4760,#4869,#8426,.T.);
#8426 = LINE('',#8427,#8428);
#8427 = CARTESIAN_POINT('',(-2.674938966801,-0.84,0.));
#8428 = VECTOR('',#8429,1.);
#8429 = DIRECTION('',(1.144237745222E-17,1.,0.));
#8430 = ORIENTED_EDGE('',*,*,#4877,.T.);
#8431 = ORIENTED_EDGE('',*,*,#8408,.F.);
#8432 = ORIENTED_EDGE('',*,*,#4768,.F.);
#8433 = PLANE('',#8434);
#8434 = AXIS2_PLACEMENT_3D('',#8435,#8436,#8437);
#8435 = CARTESIAN_POINT('',(-2.674938966801,-0.84,0.));
#8436 = DIRECTION('',(0.,0.,1.));
#8437 = DIRECTION('',(-1.,1.144237745222E-17,0.));
#8438 = ADVANCED_FACE('',(#8439),#8450,.T.);
#8439 = FACE_BOUND('',#8440,.T.);
#8440 = EDGE_LOOP('',(#8441,#8442,#8443,#8444));
#8441 = ORIENTED_EDGE('',*,*,#4759,.T.);
#8442 = ORIENTED_EDGE('',*,*,#8425,.T.);
#8443 = ORIENTED_EDGE('',*,*,#4868,.F.);
#8444 = ORIENTED_EDGE('',*,*,#8445,.F.);
#8445 = EDGE_CURVE('',#4752,#4861,#8446,.T.);
#8446 = LINE('',#8447,#8448);
#8447 = CARTESIAN_POINT('',(-2.379496640897,-0.84,0.2479055467));
#8448 = VECTOR('',#8449,1.);
#8449 = DIRECTION('',(1.144237745222E-17,1.,0.));
#8450 = CYLINDRICAL_SURFACE('',#8451,0.3);
#8451 = AXIS2_PLACEMENT_3D('',#8452,#8453,#8454);
#8452 = CARTESIAN_POINT('',(-2.674938966801,-0.84,0.3));
#8453 = DIRECTION('',(-1.144237745222E-17,-1.,0.));
#8454 = DIRECTION('',(0.984807753012,-1.126854202784E-17,-0.173648177667
    ));
#8455 = ADVANCED_FACE('',(#8456),#8462,.F.);
#8456 = FACE_BOUND('',#8457,.F.);
#8457 = EDGE_LOOP('',(#8458,#8459,#8460,#8461));
#8458 = ORIENTED_EDGE('',*,*,#4842,.T.);
#8459 = ORIENTED_EDGE('',*,*,#4860,.T.);
#8460 = ORIENTED_EDGE('',*,*,#8445,.F.);
#8461 = ORIENTED_EDGE('',*,*,#4751,.F.);
#8462 = PLANE('',#8463);
#8463 = AXIS2_PLACEMENT_3D('',#8464,#8465,#8466);
#8464 = CARTESIAN_POINT('',(-2.298480775301,-0.84,0.742364817767));
#8465 = DIRECTION('',(-0.986841372087,1.129181146488E-17,0.161691392282)
  );
#8466 = DIRECTION('',(-0.161691392282,1.85013394127E-18,-0.986841372087)
  );
#8467 = ADVANCED_FACE('',(#8468),#8479,.T.);
#8468 = FACE_BOUND('',#8469,.T.);
#8469 = EDGE_LOOP('',(#8470,#8471,#8472,#8473));
#8470 = ORIENTED_EDGE('',*,*,#5032,.T.);
#8471 = ORIENTED_EDGE('',*,*,#7651,.T.);
#8472 = ORIENTED_EDGE('',*,*,#5141,.F.);
#8473 = ORIENTED_EDGE('',*,*,#8474,.F.);
#8474 = EDGE_CURVE('',#5025,#5134,#8475,.T.);
#8475 = LINE('',#8476,#8477);
#8476 = CARTESIAN_POINT('',(-2.495442325904,0.43,0.7770944533));
#8477 = VECTOR('',#8478,1.);
#8478 = DIRECTION('',(1.144237745222E-17,1.,0.));
#8479 = CYLINDRICAL_SURFACE('',#8480,0.3);
#8480 = AXIS2_PLACEMENT_3D('',#8481,#8482,#8483);
#8481 = CARTESIAN_POINT('',(-2.2,0.43,0.725));
#8482 = DIRECTION('',(-1.144237745222E-17,-1.,0.));
#8483 = DIRECTION('',(-0.984807753012,1.126854202784E-17,0.173648177667)
  );
#8484 = ADVANCED_FACE('',(#8485),#8496,.F.);
#8485 = FACE_BOUND('',#8486,.F.);
#8486 = EDGE_LOOP('',(#8487,#8493,#8494,#8495));
#8487 = ORIENTED_EDGE('',*,*,#8488,.T.);
#8488 = EDGE_CURVE('',#5016,#5125,#8489,.T.);
#8489 = LINE('',#8490,#8491);
#8490 = CARTESIAN_POINT('',(-2.5764581915,0.43,0.282635182233));
#8491 = VECTOR('',#8492,1.);
#8492 = DIRECTION('',(1.144237745222E-17,1.,0.));
#8493 = ORIENTED_EDGE('',*,*,#5133,.T.);
#8494 = ORIENTED_EDGE('',*,*,#8474,.F.);
#8495 = ORIENTED_EDGE('',*,*,#5024,.F.);
#8496 = PLANE('',#8497);
#8497 = AXIS2_PLACEMENT_3D('',#8498,#8499,#8500);
#8498 = CARTESIAN_POINT('',(-2.5764581915,0.43,0.282635182233));
#8499 = DIRECTION('',(0.986841372087,-1.129181146488E-17,-0.161691392282
    ));
#8500 = DIRECTION('',(0.161691392282,-1.85013394127E-18,0.986841372087)
  );
#8501 = ADVANCED_FACE('',(#8502),#8513,.F.);
#8502 = FACE_BOUND('',#8503,.F.);
#8503 = EDGE_LOOP('',(#8504,#8510,#8511,#8512));
#8504 = ORIENTED_EDGE('',*,*,#8505,.T.);
#8505 = EDGE_CURVE('',#5008,#5117,#8506,.T.);
#8506 = LINE('',#8507,#8508);
#8507 = CARTESIAN_POINT('',(-2.674938966801,0.43,0.2));
#8508 = VECTOR('',#8509,1.);
#8509 = DIRECTION('',(1.144237745222E-17,1.,0.));
#8510 = ORIENTED_EDGE('',*,*,#5124,.T.);
#8511 = ORIENTED_EDGE('',*,*,#8488,.F.);
#8512 = ORIENTED_EDGE('',*,*,#5015,.F.);
#8513 = CYLINDRICAL_SURFACE('',#8514,0.1);
#8514 = AXIS2_PLACEMENT_3D('',#8515,#8516,#8517);
#8515 = CARTESIAN_POINT('',(-2.674938966801,0.43,0.3));
#8516 = DIRECTION('',(-1.144237745222E-17,-1.,0.));
#8517 = DIRECTION('',(-0.,0.,-1.));
#8518 = ADVANCED_FACE('',(#8519),#8530,.F.);
#8519 = FACE_BOUND('',#8520,.F.);
#8520 = EDGE_LOOP('',(#8521,#8527,#8528,#8529));
#8521 = ORIENTED_EDGE('',*,*,#8522,.T.);
#8522 = EDGE_CURVE('',#5000,#5109,#8523,.T.);
#8523 = LINE('',#8524,#8525);
#8524 = CARTESIAN_POINT('',(-3.,0.43,0.2));
#8525 = VECTOR('',#8526,1.);
#8526 = DIRECTION('',(1.144237745222E-17,1.,0.));
#8527 = ORIENTED_EDGE('',*,*,#5116,.T.);
#8528 = ORIENTED_EDGE('',*,*,#8505,.F.);
#8529 = ORIENTED_EDGE('',*,*,#5007,.F.);
#8530 = PLANE('',#8531);
#8531 = AXIS2_PLACEMENT_3D('',#8532,#8533,#8534);
#8532 = CARTESIAN_POINT('',(-3.,0.43,0.2));
#8533 = DIRECTION('',(0.,0.,-1.));
#8534 = DIRECTION('',(1.,-1.144237745222E-17,0.));
#8535 = ADVANCED_FACE('',(#8536),#8547,.F.);
#8536 = FACE_BOUND('',#8537,.F.);
#8537 = EDGE_LOOP('',(#8538,#8544,#8545,#8546));
#8538 = ORIENTED_EDGE('',*,*,#8539,.T.);
#8539 = EDGE_CURVE('',#4992,#5101,#8540,.T.);
#8540 = LINE('',#8541,#8542);
#8541 = CARTESIAN_POINT('',(-3.,0.43,0.));
#8542 = VECTOR('',#8543,1.);
#8543 = DIRECTION('',(1.144237745222E-17,1.,0.));
#8544 = ORIENTED_EDGE('',*,*,#5108,.T.);
#8545 = ORIENTED_EDGE('',*,*,#8522,.F.);
#8546 = ORIENTED_EDGE('',*,*,#4999,.F.);
#8547 = PLANE('',#8548);
#8548 = AXIS2_PLACEMENT_3D('',#8549,#8550,#8551);
#8549 = CARTESIAN_POINT('',(-3.,0.43,0.));
#8550 = DIRECTION('',(1.,-1.144237745222E-17,0.));
#8551 = DIRECTION('',(0.,0.,1.));
#8552 = ADVANCED_FACE('',(#8553),#8564,.F.);
#8553 = FACE_BOUND('',#8554,.F.);
#8554 = EDGE_LOOP('',(#8555,#8561,#8562,#8563));
#8555 = ORIENTED_EDGE('',*,*,#8556,.T.);
#8556 = EDGE_CURVE('',#4983,#5092,#8557,.T.);
#8557 = LINE('',#8558,#8559);
#8558 = CARTESIAN_POINT('',(-2.674938966801,0.43,0.));
#8559 = VECTOR('',#8560,1.);
#8560 = DIRECTION('',(1.144237745222E-17,1.,0.));
#8561 = ORIENTED_EDGE('',*,*,#5100,.T.);
#8562 = ORIENTED_EDGE('',*,*,#8539,.F.);
#8563 = ORIENTED_EDGE('',*,*,#4991,.F.);
#8564 = PLANE('',#8565);
#8565 = AXIS2_PLACEMENT_3D('',#8566,#8567,#8568);
#8566 = CARTESIAN_POINT('',(-2.674938966801,0.43,0.));
#8567 = DIRECTION('',(0.,0.,1.));
#8568 = DIRECTION('',(-1.,1.144237745222E-17,0.));
#8569 = ADVANCED_FACE('',(#8570),#8581,.T.);
#8570 = FACE_BOUND('',#8571,.T.);
#8571 = EDGE_LOOP('',(#8572,#8573,#8574,#8575));
#8572 = ORIENTED_EDGE('',*,*,#4982,.T.);
#8573 = ORIENTED_EDGE('',*,*,#8556,.T.);
#8574 = ORIENTED_EDGE('',*,*,#5091,.F.);
#8575 = ORIENTED_EDGE('',*,*,#8576,.F.);
#8576 = EDGE_CURVE('',#4975,#5084,#8577,.T.);
#8577 = LINE('',#8578,#8579);
#8578 = CARTESIAN_POINT('',(-2.379496640897,0.43,0.2479055467));
#8579 = VECTOR('',#8580,1.);
#8580 = DIRECTION('',(1.144237745222E-17,1.,0.));
#8581 = CYLINDRICAL_SURFACE('',#8582,0.3);
#8582 = AXIS2_PLACEMENT_3D('',#8583,#8584,#8585);
#8583 = CARTESIAN_POINT('',(-2.674938966801,0.43,0.3));
#8584 = DIRECTION('',(-1.144237745222E-17,-1.,0.));
#8585 = DIRECTION('',(0.984807753012,-1.126854202784E-17,-0.173648177667
    ));
#8586 = ADVANCED_FACE('',(#8587),#8593,.F.);
#8587 = FACE_BOUND('',#8588,.F.);
#8588 = EDGE_LOOP('',(#8589,#8590,#8591,#8592));
#8589 = ORIENTED_EDGE('',*,*,#5065,.T.);
#8590 = ORIENTED_EDGE('',*,*,#5083,.T.);
#8591 = ORIENTED_EDGE('',*,*,#8576,.F.);
#8592 = ORIENTED_EDGE('',*,*,#4974,.F.);
#8593 = PLANE('',#8594);
#8594 = AXIS2_PLACEMENT_3D('',#8595,#8596,#8597);
#8595 = CARTESIAN_POINT('',(-2.298480775301,0.43,0.742364817767));
#8596 = DIRECTION('',(-0.986841372087,1.129181146488E-17,0.161691392282)
  );
#8597 = DIRECTION('',(-0.161691392282,1.85013394127E-18,-0.986841372087)
  );
#8598 = ADVANCED_FACE('',(#8599),#8610,.T.);
#8599 = FACE_BOUND('',#8600,.T.);
#8600 = EDGE_LOOP('',(#8601,#8602,#8603,#8604));
#8601 = ORIENTED_EDGE('',*,*,#5255,.T.);
#8602 = ORIENTED_EDGE('',*,*,#7670,.T.);
#8603 = ORIENTED_EDGE('',*,*,#5364,.F.);
#8604 = ORIENTED_EDGE('',*,*,#8605,.F.);
#8605 = EDGE_CURVE('',#5248,#5357,#8606,.T.);
#8606 = LINE('',#8607,#8608);
#8607 = CARTESIAN_POINT('',(-2.495442325904,1.7,0.7770944533));
#8608 = VECTOR('',#8609,1.);
#8609 = DIRECTION('',(1.144237745222E-17,1.,0.));
#8610 = CYLINDRICAL_SURFACE('',#8611,0.3);
#8611 = AXIS2_PLACEMENT_3D('',#8612,#8613,#8614);
#8612 = CARTESIAN_POINT('',(-2.2,1.7,0.725));
#8613 = DIRECTION('',(-1.144237745222E-17,-1.,0.));
#8614 = DIRECTION('',(-0.984807753012,1.126854202784E-17,0.173648177667)
  );
#8615 = ADVANCED_FACE('',(#8616),#8627,.F.);
#8616 = FACE_BOUND('',#8617,.F.);
#8617 = EDGE_LOOP('',(#8618,#8624,#8625,#8626));
#8618 = ORIENTED_EDGE('',*,*,#8619,.T.);
#8619 = EDGE_CURVE('',#5239,#5348,#8620,.T.);
#8620 = LINE('',#8621,#8622);
#8621 = CARTESIAN_POINT('',(-2.5764581915,1.7,0.282635182233));
#8622 = VECTOR('',#8623,1.);
#8623 = DIRECTION('',(1.144237745222E-17,1.,0.));
#8624 = ORIENTED_EDGE('',*,*,#5356,.T.);
#8625 = ORIENTED_EDGE('',*,*,#8605,.F.);
#8626 = ORIENTED_EDGE('',*,*,#5247,.F.);
#8627 = PLANE('',#8628);
#8628 = AXIS2_PLACEMENT_3D('',#8629,#8630,#8631);
#8629 = CARTESIAN_POINT('',(-2.5764581915,1.7,0.282635182233));
#8630 = DIRECTION('',(0.986841372087,-1.129181146488E-17,-0.161691392282
    ));
#8631 = DIRECTION('',(0.161691392282,-1.85013394127E-18,0.986841372087)
  );
#8632 = ADVANCED_FACE('',(#8633),#8644,.F.);
#8633 = FACE_BOUND('',#8634,.F.);
#8634 = EDGE_LOOP('',(#8635,#8641,#8642,#8643));
#8635 = ORIENTED_EDGE('',*,*,#8636,.T.);
#8636 = EDGE_CURVE('',#5231,#5340,#8637,.T.);
#8637 = LINE('',#8638,#8639);
#8638 = CARTESIAN_POINT('',(-2.674938966801,1.7,0.2));
#8639 = VECTOR('',#8640,1.);
#8640 = DIRECTION('',(1.144237745222E-17,1.,0.));
#8641 = ORIENTED_EDGE('',*,*,#5347,.T.);
#8642 = ORIENTED_EDGE('',*,*,#8619,.F.);
#8643 = ORIENTED_EDGE('',*,*,#5238,.F.);
#8644 = CYLINDRICAL_SURFACE('',#8645,0.1);
#8645 = AXIS2_PLACEMENT_3D('',#8646,#8647,#8648);
#8646 = CARTESIAN_POINT('',(-2.674938966801,1.7,0.3));
#8647 = DIRECTION('',(-1.144237745222E-17,-1.,0.));
#8648 = DIRECTION('',(-0.,0.,-1.));
#8649 = ADVANCED_FACE('',(#8650),#8661,.F.);
#8650 = FACE_BOUND('',#8651,.F.);
#8651 = EDGE_LOOP('',(#8652,#8658,#8659,#8660));
#8652 = ORIENTED_EDGE('',*,*,#8653,.T.);
#8653 = EDGE_CURVE('',#5223,#5332,#8654,.T.);
#8654 = LINE('',#8655,#8656);
#8655 = CARTESIAN_POINT('',(-3.,1.7,0.2));
#8656 = VECTOR('',#8657,1.);
#8657 = DIRECTION('',(1.144237745222E-17,1.,0.));
#8658 = ORIENTED_EDGE('',*,*,#5339,.T.);
#8659 = ORIENTED_EDGE('',*,*,#8636,.F.);
#8660 = ORIENTED_EDGE('',*,*,#5230,.F.);
#8661 = PLANE('',#8662);
#8662 = AXIS2_PLACEMENT_3D('',#8663,#8664,#8665);
#8663 = CARTESIAN_POINT('',(-3.,1.7,0.2));
#8664 = DIRECTION('',(0.,0.,-1.));
#8665 = DIRECTION('',(1.,-1.144237745222E-17,0.));
#8666 = ADVANCED_FACE('',(#8667),#8678,.F.);
#8667 = FACE_BOUND('',#8668,.F.);
#8668 = EDGE_LOOP('',(#8669,#8675,#8676,#8677));
#8669 = ORIENTED_EDGE('',*,*,#8670,.T.);
#8670 = EDGE_CURVE('',#5215,#5324,#8671,.T.);
#8671 = LINE('',#8672,#8673);
#8672 = CARTESIAN_POINT('',(-3.,1.7,0.));
#8673 = VECTOR('',#8674,1.);
#8674 = DIRECTION('',(1.144237745222E-17,1.,0.));
#8675 = ORIENTED_EDGE('',*,*,#5331,.T.);
#8676 = ORIENTED_EDGE('',*,*,#8653,.F.);
#8677 = ORIENTED_EDGE('',*,*,#5222,.F.);
#8678 = PLANE('',#8679);
#8679 = AXIS2_PLACEMENT_3D('',#8680,#8681,#8682);
#8680 = CARTESIAN_POINT('',(-3.,1.7,0.));
#8681 = DIRECTION('',(1.,-1.144237745222E-17,0.));
#8682 = DIRECTION('',(0.,0.,1.));
#8683 = ADVANCED_FACE('',(#8684),#8695,.F.);
#8684 = FACE_BOUND('',#8685,.F.);
#8685 = EDGE_LOOP('',(#8686,#8692,#8693,#8694));
#8686 = ORIENTED_EDGE('',*,*,#8687,.T.);
#8687 = EDGE_CURVE('',#5206,#5315,#8688,.T.);
#8688 = LINE('',#8689,#8690);
#8689 = CARTESIAN_POINT('',(-2.674938966801,1.7,0.));
#8690 = VECTOR('',#8691,1.);
#8691 = DIRECTION('',(1.144237745222E-17,1.,0.));
#8692 = ORIENTED_EDGE('',*,*,#5323,.T.);
#8693 = ORIENTED_EDGE('',*,*,#8670,.F.);
#8694 = ORIENTED_EDGE('',*,*,#5214,.F.);
#8695 = PLANE('',#8696);
#8696 = AXIS2_PLACEMENT_3D('',#8697,#8698,#8699);
#8697 = CARTESIAN_POINT('',(-2.674938966801,1.7,0.));
#8698 = DIRECTION('',(0.,0.,1.));
#8699 = DIRECTION('',(-1.,1.144237745222E-17,0.));
#8700 = ADVANCED_FACE('',(#8701),#8712,.T.);
#8701 = FACE_BOUND('',#8702,.T.);
#8702 = EDGE_LOOP('',(#8703,#8704,#8705,#8706));
#8703 = ORIENTED_EDGE('',*,*,#5205,.T.);
#8704 = ORIENTED_EDGE('',*,*,#8687,.T.);
#8705 = ORIENTED_EDGE('',*,*,#5314,.F.);
#8706 = ORIENTED_EDGE('',*,*,#8707,.F.);
#8707 = EDGE_CURVE('',#5198,#5307,#8708,.T.);
#8708 = LINE('',#8709,#8710);
#8709 = CARTESIAN_POINT('',(-2.379496640897,1.7,0.2479055467));
#8710 = VECTOR('',#8711,1.);
#8711 = DIRECTION('',(1.144237745222E-17,1.,0.));
#8712 = CYLINDRICAL_SURFACE('',#8713,0.3);
#8713 = AXIS2_PLACEMENT_3D('',#8714,#8715,#8716);
#8714 = CARTESIAN_POINT('',(-2.674938966801,1.7,0.3));
#8715 = DIRECTION('',(-1.144237745222E-17,-1.,0.));
#8716 = DIRECTION('',(0.984807753012,-1.126854202784E-17,-0.173648177667
    ));
#8717 = ADVANCED_FACE('',(#8718),#8724,.F.);
#8718 = FACE_BOUND('',#8719,.F.);
#8719 = EDGE_LOOP('',(#8720,#8721,#8722,#8723));
#8720 = ORIENTED_EDGE('',*,*,#5288,.T.);
#8721 = ORIENTED_EDGE('',*,*,#5306,.T.);
#8722 = ORIENTED_EDGE('',*,*,#8707,.F.);
#8723 = ORIENTED_EDGE('',*,*,#5197,.F.);
#8724 = PLANE('',#8725);
#8725 = AXIS2_PLACEMENT_3D('',#8726,#8727,#8728);
#8726 = CARTESIAN_POINT('',(-2.298480775301,1.7,0.742364817767));
#8727 = DIRECTION('',(-0.986841372087,1.129181146488E-17,0.161691392282)
  );
#8728 = DIRECTION('',(-0.161691392282,1.85013394127E-18,-0.986841372087)
  );
#8729 = ADVANCED_FACE('',(#8730),#8741,.T.);
#8730 = FACE_BOUND('',#8731,.T.);
#8731 = EDGE_LOOP('',(#8732,#8733,#8734,#8735));
#8732 = ORIENTED_EDGE('',*,*,#5478,.T.);
#8733 = ORIENTED_EDGE('',*,*,#7689,.T.);
#8734 = ORIENTED_EDGE('',*,*,#5587,.F.);
#8735 = ORIENTED_EDGE('',*,*,#8736,.F.);
#8736 = EDGE_CURVE('',#5471,#5580,#8737,.T.);
#8737 = LINE('',#8738,#8739);
#8738 = CARTESIAN_POINT('',(-2.495442325904,2.97,0.7770944533));
#8739 = VECTOR('',#8740,1.);
#8740 = DIRECTION('',(1.144237745222E-17,1.,0.));
#8741 = CYLINDRICAL_SURFACE('',#8742,0.3);
#8742 = AXIS2_PLACEMENT_3D('',#8743,#8744,#8745);
#8743 = CARTESIAN_POINT('',(-2.2,2.97,0.725));
#8744 = DIRECTION('',(-1.144237745222E-17,-1.,0.));
#8745 = DIRECTION('',(-0.984807753012,1.126854202784E-17,0.173648177667)
  );
#8746 = ADVANCED_FACE('',(#8747),#8758,.F.);
#8747 = FACE_BOUND('',#8748,.F.);
#8748 = EDGE_LOOP('',(#8749,#8755,#8756,#8757));
#8749 = ORIENTED_EDGE('',*,*,#8750,.T.);
#8750 = EDGE_CURVE('',#5462,#5571,#8751,.T.);
#8751 = LINE('',#8752,#8753);
#8752 = CARTESIAN_POINT('',(-2.5764581915,2.97,0.282635182233));
#8753 = VECTOR('',#8754,1.);
#8754 = DIRECTION('',(1.144237745222E-17,1.,0.));
#8755 = ORIENTED_EDGE('',*,*,#5579,.T.);
#8756 = ORIENTED_EDGE('',*,*,#8736,.F.);
#8757 = ORIENTED_EDGE('',*,*,#5470,.F.);
#8758 = PLANE('',#8759);
#8759 = AXIS2_PLACEMENT_3D('',#8760,#8761,#8762);
#8760 = CARTESIAN_POINT('',(-2.5764581915,2.97,0.282635182233));
#8761 = DIRECTION('',(0.986841372087,-1.129181146488E-17,-0.161691392282
    ));
#8762 = DIRECTION('',(0.161691392282,-1.85013394127E-18,0.986841372087)
  );
#8763 = ADVANCED_FACE('',(#8764),#8775,.F.);
#8764 = FACE_BOUND('',#8765,.F.);
#8765 = EDGE_LOOP('',(#8766,#8772,#8773,#8774));
#8766 = ORIENTED_EDGE('',*,*,#8767,.T.);
#8767 = EDGE_CURVE('',#5454,#5563,#8768,.T.);
#8768 = LINE('',#8769,#8770);
#8769 = CARTESIAN_POINT('',(-2.674938966801,2.97,0.2));
#8770 = VECTOR('',#8771,1.);
#8771 = DIRECTION('',(1.144237745222E-17,1.,0.));
#8772 = ORIENTED_EDGE('',*,*,#5570,.T.);
#8773 = ORIENTED_EDGE('',*,*,#8750,.F.);
#8774 = ORIENTED_EDGE('',*,*,#5461,.F.);
#8775 = CYLINDRICAL_SURFACE('',#8776,0.1);
#8776 = AXIS2_PLACEMENT_3D('',#8777,#8778,#8779);
#8777 = CARTESIAN_POINT('',(-2.674938966801,2.97,0.3));
#8778 = DIRECTION('',(-1.144237745222E-17,-1.,0.));
#8779 = DIRECTION('',(-0.,0.,-1.));
#8780 = ADVANCED_FACE('',(#8781),#8792,.F.);
#8781 = FACE_BOUND('',#8782,.F.);
#8782 = EDGE_LOOP('',(#8783,#8789,#8790,#8791));
#8783 = ORIENTED_EDGE('',*,*,#8784,.T.);
#8784 = EDGE_CURVE('',#5446,#5555,#8785,.T.);
#8785 = LINE('',#8786,#8787);
#8786 = CARTESIAN_POINT('',(-3.,2.97,0.2));
#8787 = VECTOR('',#8788,1.);
#8788 = DIRECTION('',(1.144237745222E-17,1.,0.));
#8789 = ORIENTED_EDGE('',*,*,#5562,.T.);
#8790 = ORIENTED_EDGE('',*,*,#8767,.F.);
#8791 = ORIENTED_EDGE('',*,*,#5453,.F.);
#8792 = PLANE('',#8793);
#8793 = AXIS2_PLACEMENT_3D('',#8794,#8795,#8796);
#8794 = CARTESIAN_POINT('',(-3.,2.97,0.2));
#8795 = DIRECTION('',(0.,0.,-1.));
#8796 = DIRECTION('',(1.,-1.144237745222E-17,0.));
#8797 = ADVANCED_FACE('',(#8798),#8809,.F.);
#8798 = FACE_BOUND('',#8799,.F.);
#8799 = EDGE_LOOP('',(#8800,#8806,#8807,#8808));
#8800 = ORIENTED_EDGE('',*,*,#8801,.T.);
#8801 = EDGE_CURVE('',#5438,#5547,#8802,.T.);
#8802 = LINE('',#8803,#8804);
#8803 = CARTESIAN_POINT('',(-3.,2.97,0.));
#8804 = VECTOR('',#8805,1.);
#8805 = DIRECTION('',(1.144237745222E-17,1.,0.));
#8806 = ORIENTED_EDGE('',*,*,#5554,.T.);
#8807 = ORIENTED_EDGE('',*,*,#8784,.F.);
#8808 = ORIENTED_EDGE('',*,*,#5445,.F.);
#8809 = PLANE('',#8810);
#8810 = AXIS2_PLACEMENT_3D('',#8811,#8812,#8813);
#8811 = CARTESIAN_POINT('',(-3.,2.97,0.));
#8812 = DIRECTION('',(1.,-1.144237745222E-17,0.));
#8813 = DIRECTION('',(0.,0.,1.));
#8814 = ADVANCED_FACE('',(#8815),#8826,.F.);
#8815 = FACE_BOUND('',#8816,.F.);
#8816 = EDGE_LOOP('',(#8817,#8823,#8824,#8825));
#8817 = ORIENTED_EDGE('',*,*,#8818,.T.);
#8818 = EDGE_CURVE('',#5429,#5538,#8819,.T.);
#8819 = LINE('',#8820,#8821);
#8820 = CARTESIAN_POINT('',(-2.674938966801,2.97,0.));
#8821 = VECTOR('',#8822,1.);
#8822 = DIRECTION('',(1.144237745222E-17,1.,0.));
#8823 = ORIENTED_EDGE('',*,*,#5546,.T.);
#8824 = ORIENTED_EDGE('',*,*,#8801,.F.);
#8825 = ORIENTED_EDGE('',*,*,#5437,.F.);
#8826 = PLANE('',#8827);
#8827 = AXIS2_PLACEMENT_3D('',#8828,#8829,#8830);
#8828 = CARTESIAN_POINT('',(-2.674938966801,2.97,0.));
#8829 = DIRECTION('',(0.,0.,1.));
#8830 = DIRECTION('',(-1.,1.144237745222E-17,0.));
#8831 = ADVANCED_FACE('',(#8832),#8843,.T.);
#8832 = FACE_BOUND('',#8833,.T.);
#8833 = EDGE_LOOP('',(#8834,#8835,#8836,#8837));
#8834 = ORIENTED_EDGE('',*,*,#5428,.T.);
#8835 = ORIENTED_EDGE('',*,*,#8818,.T.);
#8836 = ORIENTED_EDGE('',*,*,#5537,.F.);
#8837 = ORIENTED_EDGE('',*,*,#8838,.F.);
#8838 = EDGE_CURVE('',#5421,#5530,#8839,.T.);
#8839 = LINE('',#8840,#8841);
#8840 = CARTESIAN_POINT('',(-2.379496640897,2.97,0.2479055467));
#8841 = VECTOR('',#8842,1.);
#8842 = DIRECTION('',(1.144237745222E-17,1.,0.));
#8843 = CYLINDRICAL_SURFACE('',#8844,0.3);
#8844 = AXIS2_PLACEMENT_3D('',#8845,#8846,#8847);
#8845 = CARTESIAN_POINT('',(-2.674938966801,2.97,0.3));
#8846 = DIRECTION('',(-1.144237745222E-17,-1.,0.));
#8847 = DIRECTION('',(0.984807753012,-1.126854202784E-17,-0.173648177667
    ));
#8848 = ADVANCED_FACE('',(#8849),#8855,.F.);
#8849 = FACE_BOUND('',#8850,.F.);
#8850 = EDGE_LOOP('',(#8851,#8852,#8853,#8854));
#8851 = ORIENTED_EDGE('',*,*,#5511,.T.);
#8852 = ORIENTED_EDGE('',*,*,#5529,.T.);
#8853 = ORIENTED_EDGE('',*,*,#8838,.F.);
#8854 = ORIENTED_EDGE('',*,*,#5420,.F.);
#8855 = PLANE('',#8856);
#8856 = AXIS2_PLACEMENT_3D('',#8857,#8858,#8859);
#8857 = CARTESIAN_POINT('',(-2.298480775301,2.97,0.742364817767));
#8858 = DIRECTION('',(-0.986841372087,1.129181146488E-17,0.161691392282)
  );
#8859 = DIRECTION('',(-0.161691392282,1.85013394127E-18,-0.986841372087)
  );
#8860 = ADVANCED_FACE('',(#8861),#8872,.F.);
#8861 = FACE_BOUND('',#8862,.F.);
#8862 = EDGE_LOOP('',(#8863,#8869,#8870,#8871));
#8863 = ORIENTED_EDGE('',*,*,#8864,.T.);
#8864 = EDGE_CURVE('',#5680,#5782,#8865,.T.);
#8865 = LINE('',#8866,#8867);
#8866 = CARTESIAN_POINT('',(-2.5764581915,4.24,0.282635182233));
#8867 = VECTOR('',#8868,1.);
#8868 = DIRECTION('',(1.144237745222E-17,1.,0.));
#8869 = ORIENTED_EDGE('',*,*,#5790,.T.);
#8870 = ORIENTED_EDGE('',*,*,#7560,.F.);
#8871 = ORIENTED_EDGE('',*,*,#5688,.F.);
#8872 = PLANE('',#8873);
#8873 = AXIS2_PLACEMENT_3D('',#8874,#8875,#8876);
#8874 = CARTESIAN_POINT('',(-2.5764581915,4.24,0.282635182233));
#8875 = DIRECTION('',(0.986841372087,-1.129181146488E-17,-0.161691392282
    ));
#8876 = DIRECTION('',(0.161691392282,-1.85013394127E-18,0.986841372087)
  );
#8877 = ADVANCED_FACE('',(#8878),#8889,.F.);
#8878 = FACE_BOUND('',#8879,.F.);
#8879 = EDGE_LOOP('',(#8880,#8886,#8887,#8888));
#8880 = ORIENTED_EDGE('',*,*,#8881,.T.);
#8881 = EDGE_CURVE('',#5672,#5774,#8882,.T.);
#8882 = LINE('',#8883,#8884);
#8883 = CARTESIAN_POINT('',(-2.674938966801,4.24,0.2));
#8884 = VECTOR('',#8885,1.);
#8885 = DIRECTION('',(1.144237745222E-17,1.,0.));
#8886 = ORIENTED_EDGE('',*,*,#5781,.T.);
#8887 = ORIENTED_EDGE('',*,*,#8864,.F.);
#8888 = ORIENTED_EDGE('',*,*,#5679,.F.);
#8889 = CYLINDRICAL_SURFACE('',#8890,0.1);
#8890 = AXIS2_PLACEMENT_3D('',#8891,#8892,#8893);
#8891 = CARTESIAN_POINT('',(-2.674938966801,4.24,0.3));
#8892 = DIRECTION('',(-1.144237745222E-17,-1.,0.));
#8893 = DIRECTION('',(-0.,0.,-1.));
#8894 = ADVANCED_FACE('',(#8895),#8906,.F.);
#8895 = FACE_BOUND('',#8896,.F.);
#8896 = EDGE_LOOP('',(#8897,#8903,#8904,#8905));
#8897 = ORIENTED_EDGE('',*,*,#8898,.T.);
#8898 = EDGE_CURVE('',#5664,#5766,#8899,.T.);
#8899 = LINE('',#8900,#8901);
#8900 = CARTESIAN_POINT('',(-3.,4.24,0.2));
#8901 = VECTOR('',#8902,1.);
#8902 = DIRECTION('',(1.144237745222E-17,1.,0.));
#8903 = ORIENTED_EDGE('',*,*,#5773,.T.);
#8904 = ORIENTED_EDGE('',*,*,#8881,.F.);
#8905 = ORIENTED_EDGE('',*,*,#5671,.F.);
#8906 = PLANE('',#8907);
#8907 = AXIS2_PLACEMENT_3D('',#8908,#8909,#8910);
#8908 = CARTESIAN_POINT('',(-3.,4.24,0.2));
#8909 = DIRECTION('',(0.,0.,-1.));
#8910 = DIRECTION('',(1.,-1.144237745222E-17,0.));
#8911 = ADVANCED_FACE('',(#8912),#8923,.F.);
#8912 = FACE_BOUND('',#8913,.F.);
#8913 = EDGE_LOOP('',(#8914,#8920,#8921,#8922));
#8914 = ORIENTED_EDGE('',*,*,#8915,.T.);
#8915 = EDGE_CURVE('',#5656,#5758,#8916,.T.);
#8916 = LINE('',#8917,#8918);
#8917 = CARTESIAN_POINT('',(-3.,4.24,0.));
#8918 = VECTOR('',#8919,1.);
#8919 = DIRECTION('',(1.144237745222E-17,1.,0.));
#8920 = ORIENTED_EDGE('',*,*,#5765,.T.);
#8921 = ORIENTED_EDGE('',*,*,#8898,.F.);
#8922 = ORIENTED_EDGE('',*,*,#5663,.F.);
#8923 = PLANE('',#8924);
#8924 = AXIS2_PLACEMENT_3D('',#8925,#8926,#8927);
#8925 = CARTESIAN_POINT('',(-3.,4.24,0.));
#8926 = DIRECTION('',(1.,-1.144237745222E-17,0.));
#8927 = DIRECTION('',(0.,0.,1.));
#8928 = ADVANCED_FACE('',(#8929),#8940,.F.);
#8929 = FACE_BOUND('',#8930,.F.);
#8930 = EDGE_LOOP('',(#8931,#8937,#8938,#8939));
#8931 = ORIENTED_EDGE('',*,*,#8932,.T.);
#8932 = EDGE_CURVE('',#5647,#5749,#8933,.T.);
#8933 = LINE('',#8934,#8935);
#8934 = CARTESIAN_POINT('',(-2.674938966801,4.24,0.));
#8935 = VECTOR('',#8936,1.);
#8936 = DIRECTION('',(1.144237745222E-17,1.,0.));
#8937 = ORIENTED_EDGE('',*,*,#5757,.T.);
#8938 = ORIENTED_EDGE('',*,*,#8915,.F.);
#8939 = ORIENTED_EDGE('',*,*,#5655,.F.);
#8940 = PLANE('',#8941);
#8941 = AXIS2_PLACEMENT_3D('',#8942,#8943,#8944);
#8942 = CARTESIAN_POINT('',(-2.674938966801,4.24,0.));
#8943 = DIRECTION('',(0.,0.,1.));
#8944 = DIRECTION('',(-1.,1.144237745222E-17,0.));
#8945 = ADVANCED_FACE('',(#8946),#8957,.T.);
#8946 = FACE_BOUND('',#8947,.T.);
#8947 = EDGE_LOOP('',(#8948,#8949,#8950,#8951));
#8948 = ORIENTED_EDGE('',*,*,#5646,.T.);
#8949 = ORIENTED_EDGE('',*,*,#8932,.T.);
#8950 = ORIENTED_EDGE('',*,*,#5748,.F.);
#8951 = ORIENTED_EDGE('',*,*,#8952,.F.);
#8952 = EDGE_CURVE('',#5639,#5741,#8953,.T.);
#8953 = LINE('',#8954,#8955);
#8954 = CARTESIAN_POINT('',(-2.379496640897,4.24,0.2479055467));
#8955 = VECTOR('',#8956,1.);
#8956 = DIRECTION('',(1.144237745222E-17,1.,0.));
#8957 = CYLINDRICAL_SURFACE('',#8958,0.3);
#8958 = AXIS2_PLACEMENT_3D('',#8959,#8960,#8961);
#8959 = CARTESIAN_POINT('',(-2.674938966801,4.24,0.3));
#8960 = DIRECTION('',(-1.144237745222E-17,-1.,0.));
#8961 = DIRECTION('',(0.984807753012,-1.126854202784E-17,-0.173648177667
    ));
#8962 = ADVANCED_FACE('',(#8963),#8969,.F.);
#8963 = FACE_BOUND('',#8964,.F.);
#8964 = EDGE_LOOP('',(#8965,#8966,#8967,#8968));
#8965 = ORIENTED_EDGE('',*,*,#5722,.T.);
#8966 = ORIENTED_EDGE('',*,*,#5740,.T.);
#8967 = ORIENTED_EDGE('',*,*,#8952,.F.);
#8968 = ORIENTED_EDGE('',*,*,#5638,.F.);
#8969 = PLANE('',#8970);
#8970 = AXIS2_PLACEMENT_3D('',#8971,#8972,#8973);
#8971 = CARTESIAN_POINT('',(-2.298480775301,4.24,0.742364817767));
#8972 = DIRECTION('',(-0.986841372087,1.129181146488E-17,0.161691392282)
  );
#8973 = DIRECTION('',(-0.161691392282,1.85013394127E-18,-0.986841372087)
  );
#8974 = ADVANCED_FACE('',(#8975),#8986,.F.);
#8975 = FACE_BOUND('',#8976,.F.);
#8976 = EDGE_LOOP('',(#8977,#8983,#8984,#8985));
#8977 = ORIENTED_EDGE('',*,*,#8978,.T.);
#8978 = EDGE_CURVE('',#5867,#5969,#8979,.T.);
#8979 = LINE('',#8980,#8981);
#8980 = CARTESIAN_POINT('',(2.5764581915,4.65,0.282635182233));
#8981 = VECTOR('',#8982,1.);
#8982 = DIRECTION('',(1.110223024625E-16,-1.,0.));
#8983 = ORIENTED_EDGE('',*,*,#5977,.T.);
#8984 = ORIENTED_EDGE('',*,*,#7921,.F.);
#8985 = ORIENTED_EDGE('',*,*,#5875,.F.);
#8986 = PLANE('',#8987);
#8987 = AXIS2_PLACEMENT_3D('',#8988,#8989,#8990);
#8988 = CARTESIAN_POINT('',(2.5764581915,4.65,0.282635182233));
#8989 = DIRECTION('',(-0.986841372087,-1.095614012943E-16,
    -0.161691392282));
#8990 = DIRECTION('',(-0.161691392282,-1.795135065956E-17,0.986841372087
    ));
#8991 = ADVANCED_FACE('',(#8992),#9003,.F.);
#8992 = FACE_BOUND('',#8993,.F.);
#8993 = EDGE_LOOP('',(#8994,#9000,#9001,#9002));
#8994 = ORIENTED_EDGE('',*,*,#8995,.T.);
#8995 = EDGE_CURVE('',#5859,#5961,#8996,.T.);
#8996 = LINE('',#8997,#8998);
#8997 = CARTESIAN_POINT('',(2.674938966801,4.65,0.2));
#8998 = VECTOR('',#8999,1.);
#8999 = DIRECTION('',(1.110223024625E-16,-1.,0.));
#9000 = ORIENTED_EDGE('',*,*,#5968,.T.);
#9001 = ORIENTED_EDGE('',*,*,#8978,.F.);
#9002 = ORIENTED_EDGE('',*,*,#5866,.F.);
#9003 = CYLINDRICAL_SURFACE('',#9004,0.1);
#9004 = AXIS2_PLACEMENT_3D('',#9005,#9006,#9007);
#9005 = CARTESIAN_POINT('',(2.674938966801,4.65,0.3));
#9006 = DIRECTION('',(-1.110223024625E-16,1.,0.));
#9007 = DIRECTION('',(0.,0.,-1.));
#9008 = ADVANCED_FACE('',(#9009),#9020,.F.);
#9009 = FACE_BOUND('',#9010,.F.);
#9010 = EDGE_LOOP('',(#9011,#9017,#9018,#9019));
#9011 = ORIENTED_EDGE('',*,*,#9012,.T.);
#9012 = EDGE_CURVE('',#5851,#5953,#9013,.T.);
#9013 = LINE('',#9014,#9015);
#9014 = CARTESIAN_POINT('',(3.,4.65,0.2));
#9015 = VECTOR('',#9016,1.);
#9016 = DIRECTION('',(1.110223024625E-16,-1.,0.));
#9017 = ORIENTED_EDGE('',*,*,#5960,.T.);
#9018 = ORIENTED_EDGE('',*,*,#8995,.F.);
#9019 = ORIENTED_EDGE('',*,*,#5858,.F.);
#9020 = PLANE('',#9021);
#9021 = AXIS2_PLACEMENT_3D('',#9022,#9023,#9024);
#9022 = CARTESIAN_POINT('',(3.,4.65,0.2));
#9023 = DIRECTION('',(0.,0.,-1.));
#9024 = DIRECTION('',(-1.,-1.110223024625E-16,-0.));
#9025 = ADVANCED_FACE('',(#9026),#9037,.F.);
#9026 = FACE_BOUND('',#9027,.F.);
#9027 = EDGE_LOOP('',(#9028,#9034,#9035,#9036));
#9028 = ORIENTED_EDGE('',*,*,#9029,.T.);
#9029 = EDGE_CURVE('',#5843,#5945,#9030,.T.);
#9030 = LINE('',#9031,#9032);
#9031 = CARTESIAN_POINT('',(3.,4.65,0.));
#9032 = VECTOR('',#9033,1.);
#9033 = DIRECTION('',(1.110223024625E-16,-1.,0.));
#9034 = ORIENTED_EDGE('',*,*,#5952,.T.);
#9035 = ORIENTED_EDGE('',*,*,#9012,.F.);
#9036 = ORIENTED_EDGE('',*,*,#5850,.F.);
#9037 = PLANE('',#9038);
#9038 = AXIS2_PLACEMENT_3D('',#9039,#9040,#9041);
#9039 = CARTESIAN_POINT('',(3.,4.65,0.));
#9040 = DIRECTION('',(-1.,-1.110223024625E-16,0.));
#9041 = DIRECTION('',(0.,0.,1.));
#9042 = ADVANCED_FACE('',(#9043),#9054,.F.);
#9043 = FACE_BOUND('',#9044,.F.);
#9044 = EDGE_LOOP('',(#9045,#9051,#9052,#9053));
#9045 = ORIENTED_EDGE('',*,*,#9046,.T.);
#9046 = EDGE_CURVE('',#5834,#5936,#9047,.T.);
#9047 = LINE('',#9048,#9049);
#9048 = CARTESIAN_POINT('',(2.674938966801,4.65,0.));
#9049 = VECTOR('',#9050,1.);
#9050 = DIRECTION('',(1.110223024625E-16,-1.,0.));
#9051 = ORIENTED_EDGE('',*,*,#5944,.T.);
#9052 = ORIENTED_EDGE('',*,*,#9029,.F.);
#9053 = ORIENTED_EDGE('',*,*,#5842,.F.);
#9054 = PLANE('',#9055);
#9055 = AXIS2_PLACEMENT_3D('',#9056,#9057,#9058);
#9056 = CARTESIAN_POINT('',(2.674938966801,4.65,0.));
#9057 = DIRECTION('',(0.,0.,1.));
#9058 = DIRECTION('',(1.,1.110223024625E-16,-0.));
#9059 = ADVANCED_FACE('',(#9060),#9071,.T.);
#9060 = FACE_BOUND('',#9061,.T.);
#9061 = EDGE_LOOP('',(#9062,#9063,#9064,#9065));
#9062 = ORIENTED_EDGE('',*,*,#5833,.T.);
#9063 = ORIENTED_EDGE('',*,*,#9046,.T.);
#9064 = ORIENTED_EDGE('',*,*,#5935,.F.);
#9065 = ORIENTED_EDGE('',*,*,#9066,.F.);
#9066 = EDGE_CURVE('',#5826,#5928,#9067,.T.);
#9067 = LINE('',#9068,#9069);
#9068 = CARTESIAN_POINT('',(2.379496640897,4.65,0.2479055467));
#9069 = VECTOR('',#9070,1.);
#9070 = DIRECTION('',(1.110223024625E-16,-1.,0.));
#9071 = CYLINDRICAL_SURFACE('',#9072,0.3);
#9072 = AXIS2_PLACEMENT_3D('',#9073,#9074,#9075);
#9073 = CARTESIAN_POINT('',(2.674938966801,4.65,0.3));
#9074 = DIRECTION('',(-1.110223024625E-16,1.,0.));
#9075 = DIRECTION('',(-0.984807753012,-1.093356242223E-16,
    -0.173648177667));
#9076 = ADVANCED_FACE('',(#9077),#9083,.F.);
#9077 = FACE_BOUND('',#9078,.F.);
#9078 = EDGE_LOOP('',(#9079,#9080,#9081,#9082));
#9079 = ORIENTED_EDGE('',*,*,#5909,.T.);
#9080 = ORIENTED_EDGE('',*,*,#5927,.T.);
#9081 = ORIENTED_EDGE('',*,*,#9066,.F.);
#9082 = ORIENTED_EDGE('',*,*,#5825,.F.);
#9083 = PLANE('',#9084);
#9084 = AXIS2_PLACEMENT_3D('',#9085,#9086,#9087);
#9085 = CARTESIAN_POINT('',(2.298480775301,4.65,0.742364817767));
#9086 = DIRECTION('',(0.986841372087,1.095614012943E-16,0.161691392282)
  );
#9087 = DIRECTION('',(0.161691392282,1.795135065956E-17,-0.986841372087)
  );
#9088 = ADVANCED_FACE('',(#9089),#9100,.T.);
#9089 = FACE_BOUND('',#9090,.T.);
#9090 = EDGE_LOOP('',(#9091,#9092,#9093,#9094));
#9091 = ORIENTED_EDGE('',*,*,#6087,.T.);
#9092 = ORIENTED_EDGE('',*,*,#7770,.T.);
#9093 = ORIENTED_EDGE('',*,*,#6196,.F.);
#9094 = ORIENTED_EDGE('',*,*,#9095,.F.);
#9095 = EDGE_CURVE('',#6080,#6189,#9096,.T.);
#9096 = LINE('',#9097,#9098);
#9097 = CARTESIAN_POINT('',(2.495442325904,3.38,0.7770944533));
#9098 = VECTOR('',#9099,1.);
#9099 = DIRECTION('',(1.110223024625E-16,-1.,0.));
#9100 = CYLINDRICAL_SURFACE('',#9101,0.3);
#9101 = AXIS2_PLACEMENT_3D('',#9102,#9103,#9104);
#9102 = CARTESIAN_POINT('',(2.2,3.38,0.725));
#9103 = DIRECTION('',(-1.110223024625E-16,1.,0.));
#9104 = DIRECTION('',(0.984807753012,1.093356242223E-16,0.173648177667)
  );
#9105 = ADVANCED_FACE('',(#9106),#9117,.F.);
#9106 = FACE_BOUND('',#9107,.F.);
#9107 = EDGE_LOOP('',(#9108,#9114,#9115,#9116));
#9108 = ORIENTED_EDGE('',*,*,#9109,.T.);
#9109 = EDGE_CURVE('',#6071,#6180,#9110,.T.);
#9110 = LINE('',#9111,#9112);
#9111 = CARTESIAN_POINT('',(2.5764581915,3.38,0.282635182233));
#9112 = VECTOR('',#9113,1.);
#9113 = DIRECTION('',(1.110223024625E-16,-1.,0.));
#9114 = ORIENTED_EDGE('',*,*,#6188,.T.);
#9115 = ORIENTED_EDGE('',*,*,#9095,.F.);
#9116 = ORIENTED_EDGE('',*,*,#6079,.F.);
#9117 = PLANE('',#9118);
#9118 = AXIS2_PLACEMENT_3D('',#9119,#9120,#9121);
#9119 = CARTESIAN_POINT('',(2.5764581915,3.38,0.282635182233));
#9120 = DIRECTION('',(-0.986841372087,-1.095614012943E-16,
    -0.161691392282));
#9121 = DIRECTION('',(-0.161691392282,-1.795135065956E-17,0.986841372087
    ));
#9122 = ADVANCED_FACE('',(#9123),#9134,.F.);
#9123 = FACE_BOUND('',#9124,.F.);
#9124 = EDGE_LOOP('',(#9125,#9131,#9132,#9133));
#9125 = ORIENTED_EDGE('',*,*,#9126,.T.);
#9126 = EDGE_CURVE('',#6063,#6172,#9127,.T.);
#9127 = LINE('',#9128,#9129);
#9128 = CARTESIAN_POINT('',(2.674938966801,3.38,0.2));
#9129 = VECTOR('',#9130,1.);
#9130 = DIRECTION('',(1.110223024625E-16,-1.,0.));
#9131 = ORIENTED_EDGE('',*,*,#6179,.T.);
#9132 = ORIENTED_EDGE('',*,*,#9109,.F.);
#9133 = ORIENTED_EDGE('',*,*,#6070,.F.);
#9134 = CYLINDRICAL_SURFACE('',#9135,0.1);
#9135 = AXIS2_PLACEMENT_3D('',#9136,#9137,#9138);
#9136 = CARTESIAN_POINT('',(2.674938966801,3.38,0.3));
#9137 = DIRECTION('',(-1.110223024625E-16,1.,0.));
#9138 = DIRECTION('',(0.,0.,-1.));
#9139 = ADVANCED_FACE('',(#9140),#9151,.F.);
#9140 = FACE_BOUND('',#9141,.F.);
#9141 = EDGE_LOOP('',(#9142,#9148,#9149,#9150));
#9142 = ORIENTED_EDGE('',*,*,#9143,.T.);
#9143 = EDGE_CURVE('',#6055,#6164,#9144,.T.);
#9144 = LINE('',#9145,#9146);
#9145 = CARTESIAN_POINT('',(3.,3.38,0.2));
#9146 = VECTOR('',#9147,1.);
#9147 = DIRECTION('',(1.110223024625E-16,-1.,0.));
#9148 = ORIENTED_EDGE('',*,*,#6171,.T.);
#9149 = ORIENTED_EDGE('',*,*,#9126,.F.);
#9150 = ORIENTED_EDGE('',*,*,#6062,.F.);
#9151 = PLANE('',#9152);
#9152 = AXIS2_PLACEMENT_3D('',#9153,#9154,#9155);
#9153 = CARTESIAN_POINT('',(3.,3.38,0.2));
#9154 = DIRECTION('',(0.,0.,-1.));
#9155 = DIRECTION('',(-1.,-1.110223024625E-16,-0.));
#9156 = ADVANCED_FACE('',(#9157),#9168,.F.);
#9157 = FACE_BOUND('',#9158,.F.);
#9158 = EDGE_LOOP('',(#9159,#9165,#9166,#9167));
#9159 = ORIENTED_EDGE('',*,*,#9160,.T.);
#9160 = EDGE_CURVE('',#6047,#6156,#9161,.T.);
#9161 = LINE('',#9162,#9163);
#9162 = CARTESIAN_POINT('',(3.,3.38,0.));
#9163 = VECTOR('',#9164,1.);
#9164 = DIRECTION('',(1.110223024625E-16,-1.,0.));
#9165 = ORIENTED_EDGE('',*,*,#6163,.T.);
#9166 = ORIENTED_EDGE('',*,*,#9143,.F.);
#9167 = ORIENTED_EDGE('',*,*,#6054,.F.);
#9168 = PLANE('',#9169);
#9169 = AXIS2_PLACEMENT_3D('',#9170,#9171,#9172);
#9170 = CARTESIAN_POINT('',(3.,3.38,0.));
#9171 = DIRECTION('',(-1.,-1.110223024625E-16,0.));
#9172 = DIRECTION('',(0.,0.,1.));
#9173 = ADVANCED_FACE('',(#9174),#9185,.F.);
#9174 = FACE_BOUND('',#9175,.F.);
#9175 = EDGE_LOOP('',(#9176,#9182,#9183,#9184));
#9176 = ORIENTED_EDGE('',*,*,#9177,.T.);
#9177 = EDGE_CURVE('',#6038,#6147,#9178,.T.);
#9178 = LINE('',#9179,#9180);
#9179 = CARTESIAN_POINT('',(2.674938966801,3.38,0.));
#9180 = VECTOR('',#9181,1.);
#9181 = DIRECTION('',(1.110223024625E-16,-1.,0.));
#9182 = ORIENTED_EDGE('',*,*,#6155,.T.);
#9183 = ORIENTED_EDGE('',*,*,#9160,.F.);
#9184 = ORIENTED_EDGE('',*,*,#6046,.F.);
#9185 = PLANE('',#9186);
#9186 = AXIS2_PLACEMENT_3D('',#9187,#9188,#9189);
#9187 = CARTESIAN_POINT('',(2.674938966801,3.38,0.));
#9188 = DIRECTION('',(0.,0.,1.));
#9189 = DIRECTION('',(1.,1.110223024625E-16,-0.));
#9190 = ADVANCED_FACE('',(#9191),#9202,.T.);
#9191 = FACE_BOUND('',#9192,.T.);
#9192 = EDGE_LOOP('',(#9193,#9194,#9195,#9196));
#9193 = ORIENTED_EDGE('',*,*,#6037,.T.);
#9194 = ORIENTED_EDGE('',*,*,#9177,.T.);
#9195 = ORIENTED_EDGE('',*,*,#6146,.F.);
#9196 = ORIENTED_EDGE('',*,*,#9197,.F.);
#9197 = EDGE_CURVE('',#6030,#6139,#9198,.T.);
#9198 = LINE('',#9199,#9200);
#9199 = CARTESIAN_POINT('',(2.379496640897,3.38,0.2479055467));
#9200 = VECTOR('',#9201,1.);
#9201 = DIRECTION('',(1.110223024625E-16,-1.,0.));
#9202 = CYLINDRICAL_SURFACE('',#9203,0.3);
#9203 = AXIS2_PLACEMENT_3D('',#9204,#9205,#9206);
#9204 = CARTESIAN_POINT('',(2.674938966801,3.38,0.3));
#9205 = DIRECTION('',(-1.110223024625E-16,1.,0.));
#9206 = DIRECTION('',(-0.984807753012,-1.093356242223E-16,
    -0.173648177667));
#9207 = ADVANCED_FACE('',(#9208),#9214,.F.);
#9208 = FACE_BOUND('',#9209,.F.);
#9209 = EDGE_LOOP('',(#9210,#9211,#9212,#9213));
#9210 = ORIENTED_EDGE('',*,*,#6120,.T.);
#9211 = ORIENTED_EDGE('',*,*,#6138,.T.);
#9212 = ORIENTED_EDGE('',*,*,#9197,.F.);
#9213 = ORIENTED_EDGE('',*,*,#6029,.F.);
#9214 = PLANE('',#9215);
#9215 = AXIS2_PLACEMENT_3D('',#9216,#9217,#9218);
#9216 = CARTESIAN_POINT('',(2.298480775301,3.38,0.742364817767));
#9217 = DIRECTION('',(0.986841372087,1.095614012943E-16,0.161691392282)
  );
#9218 = DIRECTION('',(0.161691392282,1.795135065956E-17,-0.986841372087)
  );
#9219 = ADVANCED_FACE('',(#9220),#9231,.T.);
#9220 = FACE_BOUND('',#9221,.T.);
#9221 = EDGE_LOOP('',(#9222,#9223,#9224,#9225));
#9222 = ORIENTED_EDGE('',*,*,#6310,.T.);
#9223 = ORIENTED_EDGE('',*,*,#7789,.T.);
#9224 = ORIENTED_EDGE('',*,*,#6419,.F.);
#9225 = ORIENTED_EDGE('',*,*,#9226,.F.);
#9226 = EDGE_CURVE('',#6303,#6412,#9227,.T.);
#9227 = LINE('',#9228,#9229);
#9228 = CARTESIAN_POINT('',(2.495442325904,2.11,0.7770944533));
#9229 = VECTOR('',#9230,1.);
#9230 = DIRECTION('',(1.110223024625E-16,-1.,0.));
#9231 = CYLINDRICAL_SURFACE('',#9232,0.3);
#9232 = AXIS2_PLACEMENT_3D('',#9233,#9234,#9235);
#9233 = CARTESIAN_POINT('',(2.2,2.11,0.725));
#9234 = DIRECTION('',(-1.110223024625E-16,1.,0.));
#9235 = DIRECTION('',(0.984807753012,1.093356242223E-16,0.173648177667)
  );
#9236 = ADVANCED_FACE('',(#9237),#9248,.F.);
#9237 = FACE_BOUND('',#9238,.F.);
#9238 = EDGE_LOOP('',(#9239,#9245,#9246,#9247));
#9239 = ORIENTED_EDGE('',*,*,#9240,.T.);
#9240 = EDGE_CURVE('',#6294,#6403,#9241,.T.);
#9241 = LINE('',#9242,#9243);
#9242 = CARTESIAN_POINT('',(2.5764581915,2.11,0.282635182233));
#9243 = VECTOR('',#9244,1.);
#9244 = DIRECTION('',(1.110223024625E-16,-1.,0.));
#9245 = ORIENTED_EDGE('',*,*,#6411,.T.);
#9246 = ORIENTED_EDGE('',*,*,#9226,.F.);
#9247 = ORIENTED_EDGE('',*,*,#6302,.F.);
#9248 = PLANE('',#9249);
#9249 = AXIS2_PLACEMENT_3D('',#9250,#9251,#9252);
#9250 = CARTESIAN_POINT('',(2.5764581915,2.11,0.282635182233));
#9251 = DIRECTION('',(-0.986841372087,-1.095614012943E-16,
    -0.161691392282));
#9252 = DIRECTION('',(-0.161691392282,-1.795135065956E-17,0.986841372087
    ));
#9253 = ADVANCED_FACE('',(#9254),#9265,.F.);
#9254 = FACE_BOUND('',#9255,.F.);
#9255 = EDGE_LOOP('',(#9256,#9262,#9263,#9264));
#9256 = ORIENTED_EDGE('',*,*,#9257,.T.);
#9257 = EDGE_CURVE('',#6286,#6395,#9258,.T.);
#9258 = LINE('',#9259,#9260);
#9259 = CARTESIAN_POINT('',(2.674938966801,2.11,0.2));
#9260 = VECTOR('',#9261,1.);
#9261 = DIRECTION('',(1.110223024625E-16,-1.,0.));
#9262 = ORIENTED_EDGE('',*,*,#6402,.T.);
#9263 = ORIENTED_EDGE('',*,*,#9240,.F.);
#9264 = ORIENTED_EDGE('',*,*,#6293,.F.);
#9265 = CYLINDRICAL_SURFACE('',#9266,0.1);
#9266 = AXIS2_PLACEMENT_3D('',#9267,#9268,#9269);
#9267 = CARTESIAN_POINT('',(2.674938966801,2.11,0.3));
#9268 = DIRECTION('',(-1.110223024625E-16,1.,0.));
#9269 = DIRECTION('',(0.,0.,-1.));
#9270 = ADVANCED_FACE('',(#9271),#9282,.F.);
#9271 = FACE_BOUND('',#9272,.F.);
#9272 = EDGE_LOOP('',(#9273,#9279,#9280,#9281));
#9273 = ORIENTED_EDGE('',*,*,#9274,.T.);
#9274 = EDGE_CURVE('',#6278,#6387,#9275,.T.);
#9275 = LINE('',#9276,#9277);
#9276 = CARTESIAN_POINT('',(3.,2.11,0.2));
#9277 = VECTOR('',#9278,1.);
#9278 = DIRECTION('',(1.110223024625E-16,-1.,0.));
#9279 = ORIENTED_EDGE('',*,*,#6394,.T.);
#9280 = ORIENTED_EDGE('',*,*,#9257,.F.);
#9281 = ORIENTED_EDGE('',*,*,#6285,.F.);
#9282 = PLANE('',#9283);
#9283 = AXIS2_PLACEMENT_3D('',#9284,#9285,#9286);
#9284 = CARTESIAN_POINT('',(3.,2.11,0.2));
#9285 = DIRECTION('',(0.,0.,-1.));
#9286 = DIRECTION('',(-1.,-1.110223024625E-16,-0.));
#9287 = ADVANCED_FACE('',(#9288),#9299,.F.);
#9288 = FACE_BOUND('',#9289,.F.);
#9289 = EDGE_LOOP('',(#9290,#9296,#9297,#9298));
#9290 = ORIENTED_EDGE('',*,*,#9291,.T.);
#9291 = EDGE_CURVE('',#6270,#6379,#9292,.T.);
#9292 = LINE('',#9293,#9294);
#9293 = CARTESIAN_POINT('',(3.,2.11,0.));
#9294 = VECTOR('',#9295,1.);
#9295 = DIRECTION('',(1.110223024625E-16,-1.,0.));
#9296 = ORIENTED_EDGE('',*,*,#6386,.T.);
#9297 = ORIENTED_EDGE('',*,*,#9274,.F.);
#9298 = ORIENTED_EDGE('',*,*,#6277,.F.);
#9299 = PLANE('',#9300);
#9300 = AXIS2_PLACEMENT_3D('',#9301,#9302,#9303);
#9301 = CARTESIAN_POINT('',(3.,2.11,0.));
#9302 = DIRECTION('',(-1.,-1.110223024625E-16,0.));
#9303 = DIRECTION('',(0.,0.,1.));
#9304 = ADVANCED_FACE('',(#9305),#9316,.F.);
#9305 = FACE_BOUND('',#9306,.F.);
#9306 = EDGE_LOOP('',(#9307,#9313,#9314,#9315));
#9307 = ORIENTED_EDGE('',*,*,#9308,.T.);
#9308 = EDGE_CURVE('',#6261,#6370,#9309,.T.);
#9309 = LINE('',#9310,#9311);
#9310 = CARTESIAN_POINT('',(2.674938966801,2.11,0.));
#9311 = VECTOR('',#9312,1.);
#9312 = DIRECTION('',(1.110223024625E-16,-1.,0.));
#9313 = ORIENTED_EDGE('',*,*,#6378,.T.);
#9314 = ORIENTED_EDGE('',*,*,#9291,.F.);
#9315 = ORIENTED_EDGE('',*,*,#6269,.F.);
#9316 = PLANE('',#9317);
#9317 = AXIS2_PLACEMENT_3D('',#9318,#9319,#9320);
#9318 = CARTESIAN_POINT('',(2.674938966801,2.11,0.));
#9319 = DIRECTION('',(0.,0.,1.));
#9320 = DIRECTION('',(1.,1.110223024625E-16,-0.));
#9321 = ADVANCED_FACE('',(#9322),#9333,.T.);
#9322 = FACE_BOUND('',#9323,.T.);
#9323 = EDGE_LOOP('',(#9324,#9325,#9326,#9327));
#9324 = ORIENTED_EDGE('',*,*,#6260,.T.);
#9325 = ORIENTED_EDGE('',*,*,#9308,.T.);
#9326 = ORIENTED_EDGE('',*,*,#6369,.F.);
#9327 = ORIENTED_EDGE('',*,*,#9328,.F.);
#9328 = EDGE_CURVE('',#6253,#6362,#9329,.T.);
#9329 = LINE('',#9330,#9331);
#9330 = CARTESIAN_POINT('',(2.379496640897,2.11,0.2479055467));
#9331 = VECTOR('',#9332,1.);
#9332 = DIRECTION('',(1.110223024625E-16,-1.,0.));
#9333 = CYLINDRICAL_SURFACE('',#9334,0.3);
#9334 = AXIS2_PLACEMENT_3D('',#9335,#9336,#9337);
#9335 = CARTESIAN_POINT('',(2.674938966801,2.11,0.3));
#9336 = DIRECTION('',(-1.110223024625E-16,1.,0.));
#9337 = DIRECTION('',(-0.984807753012,-1.093356242223E-16,
    -0.173648177667));
#9338 = ADVANCED_FACE('',(#9339),#9345,.F.);
#9339 = FACE_BOUND('',#9340,.F.);
#9340 = EDGE_LOOP('',(#9341,#9342,#9343,#9344));
#9341 = ORIENTED_EDGE('',*,*,#6343,.T.);
#9342 = ORIENTED_EDGE('',*,*,#6361,.T.);
#9343 = ORIENTED_EDGE('',*,*,#9328,.F.);
#9344 = ORIENTED_EDGE('',*,*,#6252,.F.);
#9345 = PLANE('',#9346);
#9346 = AXIS2_PLACEMENT_3D('',#9347,#9348,#9349);
#9347 = CARTESIAN_POINT('',(2.298480775301,2.11,0.742364817767));
#9348 = DIRECTION('',(0.986841372087,1.095614012943E-16,0.161691392282)
  );
#9349 = DIRECTION('',(0.161691392282,1.795135065956E-17,-0.986841372087)
  );
#9350 = ADVANCED_FACE('',(#9351),#9362,.T.);
#9351 = FACE_BOUND('',#9352,.T.);
#9352 = EDGE_LOOP('',(#9353,#9354,#9355,#9356));
#9353 = ORIENTED_EDGE('',*,*,#6533,.T.);
#9354 = ORIENTED_EDGE('',*,*,#7808,.T.);
#9355 = ORIENTED_EDGE('',*,*,#6642,.F.);
#9356 = ORIENTED_EDGE('',*,*,#9357,.F.);
#9357 = EDGE_CURVE('',#6526,#6635,#9358,.T.);
#9358 = LINE('',#9359,#9360);
#9359 = CARTESIAN_POINT('',(2.495442325904,0.84,0.7770944533));
#9360 = VECTOR('',#9361,1.);
#9361 = DIRECTION('',(1.110223024625E-16,-1.,0.));
#9362 = CYLINDRICAL_SURFACE('',#9363,0.3);
#9363 = AXIS2_PLACEMENT_3D('',#9364,#9365,#9366);
#9364 = CARTESIAN_POINT('',(2.2,0.84,0.725));
#9365 = DIRECTION('',(-1.110223024625E-16,1.,0.));
#9366 = DIRECTION('',(0.984807753012,1.093356242223E-16,0.173648177667)
  );
#9367 = ADVANCED_FACE('',(#9368),#9379,.F.);
#9368 = FACE_BOUND('',#9369,.F.);
#9369 = EDGE_LOOP('',(#9370,#9376,#9377,#9378));
#9370 = ORIENTED_EDGE('',*,*,#9371,.T.);
#9371 = EDGE_CURVE('',#6517,#6626,#9372,.T.);
#9372 = LINE('',#9373,#9374);
#9373 = CARTESIAN_POINT('',(2.5764581915,0.84,0.282635182233));
#9374 = VECTOR('',#9375,1.);
#9375 = DIRECTION('',(1.110223024625E-16,-1.,0.));
#9376 = ORIENTED_EDGE('',*,*,#6634,.T.);
#9377 = ORIENTED_EDGE('',*,*,#9357,.F.);
#9378 = ORIENTED_EDGE('',*,*,#6525,.F.);
#9379 = PLANE('',#9380);
#9380 = AXIS2_PLACEMENT_3D('',#9381,#9382,#9383);
#9381 = CARTESIAN_POINT('',(2.5764581915,0.84,0.282635182233));
#9382 = DIRECTION('',(-0.986841372087,-1.095614012943E-16,
    -0.161691392282));
#9383 = DIRECTION('',(-0.161691392282,-1.795135065956E-17,0.986841372087
    ));
#9384 = ADVANCED_FACE('',(#9385),#9396,.F.);
#9385 = FACE_BOUND('',#9386,.F.);
#9386 = EDGE_LOOP('',(#9387,#9393,#9394,#9395));
#9387 = ORIENTED_EDGE('',*,*,#9388,.T.);
#9388 = EDGE_CURVE('',#6509,#6618,#9389,.T.);
#9389 = LINE('',#9390,#9391);
#9390 = CARTESIAN_POINT('',(2.674938966801,0.84,0.2));
#9391 = VECTOR('',#9392,1.);
#9392 = DIRECTION('',(1.110223024625E-16,-1.,0.));
#9393 = ORIENTED_EDGE('',*,*,#6625,.T.);
#9394 = ORIENTED_EDGE('',*,*,#9371,.F.);
#9395 = ORIENTED_EDGE('',*,*,#6516,.F.);
#9396 = CYLINDRICAL_SURFACE('',#9397,0.1);
#9397 = AXIS2_PLACEMENT_3D('',#9398,#9399,#9400);
#9398 = CARTESIAN_POINT('',(2.674938966801,0.84,0.3));
#9399 = DIRECTION('',(-1.110223024625E-16,1.,0.));
#9400 = DIRECTION('',(0.,0.,-1.));
#9401 = ADVANCED_FACE('',(#9402),#9413,.F.);
#9402 = FACE_BOUND('',#9403,.F.);
#9403 = EDGE_LOOP('',(#9404,#9410,#9411,#9412));
#9404 = ORIENTED_EDGE('',*,*,#9405,.T.);
#9405 = EDGE_CURVE('',#6501,#6610,#9406,.T.);
#9406 = LINE('',#9407,#9408);
#9407 = CARTESIAN_POINT('',(3.,0.84,0.2));
#9408 = VECTOR('',#9409,1.);
#9409 = DIRECTION('',(1.110223024625E-16,-1.,0.));
#9410 = ORIENTED_EDGE('',*,*,#6617,.T.);
#9411 = ORIENTED_EDGE('',*,*,#9388,.F.);
#9412 = ORIENTED_EDGE('',*,*,#6508,.F.);
#9413 = PLANE('',#9414);
#9414 = AXIS2_PLACEMENT_3D('',#9415,#9416,#9417);
#9415 = CARTESIAN_POINT('',(3.,0.84,0.2));
#9416 = DIRECTION('',(0.,0.,-1.));
#9417 = DIRECTION('',(-1.,-1.110223024625E-16,-0.));
#9418 = ADVANCED_FACE('',(#9419),#9430,.F.);
#9419 = FACE_BOUND('',#9420,.F.);
#9420 = EDGE_LOOP('',(#9421,#9427,#9428,#9429));
#9421 = ORIENTED_EDGE('',*,*,#9422,.T.);
#9422 = EDGE_CURVE('',#6493,#6602,#9423,.T.);
#9423 = LINE('',#9424,#9425);
#9424 = CARTESIAN_POINT('',(3.,0.84,0.));
#9425 = VECTOR('',#9426,1.);
#9426 = DIRECTION('',(1.110223024625E-16,-1.,0.));
#9427 = ORIENTED_EDGE('',*,*,#6609,.T.);
#9428 = ORIENTED_EDGE('',*,*,#9405,.F.);
#9429 = ORIENTED_EDGE('',*,*,#6500,.F.);
#9430 = PLANE('',#9431);
#9431 = AXIS2_PLACEMENT_3D('',#9432,#9433,#9434);
#9432 = CARTESIAN_POINT('',(3.,0.84,0.));
#9433 = DIRECTION('',(-1.,-1.110223024625E-16,0.));
#9434 = DIRECTION('',(0.,0.,1.));
#9435 = ADVANCED_FACE('',(#9436),#9447,.F.);
#9436 = FACE_BOUND('',#9437,.F.);
#9437 = EDGE_LOOP('',(#9438,#9444,#9445,#9446));
#9438 = ORIENTED_EDGE('',*,*,#9439,.T.);
#9439 = EDGE_CURVE('',#6484,#6593,#9440,.T.);
#9440 = LINE('',#9441,#9442);
#9441 = CARTESIAN_POINT('',(2.674938966801,0.84,0.));
#9442 = VECTOR('',#9443,1.);
#9443 = DIRECTION('',(1.110223024625E-16,-1.,0.));
#9444 = ORIENTED_EDGE('',*,*,#6601,.T.);
#9445 = ORIENTED_EDGE('',*,*,#9422,.F.);
#9446 = ORIENTED_EDGE('',*,*,#6492,.F.);
#9447 = PLANE('',#9448);
#9448 = AXIS2_PLACEMENT_3D('',#9449,#9450,#9451);
#9449 = CARTESIAN_POINT('',(2.674938966801,0.84,0.));
#9450 = DIRECTION('',(0.,0.,1.));
#9451 = DIRECTION('',(1.,1.110223024625E-16,-0.));
#9452 = ADVANCED_FACE('',(#9453),#9464,.T.);
#9453 = FACE_BOUND('',#9454,.T.);
#9454 = EDGE_LOOP('',(#9455,#9456,#9457,#9458));
#9455 = ORIENTED_EDGE('',*,*,#6483,.T.);
#9456 = ORIENTED_EDGE('',*,*,#9439,.T.);
#9457 = ORIENTED_EDGE('',*,*,#6592,.F.);
#9458 = ORIENTED_EDGE('',*,*,#9459,.F.);
#9459 = EDGE_CURVE('',#6476,#6585,#9460,.T.);
#9460 = LINE('',#9461,#9462);
#9461 = CARTESIAN_POINT('',(2.379496640897,0.84,0.2479055467));
#9462 = VECTOR('',#9463,1.);
#9463 = DIRECTION('',(1.110223024625E-16,-1.,0.));
#9464 = CYLINDRICAL_SURFACE('',#9465,0.3);
#9465 = AXIS2_PLACEMENT_3D('',#9466,#9467,#9468);
#9466 = CARTESIAN_POINT('',(2.674938966801,0.84,0.3));
#9467 = DIRECTION('',(-1.110223024625E-16,1.,0.));
#9468 = DIRECTION('',(-0.984807753012,-1.093356242223E-16,
    -0.173648177667));
#9469 = ADVANCED_FACE('',(#9470),#9476,.F.);
#9470 = FACE_BOUND('',#9471,.F.);
#9471 = EDGE_LOOP('',(#9472,#9473,#9474,#9475));
#9472 = ORIENTED_EDGE('',*,*,#6566,.T.);
#9473 = ORIENTED_EDGE('',*,*,#6584,.T.);
#9474 = ORIENTED_EDGE('',*,*,#9459,.F.);
#9475 = ORIENTED_EDGE('',*,*,#6475,.F.);
#9476 = PLANE('',#9477);
#9477 = AXIS2_PLACEMENT_3D('',#9478,#9479,#9480);
#9478 = CARTESIAN_POINT('',(2.298480775301,0.84,0.742364817767));
#9479 = DIRECTION('',(0.986841372087,1.095614012943E-16,0.161691392282)
  );
#9480 = DIRECTION('',(0.161691392282,1.795135065956E-17,-0.986841372087)
  );
#9481 = ADVANCED_FACE('',(#9482),#9493,.T.);
#9482 = FACE_BOUND('',#9483,.T.);
#9483 = EDGE_LOOP('',(#9484,#9485,#9486,#9487));
#9484 = ORIENTED_EDGE('',*,*,#6756,.T.);
#9485 = ORIENTED_EDGE('',*,*,#7827,.T.);
#9486 = ORIENTED_EDGE('',*,*,#6865,.F.);
#9487 = ORIENTED_EDGE('',*,*,#9488,.F.);
#9488 = EDGE_CURVE('',#6749,#6858,#9489,.T.);
#9489 = LINE('',#9490,#9491);
#9490 = CARTESIAN_POINT('',(2.495442325904,-0.43,0.7770944533));
#9491 = VECTOR('',#9492,1.);
#9492 = DIRECTION('',(1.110223024625E-16,-1.,0.));
#9493 = CYLINDRICAL_SURFACE('',#9494,0.3);
#9494 = AXIS2_PLACEMENT_3D('',#9495,#9496,#9497);
#9495 = CARTESIAN_POINT('',(2.2,-0.43,0.725));
#9496 = DIRECTION('',(-1.110223024625E-16,1.,0.));
#9497 = DIRECTION('',(0.984807753012,1.093356242223E-16,0.173648177667)
  );
#9498 = ADVANCED_FACE('',(#9499),#9510,.F.);
#9499 = FACE_BOUND('',#9500,.F.);
#9500 = EDGE_LOOP('',(#9501,#9507,#9508,#9509));
#9501 = ORIENTED_EDGE('',*,*,#9502,.T.);
#9502 = EDGE_CURVE('',#6740,#6849,#9503,.T.);
#9503 = LINE('',#9504,#9505);
#9504 = CARTESIAN_POINT('',(2.5764581915,-0.43,0.282635182233));
#9505 = VECTOR('',#9506,1.);
#9506 = DIRECTION('',(1.110223024625E-16,-1.,0.));
#9507 = ORIENTED_EDGE('',*,*,#6857,.T.);
#9508 = ORIENTED_EDGE('',*,*,#9488,.F.);
#9509 = ORIENTED_EDGE('',*,*,#6748,.F.);
#9510 = PLANE('',#9511);
#9511 = AXIS2_PLACEMENT_3D('',#9512,#9513,#9514);
#9512 = CARTESIAN_POINT('',(2.5764581915,-0.43,0.282635182233));
#9513 = DIRECTION('',(-0.986841372087,-1.095614012943E-16,
    -0.161691392282));
#9514 = DIRECTION('',(-0.161691392282,-1.795135065956E-17,0.986841372087
    ));
#9515 = ADVANCED_FACE('',(#9516),#9527,.F.);
#9516 = FACE_BOUND('',#9517,.F.);
#9517 = EDGE_LOOP('',(#9518,#9524,#9525,#9526));
#9518 = ORIENTED_EDGE('',*,*,#9519,.T.);
#9519 = EDGE_CURVE('',#6732,#6841,#9520,.T.);
#9520 = LINE('',#9521,#9522);
#9521 = CARTESIAN_POINT('',(2.674938966801,-0.43,0.2));
#9522 = VECTOR('',#9523,1.);
#9523 = DIRECTION('',(1.110223024625E-16,-1.,0.));
#9524 = ORIENTED_EDGE('',*,*,#6848,.T.);
#9525 = ORIENTED_EDGE('',*,*,#9502,.F.);
#9526 = ORIENTED_EDGE('',*,*,#6739,.F.);
#9527 = CYLINDRICAL_SURFACE('',#9528,0.1);
#9528 = AXIS2_PLACEMENT_3D('',#9529,#9530,#9531);
#9529 = CARTESIAN_POINT('',(2.674938966801,-0.43,0.3));
#9530 = DIRECTION('',(-1.110223024625E-16,1.,0.));
#9531 = DIRECTION('',(0.,0.,-1.));
#9532 = ADVANCED_FACE('',(#9533),#9544,.F.);
#9533 = FACE_BOUND('',#9534,.F.);
#9534 = EDGE_LOOP('',(#9535,#9541,#9542,#9543));
#9535 = ORIENTED_EDGE('',*,*,#9536,.T.);
#9536 = EDGE_CURVE('',#6724,#6833,#9537,.T.);
#9537 = LINE('',#9538,#9539);
#9538 = CARTESIAN_POINT('',(3.,-0.43,0.2));
#9539 = VECTOR('',#9540,1.);
#9540 = DIRECTION('',(1.110223024625E-16,-1.,0.));
#9541 = ORIENTED_EDGE('',*,*,#6840,.T.);
#9542 = ORIENTED_EDGE('',*,*,#9519,.F.);
#9543 = ORIENTED_EDGE('',*,*,#6731,.F.);
#9544 = PLANE('',#9545);
#9545 = AXIS2_PLACEMENT_3D('',#9546,#9547,#9548);
#9546 = CARTESIAN_POINT('',(3.,-0.43,0.2));
#9547 = DIRECTION('',(0.,0.,-1.));
#9548 = DIRECTION('',(-1.,-1.110223024625E-16,-0.));
#9549 = ADVANCED_FACE('',(#9550),#9561,.F.);
#9550 = FACE_BOUND('',#9551,.F.);
#9551 = EDGE_LOOP('',(#9552,#9558,#9559,#9560));
#9552 = ORIENTED_EDGE('',*,*,#9553,.T.);
#9553 = EDGE_CURVE('',#6716,#6825,#9554,.T.);
#9554 = LINE('',#9555,#9556);
#9555 = CARTESIAN_POINT('',(3.,-0.43,0.));
#9556 = VECTOR('',#9557,1.);
#9557 = DIRECTION('',(1.110223024625E-16,-1.,0.));
#9558 = ORIENTED_EDGE('',*,*,#6832,.T.);
#9559 = ORIENTED_EDGE('',*,*,#9536,.F.);
#9560 = ORIENTED_EDGE('',*,*,#6723,.F.);
#9561 = PLANE('',#9562);
#9562 = AXIS2_PLACEMENT_3D('',#9563,#9564,#9565);
#9563 = CARTESIAN_POINT('',(3.,-0.43,0.));
#9564 = DIRECTION('',(-1.,-1.110223024625E-16,0.));
#9565 = DIRECTION('',(0.,0.,1.));
#9566 = ADVANCED_FACE('',(#9567),#9578,.F.);
#9567 = FACE_BOUND('',#9568,.F.);
#9568 = EDGE_LOOP('',(#9569,#9575,#9576,#9577));
#9569 = ORIENTED_EDGE('',*,*,#9570,.T.);
#9570 = EDGE_CURVE('',#6707,#6816,#9571,.T.);
#9571 = LINE('',#9572,#9573);
#9572 = CARTESIAN_POINT('',(2.674938966801,-0.43,0.));
#9573 = VECTOR('',#9574,1.);
#9574 = DIRECTION('',(1.110223024625E-16,-1.,0.));
#9575 = ORIENTED_EDGE('',*,*,#6824,.T.);
#9576 = ORIENTED_EDGE('',*,*,#9553,.F.);
#9577 = ORIENTED_EDGE('',*,*,#6715,.F.);
#9578 = PLANE('',#9579);
#9579 = AXIS2_PLACEMENT_3D('',#9580,#9581,#9582);
#9580 = CARTESIAN_POINT('',(2.674938966801,-0.43,0.));
#9581 = DIRECTION('',(0.,0.,1.));
#9582 = DIRECTION('',(1.,1.110223024625E-16,-0.));
#9583 = ADVANCED_FACE('',(#9584),#9595,.T.);
#9584 = FACE_BOUND('',#9585,.T.);
#9585 = EDGE_LOOP('',(#9586,#9587,#9588,#9589));
#9586 = ORIENTED_EDGE('',*,*,#6706,.T.);
#9587 = ORIENTED_EDGE('',*,*,#9570,.T.);
#9588 = ORIENTED_EDGE('',*,*,#6815,.F.);
#9589 = ORIENTED_EDGE('',*,*,#9590,.F.);
#9590 = EDGE_CURVE('',#6699,#6808,#9591,.T.);
#9591 = LINE('',#9592,#9593);
#9592 = CARTESIAN_POINT('',(2.379496640897,-0.43,0.2479055467));
#9593 = VECTOR('',#9594,1.);
#9594 = DIRECTION('',(1.110223024625E-16,-1.,0.));
#9595 = CYLINDRICAL_SURFACE('',#9596,0.3);
#9596 = AXIS2_PLACEMENT_3D('',#9597,#9598,#9599);
#9597 = CARTESIAN_POINT('',(2.674938966801,-0.43,0.3));
#9598 = DIRECTION('',(-1.110223024625E-16,1.,0.));
#9599 = DIRECTION('',(-0.984807753012,-1.093356242223E-16,
    -0.173648177667));
#9600 = ADVANCED_FACE('',(#9601),#9607,.F.);
#9601 = FACE_BOUND('',#9602,.F.);
#9602 = EDGE_LOOP('',(#9603,#9604,#9605,#9606));
#9603 = ORIENTED_EDGE('',*,*,#6789,.T.);
#9604 = ORIENTED_EDGE('',*,*,#6807,.T.);
#9605 = ORIENTED_EDGE('',*,*,#9590,.F.);
#9606 = ORIENTED_EDGE('',*,*,#6698,.F.);
#9607 = PLANE('',#9608);
#9608 = AXIS2_PLACEMENT_3D('',#9609,#9610,#9611);
#9609 = CARTESIAN_POINT('',(2.298480775301,-0.43,0.742364817767));
#9610 = DIRECTION('',(0.986841372087,1.095614012943E-16,0.161691392282)
  );
#9611 = DIRECTION('',(0.161691392282,1.795135065956E-17,-0.986841372087)
  );
#9612 = ADVANCED_FACE('',(#9613),#9624,.T.);
#9613 = FACE_BOUND('',#9614,.T.);
#9614 = EDGE_LOOP('',(#9615,#9616,#9617,#9618));
#9615 = ORIENTED_EDGE('',*,*,#6979,.T.);
#9616 = ORIENTED_EDGE('',*,*,#7846,.T.);
#9617 = ORIENTED_EDGE('',*,*,#7088,.F.);
#9618 = ORIENTED_EDGE('',*,*,#9619,.F.);
#9619 = EDGE_CURVE('',#6972,#7081,#9620,.T.);
#9620 = LINE('',#9621,#9622);
#9621 = CARTESIAN_POINT('',(2.495442325904,-1.7,0.7770944533));
#9622 = VECTOR('',#9623,1.);
#9623 = DIRECTION('',(1.110223024625E-16,-1.,0.));
#9624 = CYLINDRICAL_SURFACE('',#9625,0.3);
#9625 = AXIS2_PLACEMENT_3D('',#9626,#9627,#9628);
#9626 = CARTESIAN_POINT('',(2.2,-1.7,0.725));
#9627 = DIRECTION('',(-1.110223024625E-16,1.,0.));
#9628 = DIRECTION('',(0.984807753012,1.093356242223E-16,0.173648177667)
  );
#9629 = ADVANCED_FACE('',(#9630),#9641,.F.);
#9630 = FACE_BOUND('',#9631,.F.);
#9631 = EDGE_LOOP('',(#9632,#9638,#9639,#9640));
#9632 = ORIENTED_EDGE('',*,*,#9633,.T.);
#9633 = EDGE_CURVE('',#6963,#7072,#9634,.T.);
#9634 = LINE('',#9635,#9636);
#9635 = CARTESIAN_POINT('',(2.5764581915,-1.7,0.282635182233));
#9636 = VECTOR('',#9637,1.);
#9637 = DIRECTION('',(1.110223024625E-16,-1.,0.));
#9638 = ORIENTED_EDGE('',*,*,#7080,.T.);
#9639 = ORIENTED_EDGE('',*,*,#9619,.F.);
#9640 = ORIENTED_EDGE('',*,*,#6971,.F.);
#9641 = PLANE('',#9642);
#9642 = AXIS2_PLACEMENT_3D('',#9643,#9644,#9645);
#9643 = CARTESIAN_POINT('',(2.5764581915,-1.7,0.282635182233));
#9644 = DIRECTION('',(-0.986841372087,-1.095614012943E-16,
    -0.161691392282));
#9645 = DIRECTION('',(-0.161691392282,-1.795135065956E-17,0.986841372087
    ));
#9646 = ADVANCED_FACE('',(#9647),#9658,.F.);
#9647 = FACE_BOUND('',#9648,.F.);
#9648 = EDGE_LOOP('',(#9649,#9655,#9656,#9657));
#9649 = ORIENTED_EDGE('',*,*,#9650,.T.);
#9650 = EDGE_CURVE('',#6955,#7064,#9651,.T.);
#9651 = LINE('',#9652,#9653);
#9652 = CARTESIAN_POINT('',(2.674938966801,-1.7,0.2));
#9653 = VECTOR('',#9654,1.);
#9654 = DIRECTION('',(1.110223024625E-16,-1.,0.));
#9655 = ORIENTED_EDGE('',*,*,#7071,.T.);
#9656 = ORIENTED_EDGE('',*,*,#9633,.F.);
#9657 = ORIENTED_EDGE('',*,*,#6962,.F.);
#9658 = CYLINDRICAL_SURFACE('',#9659,0.1);
#9659 = AXIS2_PLACEMENT_3D('',#9660,#9661,#9662);
#9660 = CARTESIAN_POINT('',(2.674938966801,-1.7,0.3));
#9661 = DIRECTION('',(-1.110223024625E-16,1.,0.));
#9662 = DIRECTION('',(0.,0.,-1.));
#9663 = ADVANCED_FACE('',(#9664),#9675,.F.);
#9664 = FACE_BOUND('',#9665,.F.);
#9665 = EDGE_LOOP('',(#9666,#9672,#9673,#9674));
#9666 = ORIENTED_EDGE('',*,*,#9667,.T.);
#9667 = EDGE_CURVE('',#6947,#7056,#9668,.T.);
#9668 = LINE('',#9669,#9670);
#9669 = CARTESIAN_POINT('',(3.,-1.7,0.2));
#9670 = VECTOR('',#9671,1.);
#9671 = DIRECTION('',(1.110223024625E-16,-1.,0.));
#9672 = ORIENTED_EDGE('',*,*,#7063,.T.);
#9673 = ORIENTED_EDGE('',*,*,#9650,.F.);
#9674 = ORIENTED_EDGE('',*,*,#6954,.F.);
#9675 = PLANE('',#9676);
#9676 = AXIS2_PLACEMENT_3D('',#9677,#9678,#9679);
#9677 = CARTESIAN_POINT('',(3.,-1.7,0.2));
#9678 = DIRECTION('',(0.,0.,-1.));
#9679 = DIRECTION('',(-1.,-1.110223024625E-16,-0.));
#9680 = ADVANCED_FACE('',(#9681),#9692,.F.);
#9681 = FACE_BOUND('',#9682,.F.);
#9682 = EDGE_LOOP('',(#9683,#9689,#9690,#9691));
#9683 = ORIENTED_EDGE('',*,*,#9684,.T.);
#9684 = EDGE_CURVE('',#6939,#7048,#9685,.T.);
#9685 = LINE('',#9686,#9687);
#9686 = CARTESIAN_POINT('',(3.,-1.7,0.));
#9687 = VECTOR('',#9688,1.);
#9688 = DIRECTION('',(1.110223024625E-16,-1.,0.));
#9689 = ORIENTED_EDGE('',*,*,#7055,.T.);
#9690 = ORIENTED_EDGE('',*,*,#9667,.F.);
#9691 = ORIENTED_EDGE('',*,*,#6946,.F.);
#9692 = PLANE('',#9693);
#9693 = AXIS2_PLACEMENT_3D('',#9694,#9695,#9696);
#9694 = CARTESIAN_POINT('',(3.,-1.7,0.));
#9695 = DIRECTION('',(-1.,-1.110223024625E-16,0.));
#9696 = DIRECTION('',(0.,0.,1.));
#9697 = ADVANCED_FACE('',(#9698),#9709,.F.);
#9698 = FACE_BOUND('',#9699,.F.);
#9699 = EDGE_LOOP('',(#9700,#9706,#9707,#9708));
#9700 = ORIENTED_EDGE('',*,*,#9701,.T.);
#9701 = EDGE_CURVE('',#6930,#7039,#9702,.T.);
#9702 = LINE('',#9703,#9704);
#9703 = CARTESIAN_POINT('',(2.674938966801,-1.7,0.));
#9704 = VECTOR('',#9705,1.);
#9705 = DIRECTION('',(1.110223024625E-16,-1.,0.));
#9706 = ORIENTED_EDGE('',*,*,#7047,.T.);
#9707 = ORIENTED_EDGE('',*,*,#9684,.F.);
#9708 = ORIENTED_EDGE('',*,*,#6938,.F.);
#9709 = PLANE('',#9710);
#9710 = AXIS2_PLACEMENT_3D('',#9711,#9712,#9713);
#9711 = CARTESIAN_POINT('',(2.674938966801,-1.7,0.));
#9712 = DIRECTION('',(0.,0.,1.));
#9713 = DIRECTION('',(1.,1.110223024625E-16,-0.));
#9714 = ADVANCED_FACE('',(#9715),#9726,.T.);
#9715 = FACE_BOUND('',#9716,.T.);
#9716 = EDGE_LOOP('',(#9717,#9718,#9719,#9720));
#9717 = ORIENTED_EDGE('',*,*,#6929,.T.);
#9718 = ORIENTED_EDGE('',*,*,#9701,.T.);
#9719 = ORIENTED_EDGE('',*,*,#7038,.F.);
#9720 = ORIENTED_EDGE('',*,*,#9721,.F.);
#9721 = EDGE_CURVE('',#6922,#7031,#9722,.T.);
#9722 = LINE('',#9723,#9724);
#9723 = CARTESIAN_POINT('',(2.379496640897,-1.7,0.2479055467));
#9724 = VECTOR('',#9725,1.);
#9725 = DIRECTION('',(1.110223024625E-16,-1.,0.));
#9726 = CYLINDRICAL_SURFACE('',#9727,0.3);
#9727 = AXIS2_PLACEMENT_3D('',#9728,#9729,#9730);
#9728 = CARTESIAN_POINT('',(2.674938966801,-1.7,0.3));
#9729 = DIRECTION('',(-1.110223024625E-16,1.,0.));
#9730 = DIRECTION('',(-0.984807753012,-1.093356242223E-16,
    -0.173648177667));
#9731 = ADVANCED_FACE('',(#9732),#9738,.F.);
#9732 = FACE_BOUND('',#9733,.F.);
#9733 = EDGE_LOOP('',(#9734,#9735,#9736,#9737));
#9734 = ORIENTED_EDGE('',*,*,#7012,.T.);
#9735 = ORIENTED_EDGE('',*,*,#7030,.T.);
#9736 = ORIENTED_EDGE('',*,*,#9721,.F.);
#9737 = ORIENTED_EDGE('',*,*,#6921,.F.);
#9738 = PLANE('',#9739);
#9739 = AXIS2_PLACEMENT_3D('',#9740,#9741,#9742);
#9740 = CARTESIAN_POINT('',(2.298480775301,-1.7,0.742364817767));
#9741 = DIRECTION('',(0.986841372087,1.095614012943E-16,0.161691392282)
  );
#9742 = DIRECTION('',(0.161691392282,1.795135065956E-17,-0.986841372087)
  );
#9743 = ADVANCED_FACE('',(#9744),#9755,.T.);
#9744 = FACE_BOUND('',#9745,.T.);
#9745 = EDGE_LOOP('',(#9746,#9747,#9748,#9749));
#9746 = ORIENTED_EDGE('',*,*,#7202,.T.);
#9747 = ORIENTED_EDGE('',*,*,#7865,.T.);
#9748 = ORIENTED_EDGE('',*,*,#7311,.F.);
#9749 = ORIENTED_EDGE('',*,*,#9750,.F.);
#9750 = EDGE_CURVE('',#7195,#7304,#9751,.T.);
#9751 = LINE('',#9752,#9753);
#9752 = CARTESIAN_POINT('',(2.495442325904,-2.97,0.7770944533));
#9753 = VECTOR('',#9754,1.);
#9754 = DIRECTION('',(1.110223024625E-16,-1.,0.));
#9755 = CYLINDRICAL_SURFACE('',#9756,0.3);
#9756 = AXIS2_PLACEMENT_3D('',#9757,#9758,#9759);
#9757 = CARTESIAN_POINT('',(2.2,-2.97,0.725));
#9758 = DIRECTION('',(-1.110223024625E-16,1.,0.));
#9759 = DIRECTION('',(0.984807753012,1.093356242223E-16,0.173648177667)
  );
#9760 = ADVANCED_FACE('',(#9761),#9772,.F.);
#9761 = FACE_BOUND('',#9762,.F.);
#9762 = EDGE_LOOP('',(#9763,#9769,#9770,#9771));
#9763 = ORIENTED_EDGE('',*,*,#9764,.T.);
#9764 = EDGE_CURVE('',#7186,#7295,#9765,.T.);
#9765 = LINE('',#9766,#9767);
#9766 = CARTESIAN_POINT('',(2.5764581915,-2.97,0.282635182233));
#9767 = VECTOR('',#9768,1.);
#9768 = DIRECTION('',(1.110223024625E-16,-1.,0.));
#9769 = ORIENTED_EDGE('',*,*,#7303,.T.);
#9770 = ORIENTED_EDGE('',*,*,#9750,.F.);
#9771 = ORIENTED_EDGE('',*,*,#7194,.F.);
#9772 = PLANE('',#9773);
#9773 = AXIS2_PLACEMENT_3D('',#9774,#9775,#9776);
#9774 = CARTESIAN_POINT('',(2.5764581915,-2.97,0.282635182233));
#9775 = DIRECTION('',(-0.986841372087,-1.095614012943E-16,
    -0.161691392282));
#9776 = DIRECTION('',(-0.161691392282,-1.795135065956E-17,0.986841372087
    ));
#9777 = ADVANCED_FACE('',(#9778),#9789,.F.);
#9778 = FACE_BOUND('',#9779,.F.);
#9779 = EDGE_LOOP('',(#9780,#9786,#9787,#9788));
#9780 = ORIENTED_EDGE('',*,*,#9781,.T.);
#9781 = EDGE_CURVE('',#7178,#7287,#9782,.T.);
#9782 = LINE('',#9783,#9784);
#9783 = CARTESIAN_POINT('',(2.674938966801,-2.97,0.2));
#9784 = VECTOR('',#9785,1.);
#9785 = DIRECTION('',(1.110223024625E-16,-1.,0.));
#9786 = ORIENTED_EDGE('',*,*,#7294,.T.);
#9787 = ORIENTED_EDGE('',*,*,#9764,.F.);
#9788 = ORIENTED_EDGE('',*,*,#7185,.F.);
#9789 = CYLINDRICAL_SURFACE('',#9790,0.1);
#9790 = AXIS2_PLACEMENT_3D('',#9791,#9792,#9793);
#9791 = CARTESIAN_POINT('',(2.674938966801,-2.97,0.3));
#9792 = DIRECTION('',(-1.110223024625E-16,1.,0.));
#9793 = DIRECTION('',(0.,0.,-1.));
#9794 = ADVANCED_FACE('',(#9795),#9806,.F.);
#9795 = FACE_BOUND('',#9796,.F.);
#9796 = EDGE_LOOP('',(#9797,#9803,#9804,#9805));
#9797 = ORIENTED_EDGE('',*,*,#9798,.T.);
#9798 = EDGE_CURVE('',#7170,#7279,#9799,.T.);
#9799 = LINE('',#9800,#9801);
#9800 = CARTESIAN_POINT('',(3.,-2.97,0.2));
#9801 = VECTOR('',#9802,1.);
#9802 = DIRECTION('',(1.110223024625E-16,-1.,0.));
#9803 = ORIENTED_EDGE('',*,*,#7286,.T.);
#9804 = ORIENTED_EDGE('',*,*,#9781,.F.);
#9805 = ORIENTED_EDGE('',*,*,#7177,.F.);
#9806 = PLANE('',#9807);
#9807 = AXIS2_PLACEMENT_3D('',#9808,#9809,#9810);
#9808 = CARTESIAN_POINT('',(3.,-2.97,0.2));
#9809 = DIRECTION('',(0.,0.,-1.));
#9810 = DIRECTION('',(-1.,-1.110223024625E-16,-0.));
#9811 = ADVANCED_FACE('',(#9812),#9823,.F.);
#9812 = FACE_BOUND('',#9813,.F.);
#9813 = EDGE_LOOP('',(#9814,#9820,#9821,#9822));
#9814 = ORIENTED_EDGE('',*,*,#9815,.T.);
#9815 = EDGE_CURVE('',#7162,#7271,#9816,.T.);
#9816 = LINE('',#9817,#9818);
#9817 = CARTESIAN_POINT('',(3.,-2.97,0.));
#9818 = VECTOR('',#9819,1.);
#9819 = DIRECTION('',(1.110223024625E-16,-1.,0.));
#9820 = ORIENTED_EDGE('',*,*,#7278,.T.);
#9821 = ORIENTED_EDGE('',*,*,#9798,.F.);
#9822 = ORIENTED_EDGE('',*,*,#7169,.F.);
#9823 = PLANE('',#9824);
#9824 = AXIS2_PLACEMENT_3D('',#9825,#9826,#9827);
#9825 = CARTESIAN_POINT('',(3.,-2.97,0.));
#9826 = DIRECTION('',(-1.,-1.110223024625E-16,0.));
#9827 = DIRECTION('',(0.,0.,1.));
#9828 = ADVANCED_FACE('',(#9829),#9840,.F.);
#9829 = FACE_BOUND('',#9830,.F.);
#9830 = EDGE_LOOP('',(#9831,#9837,#9838,#9839));
#9831 = ORIENTED_EDGE('',*,*,#9832,.T.);
#9832 = EDGE_CURVE('',#7153,#7262,#9833,.T.);
#9833 = LINE('',#9834,#9835);
#9834 = CARTESIAN_POINT('',(2.674938966801,-2.97,0.));
#9835 = VECTOR('',#9836,1.);
#9836 = DIRECTION('',(1.110223024625E-16,-1.,0.));
#9837 = ORIENTED_EDGE('',*,*,#7270,.T.);
#9838 = ORIENTED_EDGE('',*,*,#9815,.F.);
#9839 = ORIENTED_EDGE('',*,*,#7161,.F.);
#9840 = PLANE('',#9841);
#9841 = AXIS2_PLACEMENT_3D('',#9842,#9843,#9844);
#9842 = CARTESIAN_POINT('',(2.674938966801,-2.97,0.));
#9843 = DIRECTION('',(0.,0.,1.));
#9844 = DIRECTION('',(1.,1.110223024625E-16,-0.));
#9845 = ADVANCED_FACE('',(#9846),#9857,.T.);
#9846 = FACE_BOUND('',#9847,.T.);
#9847 = EDGE_LOOP('',(#9848,#9849,#9850,#9851));
#9848 = ORIENTED_EDGE('',*,*,#7152,.T.);
#9849 = ORIENTED_EDGE('',*,*,#9832,.T.);
#9850 = ORIENTED_EDGE('',*,*,#7261,.F.);
#9851 = ORIENTED_EDGE('',*,*,#9852,.F.);
#9852 = EDGE_CURVE('',#7145,#7254,#9853,.T.);
#9853 = LINE('',#9854,#9855);
#9854 = CARTESIAN_POINT('',(2.379496640897,-2.97,0.2479055467));
#9855 = VECTOR('',#9856,1.);
#9856 = DIRECTION('',(1.110223024625E-16,-1.,0.));
#9857 = CYLINDRICAL_SURFACE('',#9858,0.3);
#9858 = AXIS2_PLACEMENT_3D('',#9859,#9860,#9861);
#9859 = CARTESIAN_POINT('',(2.674938966801,-2.97,0.3));
#9860 = DIRECTION('',(-1.110223024625E-16,1.,0.));
#9861 = DIRECTION('',(-0.984807753012,-1.093356242223E-16,
    -0.173648177667));
#9862 = ADVANCED_FACE('',(#9863),#9869,.F.);
#9863 = FACE_BOUND('',#9864,.F.);
#9864 = EDGE_LOOP('',(#9865,#9866,#9867,#9868));
#9865 = ORIENTED_EDGE('',*,*,#7235,.T.);
#9866 = ORIENTED_EDGE('',*,*,#7253,.T.);
#9867 = ORIENTED_EDGE('',*,*,#9852,.F.);
#9868 = ORIENTED_EDGE('',*,*,#7144,.F.);
#9869 = PLANE('',#9870);
#9870 = AXIS2_PLACEMENT_3D('',#9871,#9872,#9873);
#9871 = CARTESIAN_POINT('',(2.298480775301,-2.97,0.742364817767));
#9872 = DIRECTION('',(0.986841372087,1.095614012943E-16,0.161691392282)
  );
#9873 = DIRECTION('',(0.161691392282,1.795135065956E-17,-0.986841372087)
  );
#9874 = ADVANCED_FACE('',(#9875),#9886,.T.);
#9875 = FACE_BOUND('',#9876,.T.);
#9876 = EDGE_LOOP('',(#9877,#9878,#9879,#9880));
#9877 = ORIENTED_EDGE('',*,*,#7425,.T.);
#9878 = ORIENTED_EDGE('',*,*,#7884,.T.);
#9879 = ORIENTED_EDGE('',*,*,#7534,.F.);
#9880 = ORIENTED_EDGE('',*,*,#9881,.F.);
#9881 = EDGE_CURVE('',#7418,#7527,#9882,.T.);
#9882 = LINE('',#9883,#9884);
#9883 = CARTESIAN_POINT('',(2.495442325904,-4.24,0.7770944533));
#9884 = VECTOR('',#9885,1.);
#9885 = DIRECTION('',(1.110223024625E-16,-1.,0.));
#9886 = CYLINDRICAL_SURFACE('',#9887,0.3);
#9887 = AXIS2_PLACEMENT_3D('',#9888,#9889,#9890);
#9888 = CARTESIAN_POINT('',(2.2,-4.24,0.725));
#9889 = DIRECTION('',(-1.110223024625E-16,1.,0.));
#9890 = DIRECTION('',(0.984807753012,1.093356242223E-16,0.173648177667)
  );
#9891 = ADVANCED_FACE('',(#9892),#9903,.F.);
#9892 = FACE_BOUND('',#9893,.F.);
#9893 = EDGE_LOOP('',(#9894,#9900,#9901,#9902));
#9894 = ORIENTED_EDGE('',*,*,#9895,.T.);
#9895 = EDGE_CURVE('',#7409,#7518,#9896,.T.);
#9896 = LINE('',#9897,#9898);
#9897 = CARTESIAN_POINT('',(2.5764581915,-4.24,0.282635182233));
#9898 = VECTOR('',#9899,1.);
#9899 = DIRECTION('',(1.110223024625E-16,-1.,0.));
#9900 = ORIENTED_EDGE('',*,*,#7526,.T.);
#9901 = ORIENTED_EDGE('',*,*,#9881,.F.);
#9902 = ORIENTED_EDGE('',*,*,#7417,.F.);
#9903 = PLANE('',#9904);
#9904 = AXIS2_PLACEMENT_3D('',#9905,#9906,#9907);
#9905 = CARTESIAN_POINT('',(2.5764581915,-4.24,0.282635182233));
#9906 = DIRECTION('',(-0.986841372087,-1.095614012943E-16,
    -0.161691392282));
#9907 = DIRECTION('',(-0.161691392282,-1.795135065956E-17,0.986841372087
    ));
#9908 = ADVANCED_FACE('',(#9909),#9920,.F.);
#9909 = FACE_BOUND('',#9910,.F.);
#9910 = EDGE_LOOP('',(#9911,#9917,#9918,#9919));
#9911 = ORIENTED_EDGE('',*,*,#9912,.T.);
#9912 = EDGE_CURVE('',#7401,#7510,#9913,.T.);
#9913 = LINE('',#9914,#9915);
#9914 = CARTESIAN_POINT('',(2.674938966801,-4.24,0.2));
#9915 = VECTOR('',#9916,1.);
#9916 = DIRECTION('',(1.110223024625E-16,-1.,0.));
#9917 = ORIENTED_EDGE('',*,*,#7517,.T.);
#9918 = ORIENTED_EDGE('',*,*,#9895,.F.);
#9919 = ORIENTED_EDGE('',*,*,#7408,.F.);
#9920 = CYLINDRICAL_SURFACE('',#9921,0.1);
#9921 = AXIS2_PLACEMENT_3D('',#9922,#9923,#9924);
#9922 = CARTESIAN_POINT('',(2.674938966801,-4.24,0.3));
#9923 = DIRECTION('',(-1.110223024625E-16,1.,0.));
#9924 = DIRECTION('',(0.,0.,-1.));
#9925 = ADVANCED_FACE('',(#9926),#9937,.F.);
#9926 = FACE_BOUND('',#9927,.F.);
#9927 = EDGE_LOOP('',(#9928,#9934,#9935,#9936));
#9928 = ORIENTED_EDGE('',*,*,#9929,.T.);
#9929 = EDGE_CURVE('',#7393,#7502,#9930,.T.);
#9930 = LINE('',#9931,#9932);
#9931 = CARTESIAN_POINT('',(3.,-4.24,0.2));
#9932 = VECTOR('',#9933,1.);
#9933 = DIRECTION('',(1.110223024625E-16,-1.,0.));
#9934 = ORIENTED_EDGE('',*,*,#7509,.T.);
#9935 = ORIENTED_EDGE('',*,*,#9912,.F.);
#9936 = ORIENTED_EDGE('',*,*,#7400,.F.);
#9937 = PLANE('',#9938);
#9938 = AXIS2_PLACEMENT_3D('',#9939,#9940,#9941);
#9939 = CARTESIAN_POINT('',(3.,-4.24,0.2));
#9940 = DIRECTION('',(0.,0.,-1.));
#9941 = DIRECTION('',(-1.,-1.110223024625E-16,-0.));
#9942 = ADVANCED_FACE('',(#9943),#9954,.F.);
#9943 = FACE_BOUND('',#9944,.F.);
#9944 = EDGE_LOOP('',(#9945,#9951,#9952,#9953));
#9945 = ORIENTED_EDGE('',*,*,#9946,.T.);
#9946 = EDGE_CURVE('',#7385,#7494,#9947,.T.);
#9947 = LINE('',#9948,#9949);
#9948 = CARTESIAN_POINT('',(3.,-4.24,0.));
#9949 = VECTOR('',#9950,1.);
#9950 = DIRECTION('',(1.110223024625E-16,-1.,0.));
#9951 = ORIENTED_EDGE('',*,*,#7501,.T.);
#9952 = ORIENTED_EDGE('',*,*,#9929,.F.);
#9953 = ORIENTED_EDGE('',*,*,#7392,.F.);
#9954 = PLANE('',#9955);
#9955 = AXIS2_PLACEMENT_3D('',#9956,#9957,#9958);
#9956 = CARTESIAN_POINT('',(3.,-4.24,0.));
#9957 = DIRECTION('',(-1.,-1.110223024625E-16,0.));
#9958 = DIRECTION('',(0.,0.,1.));
#9959 = ADVANCED_FACE('',(#9960),#9971,.F.);
#9960 = FACE_BOUND('',#9961,.F.);
#9961 = EDGE_LOOP('',(#9962,#9968,#9969,#9970));
#9962 = ORIENTED_EDGE('',*,*,#9963,.T.);
#9963 = EDGE_CURVE('',#7376,#7485,#9964,.T.);
#9964 = LINE('',#9965,#9966);
#9965 = CARTESIAN_POINT('',(2.674938966801,-4.24,0.));
#9966 = VECTOR('',#9967,1.);
#9967 = DIRECTION('',(1.110223024625E-16,-1.,0.));
#9968 = ORIENTED_EDGE('',*,*,#7493,.T.);
#9969 = ORIENTED_EDGE('',*,*,#9946,.F.);
#9970 = ORIENTED_EDGE('',*,*,#7384,.F.);
#9971 = PLANE('',#9972);
#9972 = AXIS2_PLACEMENT_3D('',#9973,#9974,#9975);
#9973 = CARTESIAN_POINT('',(2.674938966801,-4.24,0.));
#9974 = DIRECTION('',(0.,0.,1.));
#9975 = DIRECTION('',(1.,1.110223024625E-16,-0.));
#9976 = ADVANCED_FACE('',(#9977),#9988,.T.);
#9977 = FACE_BOUND('',#9978,.T.);
#9978 = EDGE_LOOP('',(#9979,#9980,#9981,#9982));
#9979 = ORIENTED_EDGE('',*,*,#7375,.T.);
#9980 = ORIENTED_EDGE('',*,*,#9963,.T.);
#9981 = ORIENTED_EDGE('',*,*,#7484,.F.);
#9982 = ORIENTED_EDGE('',*,*,#9983,.F.);
#9983 = EDGE_CURVE('',#7368,#7477,#9984,.T.);
#9984 = LINE('',#9985,#9986);
#9985 = CARTESIAN_POINT('',(2.379496640897,-4.24,0.2479055467));
#9986 = VECTOR('',#9987,1.);
#9987 = DIRECTION('',(1.110223024625E-16,-1.,0.));
#9988 = CYLINDRICAL_SURFACE('',#9989,0.3);
#9989 = AXIS2_PLACEMENT_3D('',#9990,#9991,#9992);
#9990 = CARTESIAN_POINT('',(2.674938966801,-4.24,0.3));
#9991 = DIRECTION('',(-1.110223024625E-16,1.,0.));
#9992 = DIRECTION('',(-0.984807753012,-1.093356242223E-16,
    -0.173648177667));
#9993 = ADVANCED_FACE('',(#9994),#10000,.F.);
#9994 = FACE_BOUND('',#9995,.F.);
#9995 = EDGE_LOOP('',(#9996,#9997,#9998,#9999));
#9996 = ORIENTED_EDGE('',*,*,#7458,.T.);
#9997 = ORIENTED_EDGE('',*,*,#7476,.T.);
#9998 = ORIENTED_EDGE('',*,*,#9983,.F.);
#9999 = ORIENTED_EDGE('',*,*,#7367,.F.);
#10000 = PLANE('',#10001);
#10001 = AXIS2_PLACEMENT_3D('',#10002,#10003,#10004);
#10002 = CARTESIAN_POINT('',(2.298480775301,-4.24,0.742364817767));
#10003 = DIRECTION('',(0.986841372087,1.095614012943E-16,0.161691392282)
  );
#10004 = DIRECTION('',(0.161691392282,1.795135065956E-17,-0.986841372087
    ));
#10005 = ADVANCED_FACE('',(#10006),#10009,.F.);
#10006 = FACE_BOUND('',#10007,.T.);
#10007 = EDGE_LOOP('',(#10008));
#10008 = ORIENTED_EDGE('',*,*,#7736,.F.);
#10009 = PLANE('',#10010);
#10010 = AXIS2_PLACEMENT_3D('',#10011,#10012,#10013);
#10011 = CARTESIAN_POINT('',(-0.960171280765,3.960171280765,1.75));
#10012 = DIRECTION('',(0.,0.,-1.));
#10013 = DIRECTION('',(1.110223024625E-16,-1.,0.));
#10014 = ( GEOMETRIC_REPRESENTATION_CONTEXT(3) 
GLOBAL_UNCERTAINTY_ASSIGNED_CONTEXT((#10018)) 
GLOBAL_UNIT_ASSIGNED_CONTEXT((#10015,#10016,#10017)) 
REPRESENTATION_CONTEXT('Context #1',
  '3D Context with UNIT and UNCERTAINTY') );
#10015 = ( LENGTH_UNIT() NAMED_UNIT(*) SI_UNIT(.MILLI.,.METRE.) );
#10016 = ( NAMED_UNIT(*) PLANE_ANGLE_UNIT() SI_UNIT($,.RADIAN.) );
#10017 = ( NAMED_UNIT(*) SI_UNIT($,.STERADIAN.) SOLID_ANGLE_UNIT() );
#10018 = UNCERTAINTY_MEASURE_WITH_UNIT(LENGTH_MEASURE(1.E-07),#10015,
  'distance_accuracy_value','confusion accuracy');
#10019 = CONTEXT_DEPENDENT_SHAPE_REPRESENTATION(#10020,#10022);
#10020 = ( REPRESENTATION_RELATIONSHIP('','',#1807,#1784) 
REPRESENTATION_RELATIONSHIP_WITH_TRANSFORMATION(#10021) 
SHAPE_REPRESENTATION_RELATIONSHIP() );
#10021 = ITEM_DEFINED_TRANSFORMATION('','',#11,#1785);
#10022 = PRODUCT_DEFINITION_SHAPE('Placement','Placement of an item',
  #10023);
#10023 = NEXT_ASSEMBLY_USAGE_OCCURRENCE('5','=>[0:1:1:7]','',#1779,#1802
  ,$);
#10024 = PRODUCT_RELATED_PRODUCT_CATEGORY('part',$,(#1804));
#10025 = SHAPE_DEFINITION_REPRESENTATION(#10026,#10032);
#10026 = PRODUCT_DEFINITION_SHAPE('','',#10027);
#10027 = PRODUCT_DEFINITION('design','',#10028,#10031);
#10028 = PRODUCT_DEFINITION_FORMATION('','',#10029);
#10029 = PRODUCT('0.91'''' 128x32 OLED Display',
  '0.91'''' 128x32 OLED Display','',(#10030));
#10030 = PRODUCT_CONTEXT('',#2,'mechanical');
#10031 = PRODUCT_DEFINITION_CONTEXT('part definition',#2,'design');
#10032 = SHAPE_REPRESENTATION('',(#11,#10033),#10037);
#10033 = AXIS2_PLACEMENT_3D('',#10034,#10035,#10036);
#10034 = CARTESIAN_POINT('',(0.,0.,0.));
#10035 = DIRECTION('',(0.,0.,1.));
#10036 = DIRECTION('',(1.,0.,-0.));
#10037 = ( GEOMETRIC_REPRESENTATION_CONTEXT(3) 
GLOBAL_UNCERTAINTY_ASSIGNED_CONTEXT((#10041)) 
GLOBAL_UNIT_ASSIGNED_CONTEXT((#10038,#10039,#10040)) 
REPRESENTATION_CONTEXT('Context #1',
  '3D Context with UNIT and UNCERTAINTY') );
#10038 = ( LENGTH_UNIT() NAMED_UNIT(*) SI_UNIT(.MILLI.,.METRE.) );
#10039 = ( NAMED_UNIT(*) PLANE_ANGLE_UNIT() SI_UNIT($,.RADIAN.) );
#10040 = ( NAMED_UNIT(*) SI_UNIT($,.STERADIAN.) SOLID_ANGLE_UNIT() );
#10041 = UNCERTAINTY_MEASURE_WITH_UNIT(LENGTH_MEASURE(1.E-07),#10038,
  'distance_accuracy_value','confusion accuracy');
#10042 = CONTEXT_DEPENDENT_SHAPE_REPRESENTATION(#10043,#10045);
#10043 = ( REPRESENTATION_RELATIONSHIP('','',#10032,#10) 
REPRESENTATION_RELATIONSHIP_WITH_TRANSFORMATION(#10044) 
SHAPE_REPRESENTATION_RELATIONSHIP() );
#10044 = ITEM_DEFINED_TRANSFORMATION('','',#11,#27);
#10045 = PRODUCT_DEFINITION_SHAPE('Placement','Placement of an item',
  #10046);
#10046 = NEXT_ASSEMBLY_USAGE_OCCURRENCE('12','J2','',#5,#10027,$);
#10047 = PRODUCT_RELATED_PRODUCT_CATEGORY('part',$,(#10029));
#10048 = SHAPE_DEFINITION_REPRESENTATION(#10049,#10055);
#10049 = PRODUCT_DEFINITION_SHAPE('','',#10050);
#10050 = PRODUCT_DEFINITION('design','',#10051,#10054);
#10051 = PRODUCT_DEFINITION_FORMATION('','',#10052);
#10052 = PRODUCT('0.91" 128x32 OLED Display v7',
  '0.91" 128x32 OLED Display v7','',(#10053));
#10053 = PRODUCT_CONTEXT('',#2,'mechanical');
#10054 = PRODUCT_DEFINITION_CONTEXT('part definition',#2,'design');
#10055 = SHAPE_REPRESENTATION('',(#11,#10056,#10060,#10064,#10068),
  #10072);
#10056 = AXIS2_PLACEMENT_3D('',#10057,#10058,#10059);
#10057 = CARTESIAN_POINT('',(0.,0.,0.));
#10058 = DIRECTION('',(0.,0.,1.));
#10059 = DIRECTION('',(1.,0.,0.));
#10060 = AXIS2_PLACEMENT_3D('',#10061,#10062,#10063);
#10061 = CARTESIAN_POINT('',(0.,0.,0.));
#10062 = DIRECTION('',(0.,0.,1.));
#10063 = DIRECTION('',(1.,0.,0.));
#10064 = AXIS2_PLACEMENT_3D('',#10065,#10066,#10067);
#10065 = CARTESIAN_POINT('',(0.,0.,0.));
#10066 = DIRECTION('',(0.,0.,1.));
#10067 = DIRECTION('',(1.,0.,0.));
#10068 = AXIS2_PLACEMENT_3D('',#10069,#10070,#10071);
#10069 = CARTESIAN_POINT('',(0.,0.,0.));
#10070 = DIRECTION('',(0.,0.,1.));
#10071 = DIRECTION('',(1.,0.,0.));
#10072 = ( GEOMETRIC_REPRESENTATION_CONTEXT(3) 
GLOBAL_UNCERTAINTY_ASSIGNED_CONTEXT((#10076)) 
GLOBAL_UNIT_ASSIGNED_CONTEXT((#10073,#10074,#10075)) 
REPRESENTATION_CONTEXT('Context #1',
  '3D Context with UNIT and UNCERTAINTY') );
#10073 = ( LENGTH_UNIT() NAMED_UNIT(*) SI_UNIT(.MILLI.,.METRE.) );
#10074 = ( NAMED_UNIT(*) PLANE_ANGLE_UNIT() SI_UNIT($,.RADIAN.) );
#10075 = ( NAMED_UNIT(*) SI_UNIT($,.STERADIAN.) SOLID_ANGLE_UNIT() );
#10076 = UNCERTAINTY_MEASURE_WITH_UNIT(LENGTH_MEASURE(1.E-07),#10073,
  'distance_accuracy_value','confusion accuracy');
#10077 = CONTEXT_DEPENDENT_SHAPE_REPRESENTATION(#10078,#10080);
#10078 = ( REPRESENTATION_RELATIONSHIP('','',#10055,#10032) 
REPRESENTATION_RELATIONSHIP_WITH_TRANSFORMATION(#10079) 
SHAPE_REPRESENTATION_RELATIONSHIP() );
#10079 = ITEM_DEFINED_TRANSFORMATION('','',#11,#10033);
#10080 = PRODUCT_DEFINITION_SHAPE('Placement','Placement of an item',
  #10081);
#10081 = NEXT_ASSEMBLY_USAGE_OCCURRENCE('11','=>[0:1:1:9]','',#10027,
  #10050,$);
#10082 = PRODUCT_RELATED_PRODUCT_CATEGORY('part',$,(#10052));
#10083 = SHAPE_DEFINITION_REPRESENTATION(#10084,#10090);
#10084 = PRODUCT_DEFINITION_SHAPE('','',#10085);
#10085 = PRODUCT_DEFINITION('design','',#10086,#10089);
#10086 = PRODUCT_DEFINITION_FORMATION('','',#10087);
#10087 = PRODUCT('Bottom Base','Bottom Base','',(#10088));
#10088 = PRODUCT_CONTEXT('',#2,'mechanical');
#10089 = PRODUCT_DEFINITION_CONTEXT('part definition',#2,'design');
#10090 = ADVANCED_BREP_SHAPE_REPRESENTATION('',(#11,#10091),#10785);
#10091 = MANIFOLD_SOLID_BREP('',#10092);
#10092 = CLOSED_SHELL('',(#10093,#10133,#10164,#10195,#10217,#10257,
    #10288,#10319,#10341,#10381,#10412,#10443,#10465,#10505,#10536,
    #10567,#10589,#10629,#10660,#10691,#10713,#10749));
#10093 = ADVANCED_FACE('',(#10094),#10128,.F.);
#10094 = FACE_BOUND('',#10095,.T.);
#10095 = EDGE_LOOP('',(#10096,#10106,#10114,#10122));
#10096 = ORIENTED_EDGE('',*,*,#10097,.F.);
#10097 = EDGE_CURVE('',#10098,#10100,#10102,.T.);
#10098 = VERTEX_POINT('',#10099);
#10099 = CARTESIAN_POINT('',(-1.6,17.14,0.));
#10100 = VERTEX_POINT('',#10101);
#10101 = CARTESIAN_POINT('',(-1.,17.14,0.));
#10102 = LINE('',#10103,#10104);
#10103 = CARTESIAN_POINT('',(-0.5,17.14,0.));
#10104 = VECTOR('',#10105,1.);
#10105 = DIRECTION('',(1.,0.,0.));
#10106 = ORIENTED_EDGE('',*,*,#10107,.F.);
#10107 = EDGE_CURVE('',#10108,#10098,#10110,.T.);
#10108 = VERTEX_POINT('',#10109);
#10109 = CARTESIAN_POINT('',(-1.6,17.14,1.25));
#10110 = LINE('',#10111,#10112);
#10111 = CARTESIAN_POINT('',(-1.6,17.14,1.25));
#10112 = VECTOR('',#10113,1.);
#10113 = DIRECTION('',(0.,0.,-1.));
#10114 = ORIENTED_EDGE('',*,*,#10115,.F.);
#10115 = EDGE_CURVE('',#10116,#10108,#10118,.T.);
#10116 = VERTEX_POINT('',#10117);
#10117 = CARTESIAN_POINT('',(-1.,17.14,1.25));
#10118 = LINE('',#10119,#10120);
#10119 = CARTESIAN_POINT('',(-0.5,17.14,1.25));
#10120 = VECTOR('',#10121,1.);
#10121 = DIRECTION('',(-1.,0.,0.));
#10122 = ORIENTED_EDGE('',*,*,#10123,.T.);
#10123 = EDGE_CURVE('',#10116,#10100,#10124,.T.);
#10124 = LINE('',#10125,#10126);
#10125 = CARTESIAN_POINT('',(-1.,17.14,1.25));
#10126 = VECTOR('',#10127,1.);
#10127 = DIRECTION('',(0.,0.,-1.));
#10128 = PLANE('',#10129);
#10129 = AXIS2_PLACEMENT_3D('',#10130,#10131,#10132);
#10130 = CARTESIAN_POINT('',(-1.,17.14,1.25));
#10131 = DIRECTION('',(0.,-1.,0.));
#10132 = DIRECTION('',(-1.,0.,0.));
#10133 = ADVANCED_FACE('',(#10134),#10159,.F.);
#10134 = FACE_BOUND('',#10135,.T.);
#10135 = EDGE_LOOP('',(#10136,#10144,#10145,#10153));
#10136 = ORIENTED_EDGE('',*,*,#10137,.F.);
#10137 = EDGE_CURVE('',#10100,#10138,#10140,.T.);
#10138 = VERTEX_POINT('',#10139);
#10139 = CARTESIAN_POINT('',(-1.,17.74,0.));
#10140 = LINE('',#10141,#10142);
#10141 = CARTESIAN_POINT('',(-1.,8.87,0.));
#10142 = VECTOR('',#10143,1.);
#10143 = DIRECTION('',(0.,1.,0.));
#10144 = ORIENTED_EDGE('',*,*,#10123,.F.);
#10145 = ORIENTED_EDGE('',*,*,#10146,.F.);
#10146 = EDGE_CURVE('',#10147,#10116,#10149,.T.);
#10147 = VERTEX_POINT('',#10148);
#10148 = CARTESIAN_POINT('',(-1.,17.74,1.25));
#10149 = LINE('',#10150,#10151);
#10150 = CARTESIAN_POINT('',(-1.,8.87,1.25));
#10151 = VECTOR('',#10152,1.);
#10152 = DIRECTION('',(0.,-1.,0.));
#10153 = ORIENTED_EDGE('',*,*,#10154,.T.);
#10154 = EDGE_CURVE('',#10147,#10138,#10155,.T.);
#10155 = LINE('',#10156,#10157);
#10156 = CARTESIAN_POINT('',(-1.,17.74,1.25));
#10157 = VECTOR('',#10158,1.);
#10158 = DIRECTION('',(0.,0.,-1.));
#10159 = PLANE('',#10160);
#10160 = AXIS2_PLACEMENT_3D('',#10161,#10162,#10163);
#10161 = CARTESIAN_POINT('',(-1.,17.74,1.25));
#10162 = DIRECTION('',(1.,0.,0.));
#10163 = DIRECTION('',(0.,-1.,0.));
#10164 = ADVANCED_FACE('',(#10165),#10190,.F.);
#10165 = FACE_BOUND('',#10166,.T.);
#10166 = EDGE_LOOP('',(#10167,#10175,#10176,#10184));
#10167 = ORIENTED_EDGE('',*,*,#10168,.F.);
#10168 = EDGE_CURVE('',#10138,#10169,#10171,.T.);
#10169 = VERTEX_POINT('',#10170);
#10170 = CARTESIAN_POINT('',(-1.6,17.74,0.));
#10171 = LINE('',#10172,#10173);
#10172 = CARTESIAN_POINT('',(-0.8,17.74,0.));
#10173 = VECTOR('',#10174,1.);
#10174 = DIRECTION('',(-1.,0.,0.));
#10175 = ORIENTED_EDGE('',*,*,#10154,.F.);
#10176 = ORIENTED_EDGE('',*,*,#10177,.F.);
#10177 = EDGE_CURVE('',#10178,#10147,#10180,.T.);
#10178 = VERTEX_POINT('',#10179);
#10179 = CARTESIAN_POINT('',(-1.6,17.74,1.25));
#10180 = LINE('',#10181,#10182);
#10181 = CARTESIAN_POINT('',(-0.8,17.74,1.25));
#10182 = VECTOR('',#10183,1.);
#10183 = DIRECTION('',(1.,0.,0.));
#10184 = ORIENTED_EDGE('',*,*,#10185,.T.);
#10185 = EDGE_CURVE('',#10178,#10169,#10186,.T.);
#10186 = LINE('',#10187,#10188);
#10187 = CARTESIAN_POINT('',(-1.6,17.74,1.25));
#10188 = VECTOR('',#10189,1.);
#10189 = DIRECTION('',(0.,0.,-1.));
#10190 = PLANE('',#10191);
#10191 = AXIS2_PLACEMENT_3D('',#10192,#10193,#10194);
#10192 = CARTESIAN_POINT('',(-1.6,17.74,1.25));
#10193 = DIRECTION('',(0.,1.,0.));
#10194 = DIRECTION('',(1.,0.,0.));
#10195 = ADVANCED_FACE('',(#10196),#10212,.F.);
#10196 = FACE_BOUND('',#10197,.T.);
#10197 = EDGE_LOOP('',(#10198,#10204,#10205,#10211));
#10198 = ORIENTED_EDGE('',*,*,#10199,.F.);
#10199 = EDGE_CURVE('',#10169,#10098,#10200,.T.);
#10200 = LINE('',#10201,#10202);
#10201 = CARTESIAN_POINT('',(-1.6,8.57,0.));
#10202 = VECTOR('',#10203,1.);
#10203 = DIRECTION('',(0.,-1.,0.));
#10204 = ORIENTED_EDGE('',*,*,#10185,.F.);
#10205 = ORIENTED_EDGE('',*,*,#10206,.F.);
#10206 = EDGE_CURVE('',#10108,#10178,#10207,.T.);
#10207 = LINE('',#10208,#10209);
#10208 = CARTESIAN_POINT('',(-1.6,8.57,1.25));
#10209 = VECTOR('',#10210,1.);
#10210 = DIRECTION('',(0.,1.,0.));
#10211 = ORIENTED_EDGE('',*,*,#10107,.T.);
#10212 = PLANE('',#10213);
#10213 = AXIS2_PLACEMENT_3D('',#10214,#10215,#10216);
#10214 = CARTESIAN_POINT('',(-1.6,17.14,1.25));
#10215 = DIRECTION('',(-1.,0.,0.));
#10216 = DIRECTION('',(0.,1.,0.));
#10217 = ADVANCED_FACE('',(#10218),#10252,.F.);
#10218 = FACE_BOUND('',#10219,.T.);
#10219 = EDGE_LOOP('',(#10220,#10230,#10238,#10246));
#10220 = ORIENTED_EDGE('',*,*,#10221,.F.);
#10221 = EDGE_CURVE('',#10222,#10224,#10226,.T.);
#10222 = VERTEX_POINT('',#10223);
#10223 = CARTESIAN_POINT('',(1.,17.14,0.));
#10224 = VERTEX_POINT('',#10225);
#10225 = CARTESIAN_POINT('',(1.6,17.14,0.));
#10226 = LINE('',#10227,#10228);
#10227 = CARTESIAN_POINT('',(0.8,17.14,0.));
#10228 = VECTOR('',#10229,1.);
#10229 = DIRECTION('',(1.,0.,0.));
#10230 = ORIENTED_EDGE('',*,*,#10231,.F.);
#10231 = EDGE_CURVE('',#10232,#10222,#10234,.T.);
#10232 = VERTEX_POINT('',#10233);
#10233 = CARTESIAN_POINT('',(1.,17.14,1.25));
#10234 = LINE('',#10235,#10236);
#10235 = CARTESIAN_POINT('',(1.,17.14,1.25));
#10236 = VECTOR('',#10237,1.);
#10237 = DIRECTION('',(0.,0.,-1.));
#10238 = ORIENTED_EDGE('',*,*,#10239,.F.);
#10239 = EDGE_CURVE('',#10240,#10232,#10242,.T.);
#10240 = VERTEX_POINT('',#10241);
#10241 = CARTESIAN_POINT('',(1.6,17.14,1.25));
#10242 = LINE('',#10243,#10244);
#10243 = CARTESIAN_POINT('',(0.8,17.14,1.25));
#10244 = VECTOR('',#10245,1.);
#10245 = DIRECTION('',(-1.,0.,0.));
#10246 = ORIENTED_EDGE('',*,*,#10247,.T.);
#10247 = EDGE_CURVE('',#10240,#10224,#10248,.T.);
#10248 = LINE('',#10249,#10250);
#10249 = CARTESIAN_POINT('',(1.6,17.14,1.25));
#10250 = VECTOR('',#10251,1.);
#10251 = DIRECTION('',(0.,0.,-1.));
#10252 = PLANE('',#10253);
#10253 = AXIS2_PLACEMENT_3D('',#10254,#10255,#10256);
#10254 = CARTESIAN_POINT('',(1.6,17.14,1.25));
#10255 = DIRECTION('',(0.,-1.,0.));
#10256 = DIRECTION('',(-1.,0.,0.));
#10257 = ADVANCED_FACE('',(#10258),#10283,.F.);
#10258 = FACE_BOUND('',#10259,.T.);
#10259 = EDGE_LOOP('',(#10260,#10268,#10269,#10277));
#10260 = ORIENTED_EDGE('',*,*,#10261,.F.);
#10261 = EDGE_CURVE('',#10224,#10262,#10264,.T.);
#10262 = VERTEX_POINT('',#10263);
#10263 = CARTESIAN_POINT('',(1.6,17.74,0.));
#10264 = LINE('',#10265,#10266);
#10265 = CARTESIAN_POINT('',(1.6,8.87,0.));
#10266 = VECTOR('',#10267,1.);
#10267 = DIRECTION('',(0.,1.,0.));
#10268 = ORIENTED_EDGE('',*,*,#10247,.F.);
#10269 = ORIENTED_EDGE('',*,*,#10270,.F.);
#10270 = EDGE_CURVE('',#10271,#10240,#10273,.T.);
#10271 = VERTEX_POINT('',#10272);
#10272 = CARTESIAN_POINT('',(1.6,17.74,1.25));
#10273 = LINE('',#10274,#10275);
#10274 = CARTESIAN_POINT('',(1.6,8.87,1.25));
#10275 = VECTOR('',#10276,1.);
#10276 = DIRECTION('',(0.,-1.,0.));
#10277 = ORIENTED_EDGE('',*,*,#10278,.T.);
#10278 = EDGE_CURVE('',#10271,#10262,#10279,.T.);
#10279 = LINE('',#10280,#10281);
#10280 = CARTESIAN_POINT('',(1.6,17.74,1.25));
#10281 = VECTOR('',#10282,1.);
#10282 = DIRECTION('',(0.,0.,-1.));
#10283 = PLANE('',#10284);
#10284 = AXIS2_PLACEMENT_3D('',#10285,#10286,#10287);
#10285 = CARTESIAN_POINT('',(1.6,17.74,1.25));
#10286 = DIRECTION('',(1.,0.,0.));
#10287 = DIRECTION('',(0.,-1.,0.));
#10288 = ADVANCED_FACE('',(#10289),#10314,.F.);
#10289 = FACE_BOUND('',#10290,.T.);
#10290 = EDGE_LOOP('',(#10291,#10299,#10300,#10308));
#10291 = ORIENTED_EDGE('',*,*,#10292,.F.);
#10292 = EDGE_CURVE('',#10262,#10293,#10295,.T.);
#10293 = VERTEX_POINT('',#10294);
#10294 = CARTESIAN_POINT('',(1.,17.74,0.));
#10295 = LINE('',#10296,#10297);
#10296 = CARTESIAN_POINT('',(0.5,17.74,0.));
#10297 = VECTOR('',#10298,1.);
#10298 = DIRECTION('',(-1.,0.,0.));
#10299 = ORIENTED_EDGE('',*,*,#10278,.F.);
#10300 = ORIENTED_EDGE('',*,*,#10301,.F.);
#10301 = EDGE_CURVE('',#10302,#10271,#10304,.T.);
#10302 = VERTEX_POINT('',#10303);
#10303 = CARTESIAN_POINT('',(1.,17.74,1.25));
#10304 = LINE('',#10305,#10306);
#10305 = CARTESIAN_POINT('',(0.5,17.74,1.25));
#10306 = VECTOR('',#10307,1.);
#10307 = DIRECTION('',(1.,0.,0.));
#10308 = ORIENTED_EDGE('',*,*,#10309,.T.);
#10309 = EDGE_CURVE('',#10302,#10293,#10310,.T.);
#10310 = LINE('',#10311,#10312);
#10311 = CARTESIAN_POINT('',(1.,17.74,1.25));
#10312 = VECTOR('',#10313,1.);
#10313 = DIRECTION('',(0.,0.,-1.));
#10314 = PLANE('',#10315);
#10315 = AXIS2_PLACEMENT_3D('',#10316,#10317,#10318);
#10316 = CARTESIAN_POINT('',(1.,17.74,1.25));
#10317 = DIRECTION('',(0.,1.,0.));
#10318 = DIRECTION('',(1.,0.,0.));
#10319 = ADVANCED_FACE('',(#10320),#10336,.F.);
#10320 = FACE_BOUND('',#10321,.T.);
#10321 = EDGE_LOOP('',(#10322,#10328,#10329,#10335));
#10322 = ORIENTED_EDGE('',*,*,#10323,.F.);
#10323 = EDGE_CURVE('',#10293,#10222,#10324,.T.);
#10324 = LINE('',#10325,#10326);
#10325 = CARTESIAN_POINT('',(1.,8.57,0.));
#10326 = VECTOR('',#10327,1.);
#10327 = DIRECTION('',(0.,-1.,0.));
#10328 = ORIENTED_EDGE('',*,*,#10309,.F.);
#10329 = ORIENTED_EDGE('',*,*,#10330,.F.);
#10330 = EDGE_CURVE('',#10232,#10302,#10331,.T.);
#10331 = LINE('',#10332,#10333);
#10332 = CARTESIAN_POINT('',(1.,8.57,1.25));
#10333 = VECTOR('',#10334,1.);
#10334 = DIRECTION('',(0.,1.,0.));
#10335 = ORIENTED_EDGE('',*,*,#10231,.T.);
#10336 = PLANE('',#10337);
#10337 = AXIS2_PLACEMENT_3D('',#10338,#10339,#10340);
#10338 = CARTESIAN_POINT('',(1.,17.14,1.25));
#10339 = DIRECTION('',(-1.,0.,0.));
#10340 = DIRECTION('',(0.,1.,0.));
#10341 = ADVANCED_FACE('',(#10342),#10376,.F.);
#10342 = FACE_BOUND('',#10343,.T.);
#10343 = EDGE_LOOP('',(#10344,#10354,#10362,#10370));
#10344 = ORIENTED_EDGE('',*,*,#10345,.F.);
#10345 = EDGE_CURVE('',#10346,#10348,#10350,.T.);
#10346 = VERTEX_POINT('',#10347);
#10347 = CARTESIAN_POINT('',(-4.199999986589,17.14,0.));
#10348 = VERTEX_POINT('',#10349);
#10349 = CARTESIAN_POINT('',(-3.6,17.14,0.));
#10350 = LINE('',#10351,#10352);
#10351 = CARTESIAN_POINT('',(-1.8,17.14,0.));
#10352 = VECTOR('',#10353,1.);
#10353 = DIRECTION('',(1.,0.,0.));
#10354 = ORIENTED_EDGE('',*,*,#10355,.F.);
#10355 = EDGE_CURVE('',#10356,#10346,#10358,.T.);
#10356 = VERTEX_POINT('',#10357);
#10357 = CARTESIAN_POINT('',(-4.199999986589,17.14,1.25));
#10358 = LINE('',#10359,#10360);
#10359 = CARTESIAN_POINT('',(-4.199999986589,17.14,1.25));
#10360 = VECTOR('',#10361,1.);
#10361 = DIRECTION('',(0.,0.,-1.));
#10362 = ORIENTED_EDGE('',*,*,#10363,.F.);
#10363 = EDGE_CURVE('',#10364,#10356,#10366,.T.);
#10364 = VERTEX_POINT('',#10365);
#10365 = CARTESIAN_POINT('',(-3.6,17.14,1.25));
#10366 = LINE('',#10367,#10368);
#10367 = CARTESIAN_POINT('',(-1.8,17.14,1.25));
#10368 = VECTOR('',#10369,1.);
#10369 = DIRECTION('',(-1.,0.,0.));
#10370 = ORIENTED_EDGE('',*,*,#10371,.T.);
#10371 = EDGE_CURVE('',#10364,#10348,#10372,.T.);
#10372 = LINE('',#10373,#10374);
#10373 = CARTESIAN_POINT('',(-3.6,17.14,1.25));
#10374 = VECTOR('',#10375,1.);
#10375 = DIRECTION('',(0.,0.,-1.));
#10376 = PLANE('',#10377);
#10377 = AXIS2_PLACEMENT_3D('',#10378,#10379,#10380);
#10378 = CARTESIAN_POINT('',(-3.6,17.14,1.25));
#10379 = DIRECTION('',(0.,-1.,0.));
#10380 = DIRECTION('',(-1.,0.,0.));
#10381 = ADVANCED_FACE('',(#10382),#10407,.F.);
#10382 = FACE_BOUND('',#10383,.T.);
#10383 = EDGE_LOOP('',(#10384,#10392,#10393,#10401));
#10384 = ORIENTED_EDGE('',*,*,#10385,.F.);
#10385 = EDGE_CURVE('',#10348,#10386,#10388,.T.);
#10386 = VERTEX_POINT('',#10387);
#10387 = CARTESIAN_POINT('',(-3.6,17.739999986589,0.));
#10388 = LINE('',#10389,#10390);
#10389 = CARTESIAN_POINT('',(-3.6,8.869999993294,0.));
#10390 = VECTOR('',#10391,1.);
#10391 = DIRECTION('',(0.,1.,0.));
#10392 = ORIENTED_EDGE('',*,*,#10371,.F.);
#10393 = ORIENTED_EDGE('',*,*,#10394,.F.);
#10394 = EDGE_CURVE('',#10395,#10364,#10397,.T.);
#10395 = VERTEX_POINT('',#10396);
#10396 = CARTESIAN_POINT('',(-3.6,17.739999986589,1.25));
#10397 = LINE('',#10398,#10399);
#10398 = CARTESIAN_POINT('',(-3.6,8.869999993294,1.25));
#10399 = VECTOR('',#10400,1.);
#10400 = DIRECTION('',(0.,-1.,0.));
#10401 = ORIENTED_EDGE('',*,*,#10402,.T.);
#10402 = EDGE_CURVE('',#10395,#10386,#10403,.T.);
#10403 = LINE('',#10404,#10405);
#10404 = CARTESIAN_POINT('',(-3.6,17.739999986589,1.25));
#10405 = VECTOR('',#10406,1.);
#10406 = DIRECTION('',(0.,0.,-1.));
#10407 = PLANE('',#10408);
#10408 = AXIS2_PLACEMENT_3D('',#10409,#10410,#10411);
#10409 = CARTESIAN_POINT('',(-3.6,17.739999986589,1.25));
#10410 = DIRECTION('',(1.,0.,0.));
#10411 = DIRECTION('',(0.,-1.,0.));
#10412 = ADVANCED_FACE('',(#10413),#10438,.F.);
#10413 = FACE_BOUND('',#10414,.T.);
#10414 = EDGE_LOOP('',(#10415,#10423,#10424,#10432));
#10415 = ORIENTED_EDGE('',*,*,#10416,.F.);
#10416 = EDGE_CURVE('',#10386,#10417,#10419,.T.);
#10417 = VERTEX_POINT('',#10418);
#10418 = CARTESIAN_POINT('',(-4.199999986589,17.739999986589,0.));
#10419 = LINE('',#10420,#10421);
#10420 = CARTESIAN_POINT('',(-2.099999993294,17.739999986589,0.));
#10421 = VECTOR('',#10422,1.);
#10422 = DIRECTION('',(-1.,0.,0.));
#10423 = ORIENTED_EDGE('',*,*,#10402,.F.);
#10424 = ORIENTED_EDGE('',*,*,#10425,.F.);
#10425 = EDGE_CURVE('',#10426,#10395,#10428,.T.);
#10426 = VERTEX_POINT('',#10427);
#10427 = CARTESIAN_POINT('',(-4.199999986589,17.739999986589,1.25));
#10428 = LINE('',#10429,#10430);
#10429 = CARTESIAN_POINT('',(-2.099999993294,17.739999986589,1.25));
#10430 = VECTOR('',#10431,1.);
#10431 = DIRECTION('',(1.,0.,0.));
#10432 = ORIENTED_EDGE('',*,*,#10433,.T.);
#10433 = EDGE_CURVE('',#10426,#10417,#10434,.T.);
#10434 = LINE('',#10435,#10436);
#10435 = CARTESIAN_POINT('',(-4.199999986589,17.739999986589,1.25));
#10436 = VECTOR('',#10437,1.);
#10437 = DIRECTION('',(0.,0.,-1.));
#10438 = PLANE('',#10439);
#10439 = AXIS2_PLACEMENT_3D('',#10440,#10441,#10442);
#10440 = CARTESIAN_POINT('',(-4.199999986589,17.739999986589,1.25));
#10441 = DIRECTION('',(0.,1.,0.));
#10442 = DIRECTION('',(1.,0.,0.));
#10443 = ADVANCED_FACE('',(#10444),#10460,.F.);
#10444 = FACE_BOUND('',#10445,.T.);
#10445 = EDGE_LOOP('',(#10446,#10452,#10453,#10459));
#10446 = ORIENTED_EDGE('',*,*,#10447,.F.);
#10447 = EDGE_CURVE('',#10417,#10346,#10448,.T.);
#10448 = LINE('',#10449,#10450);
#10449 = CARTESIAN_POINT('',(-4.199999986589,8.57,0.));
#10450 = VECTOR('',#10451,1.);
#10451 = DIRECTION('',(0.,-1.,0.));
#10452 = ORIENTED_EDGE('',*,*,#10433,.F.);
#10453 = ORIENTED_EDGE('',*,*,#10454,.F.);
#10454 = EDGE_CURVE('',#10356,#10426,#10455,.T.);
#10455 = LINE('',#10456,#10457);
#10456 = CARTESIAN_POINT('',(-4.199999986589,8.57,1.25));
#10457 = VECTOR('',#10458,1.);
#10458 = DIRECTION('',(0.,1.,0.));
#10459 = ORIENTED_EDGE('',*,*,#10355,.T.);
#10460 = PLANE('',#10461);
#10461 = AXIS2_PLACEMENT_3D('',#10462,#10463,#10464);
#10462 = CARTESIAN_POINT('',(-4.199999986589,17.14,1.25));
#10463 = DIRECTION('',(-1.,0.,0.));
#10464 = DIRECTION('',(0.,1.,0.));
#10465 = ADVANCED_FACE('',(#10466),#10500,.F.);
#10466 = FACE_BOUND('',#10467,.T.);
#10467 = EDGE_LOOP('',(#10468,#10478,#10486,#10494));
#10468 = ORIENTED_EDGE('',*,*,#10469,.F.);
#10469 = EDGE_CURVE('',#10470,#10472,#10474,.T.);
#10470 = VERTEX_POINT('',#10471);
#10471 = CARTESIAN_POINT('',(3.6,17.14,0.));
#10472 = VERTEX_POINT('',#10473);
#10473 = CARTESIAN_POINT('',(4.2,17.14,0.));
#10474 = LINE('',#10475,#10476);
#10475 = CARTESIAN_POINT('',(2.1,17.14,0.));
#10476 = VECTOR('',#10477,1.);
#10477 = DIRECTION('',(1.,0.,0.));
#10478 = ORIENTED_EDGE('',*,*,#10479,.F.);
#10479 = EDGE_CURVE('',#10480,#10470,#10482,.T.);
#10480 = VERTEX_POINT('',#10481);
#10481 = CARTESIAN_POINT('',(3.6,17.14,1.25));
#10482 = LINE('',#10483,#10484);
#10483 = CARTESIAN_POINT('',(3.6,17.14,1.25));
#10484 = VECTOR('',#10485,1.);
#10485 = DIRECTION('',(0.,0.,-1.));
#10486 = ORIENTED_EDGE('',*,*,#10487,.F.);
#10487 = EDGE_CURVE('',#10488,#10480,#10490,.T.);
#10488 = VERTEX_POINT('',#10489);
#10489 = CARTESIAN_POINT('',(4.2,17.14,1.25));
#10490 = LINE('',#10491,#10492);
#10491 = CARTESIAN_POINT('',(2.1,17.14,1.25));
#10492 = VECTOR('',#10493,1.);
#10493 = DIRECTION('',(-1.,0.,0.));
#10494 = ORIENTED_EDGE('',*,*,#10495,.T.);
#10495 = EDGE_CURVE('',#10488,#10472,#10496,.T.);
#10496 = LINE('',#10497,#10498);
#10497 = CARTESIAN_POINT('',(4.2,17.14,1.25));
#10498 = VECTOR('',#10499,1.);
#10499 = DIRECTION('',(0.,0.,-1.));
#10500 = PLANE('',#10501);
#10501 = AXIS2_PLACEMENT_3D('',#10502,#10503,#10504);
#10502 = CARTESIAN_POINT('',(4.2,17.14,1.25));
#10503 = DIRECTION('',(0.,-1.,0.));
#10504 = DIRECTION('',(-1.,0.,0.));
#10505 = ADVANCED_FACE('',(#10506),#10531,.F.);
#10506 = FACE_BOUND('',#10507,.T.);
#10507 = EDGE_LOOP('',(#10508,#10516,#10517,#10525));
#10508 = ORIENTED_EDGE('',*,*,#10509,.F.);
#10509 = EDGE_CURVE('',#10472,#10510,#10512,.T.);
#10510 = VERTEX_POINT('',#10511);
#10511 = CARTESIAN_POINT('',(4.2,17.74,0.));
#10512 = LINE('',#10513,#10514);
#10513 = CARTESIAN_POINT('',(4.2,8.87,0.));
#10514 = VECTOR('',#10515,1.);
#10515 = DIRECTION('',(0.,1.,0.));
#10516 = ORIENTED_EDGE('',*,*,#10495,.F.);
#10517 = ORIENTED_EDGE('',*,*,#10518,.F.);
#10518 = EDGE_CURVE('',#10519,#10488,#10521,.T.);
#10519 = VERTEX_POINT('',#10520);
#10520 = CARTESIAN_POINT('',(4.2,17.74,1.25));
#10521 = LINE('',#10522,#10523);
#10522 = CARTESIAN_POINT('',(4.2,8.87,1.25));
#10523 = VECTOR('',#10524,1.);
#10524 = DIRECTION('',(0.,-1.,0.));
#10525 = ORIENTED_EDGE('',*,*,#10526,.T.);
#10526 = EDGE_CURVE('',#10519,#10510,#10527,.T.);
#10527 = LINE('',#10528,#10529);
#10528 = CARTESIAN_POINT('',(4.2,17.74,1.25));
#10529 = VECTOR('',#10530,1.);
#10530 = DIRECTION('',(0.,0.,-1.));
#10531 = PLANE('',#10532);
#10532 = AXIS2_PLACEMENT_3D('',#10533,#10534,#10535);
#10533 = CARTESIAN_POINT('',(4.2,17.74,1.25));
#10534 = DIRECTION('',(1.,0.,0.));
#10535 = DIRECTION('',(0.,-1.,0.));
#10536 = ADVANCED_FACE('',(#10537),#10562,.F.);
#10537 = FACE_BOUND('',#10538,.T.);
#10538 = EDGE_LOOP('',(#10539,#10547,#10548,#10556));
#10539 = ORIENTED_EDGE('',*,*,#10540,.F.);
#10540 = EDGE_CURVE('',#10510,#10541,#10543,.T.);
#10541 = VERTEX_POINT('',#10542);
#10542 = CARTESIAN_POINT('',(3.6,17.74,0.));
#10543 = LINE('',#10544,#10545);
#10544 = CARTESIAN_POINT('',(1.8,17.74,0.));
#10545 = VECTOR('',#10546,1.);
#10546 = DIRECTION('',(-1.,0.,0.));
#10547 = ORIENTED_EDGE('',*,*,#10526,.F.);
#10548 = ORIENTED_EDGE('',*,*,#10549,.F.);
#10549 = EDGE_CURVE('',#10550,#10519,#10552,.T.);
#10550 = VERTEX_POINT('',#10551);
#10551 = CARTESIAN_POINT('',(3.6,17.74,1.25));
#10552 = LINE('',#10553,#10554);
#10553 = CARTESIAN_POINT('',(1.8,17.74,1.25));
#10554 = VECTOR('',#10555,1.);
#10555 = DIRECTION('',(1.,0.,0.));
#10556 = ORIENTED_EDGE('',*,*,#10557,.T.);
#10557 = EDGE_CURVE('',#10550,#10541,#10558,.T.);
#10558 = LINE('',#10559,#10560);
#10559 = CARTESIAN_POINT('',(3.6,17.74,1.25));
#10560 = VECTOR('',#10561,1.);
#10561 = DIRECTION('',(0.,0.,-1.));
#10562 = PLANE('',#10563);
#10563 = AXIS2_PLACEMENT_3D('',#10564,#10565,#10566);
#10564 = CARTESIAN_POINT('',(3.6,17.74,1.25));
#10565 = DIRECTION('',(0.,1.,0.));
#10566 = DIRECTION('',(1.,0.,0.));
#10567 = ADVANCED_FACE('',(#10568),#10584,.F.);
#10568 = FACE_BOUND('',#10569,.T.);
#10569 = EDGE_LOOP('',(#10570,#10576,#10577,#10583));
#10570 = ORIENTED_EDGE('',*,*,#10571,.F.);
#10571 = EDGE_CURVE('',#10541,#10470,#10572,.T.);
#10572 = LINE('',#10573,#10574);
#10573 = CARTESIAN_POINT('',(3.6,8.57,0.));
#10574 = VECTOR('',#10575,1.);
#10575 = DIRECTION('',(0.,-1.,0.));
#10576 = ORIENTED_EDGE('',*,*,#10557,.F.);
#10577 = ORIENTED_EDGE('',*,*,#10578,.F.);
#10578 = EDGE_CURVE('',#10480,#10550,#10579,.T.);
#10579 = LINE('',#10580,#10581);
#10580 = CARTESIAN_POINT('',(3.6,8.57,1.25));
#10581 = VECTOR('',#10582,1.);
#10582 = DIRECTION('',(0.,1.,0.));
#10583 = ORIENTED_EDGE('',*,*,#10479,.T.);
#10584 = PLANE('',#10585);
#10585 = AXIS2_PLACEMENT_3D('',#10586,#10587,#10588);
#10586 = CARTESIAN_POINT('',(3.6,17.14,1.25));
#10587 = DIRECTION('',(-1.,0.,0.));
#10588 = DIRECTION('',(0.,1.,0.));
#10589 = ADVANCED_FACE('',(#10590),#10624,.T.);
#10590 = FACE_BOUND('',#10591,.T.);
#10591 = EDGE_LOOP('',(#10592,#10602,#10610,#10618));
#10592 = ORIENTED_EDGE('',*,*,#10593,.T.);
#10593 = EDGE_CURVE('',#10594,#10596,#10598,.T.);
#10594 = VERTEX_POINT('',#10595);
#10595 = CARTESIAN_POINT('',(-6.,-19.14,0.));
#10596 = VERTEX_POINT('',#10597);
#10597 = CARTESIAN_POINT('',(6.,-19.14,0.));
#10598 = LINE('',#10599,#10600);
#10599 = CARTESIAN_POINT('',(-6.,-19.14,0.));
#10600 = VECTOR('',#10601,1.);
#10601 = DIRECTION('',(1.,0.,0.));
#10602 = ORIENTED_EDGE('',*,*,#10603,.T.);
#10603 = EDGE_CURVE('',#10596,#10604,#10606,.T.);
#10604 = VERTEX_POINT('',#10605);
#10605 = CARTESIAN_POINT('',(6.,-19.14,1.25));
#10606 = LINE('',#10607,#10608);
#10607 = CARTESIAN_POINT('',(6.,-19.14,0.));
#10608 = VECTOR('',#10609,1.);
#10609 = DIRECTION('',(0.,0.,1.));
#10610 = ORIENTED_EDGE('',*,*,#10611,.F.);
#10611 = EDGE_CURVE('',#10612,#10604,#10614,.T.);
#10612 = VERTEX_POINT('',#10613);
#10613 = CARTESIAN_POINT('',(-6.,-19.14,1.25));
#10614 = LINE('',#10615,#10616);
#10615 = CARTESIAN_POINT('',(-6.,-19.14,1.25));
#10616 = VECTOR('',#10617,1.);
#10617 = DIRECTION('',(1.,0.,0.));
#10618 = ORIENTED_EDGE('',*,*,#10619,.F.);
#10619 = EDGE_CURVE('',#10594,#10612,#10620,.T.);
#10620 = LINE('',#10621,#10622);
#10621 = CARTESIAN_POINT('',(-6.,-19.14,0.));
#10622 = VECTOR('',#10623,1.);
#10623 = DIRECTION('',(0.,0.,1.));
#10624 = PLANE('',#10625);
#10625 = AXIS2_PLACEMENT_3D('',#10626,#10627,#10628);
#10626 = CARTESIAN_POINT('',(-6.,-19.14,0.));
#10627 = DIRECTION('',(0.,-1.,0.));
#10628 = DIRECTION('',(1.,0.,0.));
#10629 = ADVANCED_FACE('',(#10630),#10655,.T.);
#10630 = FACE_BOUND('',#10631,.T.);
#10631 = EDGE_LOOP('',(#10632,#10640,#10641,#10649));
#10632 = ORIENTED_EDGE('',*,*,#10633,.T.);
#10633 = EDGE_CURVE('',#10634,#10594,#10636,.T.);
#10634 = VERTEX_POINT('',#10635);
#10635 = CARTESIAN_POINT('',(-6.,19.14,0.));
#10636 = LINE('',#10637,#10638);
#10637 = CARTESIAN_POINT('',(-6.,19.14,0.));
#10638 = VECTOR('',#10639,1.);
#10639 = DIRECTION('',(0.,-1.,0.));
#10640 = ORIENTED_EDGE('',*,*,#10619,.T.);
#10641 = ORIENTED_EDGE('',*,*,#10642,.F.);
#10642 = EDGE_CURVE('',#10643,#10612,#10645,.T.);
#10643 = VERTEX_POINT('',#10644);
#10644 = CARTESIAN_POINT('',(-6.,19.14,1.25));
#10645 = LINE('',#10646,#10647);
#10646 = CARTESIAN_POINT('',(-6.,19.14,1.25));
#10647 = VECTOR('',#10648,1.);
#10648 = DIRECTION('',(0.,-1.,0.));
#10649 = ORIENTED_EDGE('',*,*,#10650,.F.);
#10650 = EDGE_CURVE('',#10634,#10643,#10651,.T.);
#10651 = LINE('',#10652,#10653);
#10652 = CARTESIAN_POINT('',(-6.,19.14,0.));
#10653 = VECTOR('',#10654,1.);
#10654 = DIRECTION('',(0.,0.,1.));
#10655 = PLANE('',#10656);
#10656 = AXIS2_PLACEMENT_3D('',#10657,#10658,#10659);
#10657 = CARTESIAN_POINT('',(-6.,19.14,0.));
#10658 = DIRECTION('',(-1.,0.,0.));
#10659 = DIRECTION('',(0.,-1.,0.));
#10660 = ADVANCED_FACE('',(#10661),#10686,.T.);
#10661 = FACE_BOUND('',#10662,.T.);
#10662 = EDGE_LOOP('',(#10663,#10671,#10672,#10680));
#10663 = ORIENTED_EDGE('',*,*,#10664,.T.);
#10664 = EDGE_CURVE('',#10665,#10634,#10667,.T.);
#10665 = VERTEX_POINT('',#10666);
#10666 = CARTESIAN_POINT('',(6.,19.14,0.));
#10667 = LINE('',#10668,#10669);
#10668 = CARTESIAN_POINT('',(6.,19.14,0.));
#10669 = VECTOR('',#10670,1.);
#10670 = DIRECTION('',(-1.,0.,0.));
#10671 = ORIENTED_EDGE('',*,*,#10650,.T.);
#10672 = ORIENTED_EDGE('',*,*,#10673,.F.);
#10673 = EDGE_CURVE('',#10674,#10643,#10676,.T.);
#10674 = VERTEX_POINT('',#10675);
#10675 = CARTESIAN_POINT('',(6.,19.14,1.25));
#10676 = LINE('',#10677,#10678);
#10677 = CARTESIAN_POINT('',(6.,19.14,1.25));
#10678 = VECTOR('',#10679,1.);
#10679 = DIRECTION('',(-1.,0.,0.));
#10680 = ORIENTED_EDGE('',*,*,#10681,.F.);
#10681 = EDGE_CURVE('',#10665,#10674,#10682,.T.);
#10682 = LINE('',#10683,#10684);
#10683 = CARTESIAN_POINT('',(6.,19.14,0.));
#10684 = VECTOR('',#10685,1.);
#10685 = DIRECTION('',(0.,0.,1.));
#10686 = PLANE('',#10687);
#10687 = AXIS2_PLACEMENT_3D('',#10688,#10689,#10690);
#10688 = CARTESIAN_POINT('',(6.,19.14,0.));
#10689 = DIRECTION('',(0.,1.,0.));
#10690 = DIRECTION('',(-1.,0.,0.));
#10691 = ADVANCED_FACE('',(#10692),#10708,.T.);
#10692 = FACE_BOUND('',#10693,.T.);
#10693 = EDGE_LOOP('',(#10694,#10700,#10701,#10707));
#10694 = ORIENTED_EDGE('',*,*,#10695,.T.);
#10695 = EDGE_CURVE('',#10596,#10665,#10696,.T.);
#10696 = LINE('',#10697,#10698);
#10697 = CARTESIAN_POINT('',(6.,-19.14,0.));
#10698 = VECTOR('',#10699,1.);
#10699 = DIRECTION('',(0.,1.,0.));
#10700 = ORIENTED_EDGE('',*,*,#10681,.T.);
#10701 = ORIENTED_EDGE('',*,*,#10702,.F.);
#10702 = EDGE_CURVE('',#10604,#10674,#10703,.T.);
#10703 = LINE('',#10704,#10705);
#10704 = CARTESIAN_POINT('',(6.,-19.14,1.25));
#10705 = VECTOR('',#10706,1.);
#10706 = DIRECTION('',(0.,1.,0.));
#10707 = ORIENTED_EDGE('',*,*,#10603,.F.);
#10708 = PLANE('',#10709);
#10709 = AXIS2_PLACEMENT_3D('',#10710,#10711,#10712);
#10710 = CARTESIAN_POINT('',(6.,-19.14,0.));
#10711 = DIRECTION('',(1.,0.,0.));
#10712 = DIRECTION('',(-0.,1.,0.));
#10713 = ADVANCED_FACE('',(#10714,#10720,#10726,#10732,#10738),#10744,
  .T.);
#10714 = FACE_BOUND('',#10715,.T.);
#10715 = EDGE_LOOP('',(#10716,#10717,#10718,#10719));
#10716 = ORIENTED_EDGE('',*,*,#10702,.T.);
#10717 = ORIENTED_EDGE('',*,*,#10673,.T.);
#10718 = ORIENTED_EDGE('',*,*,#10642,.T.);
#10719 = ORIENTED_EDGE('',*,*,#10611,.T.);
#10720 = FACE_BOUND('',#10721,.T.);
#10721 = EDGE_LOOP('',(#10722,#10723,#10724,#10725));
#10722 = ORIENTED_EDGE('',*,*,#10177,.T.);
#10723 = ORIENTED_EDGE('',*,*,#10146,.T.);
#10724 = ORIENTED_EDGE('',*,*,#10115,.T.);
#10725 = ORIENTED_EDGE('',*,*,#10206,.T.);
#10726 = FACE_BOUND('',#10727,.T.);
#10727 = EDGE_LOOP('',(#10728,#10729,#10730,#10731));
#10728 = ORIENTED_EDGE('',*,*,#10301,.T.);
#10729 = ORIENTED_EDGE('',*,*,#10270,.T.);
#10730 = ORIENTED_EDGE('',*,*,#10239,.T.);
#10731 = ORIENTED_EDGE('',*,*,#10330,.T.);
#10732 = FACE_BOUND('',#10733,.T.);
#10733 = EDGE_LOOP('',(#10734,#10735,#10736,#10737));
#10734 = ORIENTED_EDGE('',*,*,#10425,.T.);
#10735 = ORIENTED_EDGE('',*,*,#10394,.T.);
#10736 = ORIENTED_EDGE('',*,*,#10363,.T.);
#10737 = ORIENTED_EDGE('',*,*,#10454,.T.);
#10738 = FACE_BOUND('',#10739,.T.);
#10739 = EDGE_LOOP('',(#10740,#10741,#10742,#10743));
#10740 = ORIENTED_EDGE('',*,*,#10549,.T.);
#10741 = ORIENTED_EDGE('',*,*,#10518,.T.);
#10742 = ORIENTED_EDGE('',*,*,#10487,.T.);
#10743 = ORIENTED_EDGE('',*,*,#10578,.T.);
#10744 = PLANE('',#10745);
#10745 = AXIS2_PLACEMENT_3D('',#10746,#10747,#10748);
#10746 = CARTESIAN_POINT('',(0.,0.,1.25));
#10747 = DIRECTION('',(0.,0.,1.));
#10748 = DIRECTION('',(1.,0.,-0.));
#10749 = ADVANCED_FACE('',(#10750,#10756,#10762,#10768,#10774),#10780,
  .F.);
#10750 = FACE_BOUND('',#10751,.T.);
#10751 = EDGE_LOOP('',(#10752,#10753,#10754,#10755));
#10752 = ORIENTED_EDGE('',*,*,#10695,.F.);
#10753 = ORIENTED_EDGE('',*,*,#10593,.F.);
#10754 = ORIENTED_EDGE('',*,*,#10633,.F.);
#10755 = ORIENTED_EDGE('',*,*,#10664,.F.);
#10756 = FACE_BOUND('',#10757,.T.);
#10757 = EDGE_LOOP('',(#10758,#10759,#10760,#10761));
#10758 = ORIENTED_EDGE('',*,*,#10168,.T.);
#10759 = ORIENTED_EDGE('',*,*,#10199,.T.);
#10760 = ORIENTED_EDGE('',*,*,#10097,.T.);
#10761 = ORIENTED_EDGE('',*,*,#10137,.T.);
#10762 = FACE_BOUND('',#10763,.T.);
#10763 = EDGE_LOOP('',(#10764,#10765,#10766,#10767));
#10764 = ORIENTED_EDGE('',*,*,#10292,.T.);
#10765 = ORIENTED_EDGE('',*,*,#10323,.T.);
#10766 = ORIENTED_EDGE('',*,*,#10221,.T.);
#10767 = ORIENTED_EDGE('',*,*,#10261,.T.);
#10768 = FACE_BOUND('',#10769,.T.);
#10769 = EDGE_LOOP('',(#10770,#10771,#10772,#10773));
#10770 = ORIENTED_EDGE('',*,*,#10416,.T.);
#10771 = ORIENTED_EDGE('',*,*,#10447,.T.);
#10772 = ORIENTED_EDGE('',*,*,#10345,.T.);
#10773 = ORIENTED_EDGE('',*,*,#10385,.T.);
#10774 = FACE_BOUND('',#10775,.T.);
#10775 = EDGE_LOOP('',(#10776,#10777,#10778,#10779));
#10776 = ORIENTED_EDGE('',*,*,#10540,.T.);
#10777 = ORIENTED_EDGE('',*,*,#10571,.T.);
#10778 = ORIENTED_EDGE('',*,*,#10469,.T.);
#10779 = ORIENTED_EDGE('',*,*,#10509,.T.);
#10780 = PLANE('',#10781);
#10781 = AXIS2_PLACEMENT_3D('',#10782,#10783,#10784);
#10782 = CARTESIAN_POINT('',(0.,0.,0.));
#10783 = DIRECTION('',(0.,0.,1.));
#10784 = DIRECTION('',(1.,0.,-0.));
#10785 = ( GEOMETRIC_REPRESENTATION_CONTEXT(3) 
GLOBAL_UNCERTAINTY_ASSIGNED_CONTEXT((#10789)) 
GLOBAL_UNIT_ASSIGNED_CONTEXT((#10786,#10787,#10788)) 
REPRESENTATION_CONTEXT('Context #1',
  '3D Context with UNIT and UNCERTAINTY') );
#10786 = ( LENGTH_UNIT() NAMED_UNIT(*) SI_UNIT(.MILLI.,.METRE.) );
#10787 = ( NAMED_UNIT(*) PLANE_ANGLE_UNIT() SI_UNIT($,.RADIAN.) );
#10788 = ( NAMED_UNIT(*) SI_UNIT($,.STERADIAN.) SOLID_ANGLE_UNIT() );
#10789 = UNCERTAINTY_MEASURE_WITH_UNIT(LENGTH_MEASURE(1.E-07),#10786,
  'distance_accuracy_value','confusion accuracy');
#10790 = CONTEXT_DEPENDENT_SHAPE_REPRESENTATION(#10791,#10793);
#10791 = ( REPRESENTATION_RELATIONSHIP('','',#10090,#10055) 
REPRESENTATION_RELATIONSHIP_WITH_TRANSFORMATION(#10792) 
SHAPE_REPRESENTATION_RELATIONSHIP() );
#10792 = ITEM_DEFINED_TRANSFORMATION('','',#11,#10056);
#10793 = PRODUCT_DEFINITION_SHAPE('Placement','Placement of an item',
  #10794);
#10794 = NEXT_ASSEMBLY_USAGE_OCCURRENCE('7','Bottom Base:1','',#10050,
  #10085,$);
#10795 = PRODUCT_RELATED_PRODUCT_CATEGORY('part',$,(#10087));
#10796 = SHAPE_DEFINITION_REPRESENTATION(#10797,#10803);
#10797 = PRODUCT_DEFINITION_SHAPE('','',#10798);
#10798 = PRODUCT_DEFINITION('design','',#10799,#10802);
#10799 = PRODUCT_DEFINITION_FORMATION('','',#10800);
#10800 = PRODUCT('Solder Tips','Solder Tips','',(#10801));
#10801 = PRODUCT_CONTEXT('',#2,'mechanical');
#10802 = PRODUCT_DEFINITION_CONTEXT('part definition',#2,'design');
#10803 = SHAPE_REPRESENTATION('',(#11,#10804,#10954,#11104,#11254),
  #11404);
#10804 = MANIFOLD_SOLID_BREP('',#10805);
#10805 = CLOSED_SHELL('',(#10806,#10846,#10877,#10901,#10925,#10942));
#10806 = ADVANCED_FACE('',(#10807),#10841,.T.);
#10807 = FACE_BOUND('',#10808,.T.);
#10808 = EDGE_LOOP('',(#10809,#10819,#10827,#10835));
#10809 = ORIENTED_EDGE('',*,*,#10810,.T.);
#10810 = EDGE_CURVE('',#10811,#10813,#10815,.T.);
#10811 = VERTEX_POINT('',#10812);
#10812 = CARTESIAN_POINT('',(1.6,17.74,-8.));
#10813 = VERTEX_POINT('',#10814);
#10814 = CARTESIAN_POINT('',(1.6,17.14,-8.));
#10815 = LINE('',#10816,#10817);
#10816 = CARTESIAN_POINT('',(1.6,17.14,-8.));
#10817 = VECTOR('',#10818,1.);
#10818 = DIRECTION('',(0.,-1.,0.));
#10819 = ORIENTED_EDGE('',*,*,#10820,.T.);
#10820 = EDGE_CURVE('',#10813,#10821,#10823,.T.);
#10821 = VERTEX_POINT('',#10822);
#10822 = CARTESIAN_POINT('',(1.,17.14,-8.));
#10823 = LINE('',#10824,#10825);
#10824 = CARTESIAN_POINT('',(1.,17.14,-8.));
#10825 = VECTOR('',#10826,1.);
#10826 = DIRECTION('',(-1.,0.,0.));
#10827 = ORIENTED_EDGE('',*,*,#10828,.T.);
#10828 = EDGE_CURVE('',#10821,#10829,#10831,.T.);
#10829 = VERTEX_POINT('',#10830);
#10830 = CARTESIAN_POINT('',(1.,17.74,-8.));
#10831 = LINE('',#10832,#10833);
#10832 = CARTESIAN_POINT('',(1.,17.74,-8.));
#10833 = VECTOR('',#10834,1.);
#10834 = DIRECTION('',(0.,1.,0.));
#10835 = ORIENTED_EDGE('',*,*,#10836,.T.);
#10836 = EDGE_CURVE('',#10829,#10811,#10837,.T.);
#10837 = LINE('',#10838,#10839);
#10838 = CARTESIAN_POINT('',(1.6,17.74,-8.));
#10839 = VECTOR('',#10840,1.);
#10840 = DIRECTION('',(1.,0.,0.));
#10841 = PLANE('',#10842);
#10842 = AXIS2_PLACEMENT_3D('',#10843,#10844,#10845);
#10843 = CARTESIAN_POINT('',(1.3,17.44,-8.));
#10844 = DIRECTION('',(0.,0.,-1.));
#10845 = DIRECTION('',(-1.,0.,0.));
#10846 = ADVANCED_FACE('',(#10847),#10872,.T.);
#10847 = FACE_BOUND('',#10848,.T.);
#10848 = EDGE_LOOP('',(#10849,#10857,#10865,#10871));
#10849 = ORIENTED_EDGE('',*,*,#10850,.F.);
#10850 = EDGE_CURVE('',#10851,#10813,#10853,.T.);
#10851 = VERTEX_POINT('',#10852);
#10852 = CARTESIAN_POINT('',(1.6,17.14,3.));
#10853 = LINE('',#10854,#10855);
#10854 = CARTESIAN_POINT('',(1.6,17.14,1.25));
#10855 = VECTOR('',#10856,1.);
#10856 = DIRECTION('',(0.,0.,-1.));
#10857 = ORIENTED_EDGE('',*,*,#10858,.F.);
#10858 = EDGE_CURVE('',#10859,#10851,#10861,.T.);
#10859 = VERTEX_POINT('',#10860);
#10860 = CARTESIAN_POINT('',(1.,17.14,3.));
#10861 = LINE('',#10862,#10863);
#10862 = CARTESIAN_POINT('',(1.,17.14,3.));
#10863 = VECTOR('',#10864,1.);
#10864 = DIRECTION('',(1.,0.,0.));
#10865 = ORIENTED_EDGE('',*,*,#10866,.F.);
#10866 = EDGE_CURVE('',#10821,#10859,#10867,.T.);
#10867 = LINE('',#10868,#10869);
#10868 = CARTESIAN_POINT('',(1.,17.14,1.25));
#10869 = VECTOR('',#10870,1.);
#10870 = DIRECTION('',(0.,0.,1.));
#10871 = ORIENTED_EDGE('',*,*,#10820,.F.);
#10872 = PLANE('',#10873);
#10873 = AXIS2_PLACEMENT_3D('',#10874,#10875,#10876);
#10874 = CARTESIAN_POINT('',(1.,17.14,1.25));
#10875 = DIRECTION('',(0.,-1.,0.));
#10876 = DIRECTION('',(1.,0.,0.));
#10877 = ADVANCED_FACE('',(#10878),#10896,.T.);
#10878 = FACE_BOUND('',#10879,.T.);
#10879 = EDGE_LOOP('',(#10880,#10881,#10889,#10895));
#10880 = ORIENTED_EDGE('',*,*,#10866,.T.);
#10881 = ORIENTED_EDGE('',*,*,#10882,.F.);
#10882 = EDGE_CURVE('',#10883,#10859,#10885,.T.);
#10883 = VERTEX_POINT('',#10884);
#10884 = CARTESIAN_POINT('',(1.,17.74,3.));
#10885 = LINE('',#10886,#10887);
#10886 = CARTESIAN_POINT('',(1.,17.74,3.));
#10887 = VECTOR('',#10888,1.);
#10888 = DIRECTION('',(0.,-1.,0.));
#10889 = ORIENTED_EDGE('',*,*,#10890,.F.);
#10890 = EDGE_CURVE('',#10829,#10883,#10891,.T.);
#10891 = LINE('',#10892,#10893);
#10892 = CARTESIAN_POINT('',(1.,17.74,1.25));
#10893 = VECTOR('',#10894,1.);
#10894 = DIRECTION('',(0.,0.,1.));
#10895 = ORIENTED_EDGE('',*,*,#10828,.F.);
#10896 = PLANE('',#10897);
#10897 = AXIS2_PLACEMENT_3D('',#10898,#10899,#10900);
#10898 = CARTESIAN_POINT('',(1.,17.74,1.25));
#10899 = DIRECTION('',(-1.,0.,0.));
#10900 = DIRECTION('',(0.,-1.,0.));
#10901 = ADVANCED_FACE('',(#10902),#10920,.T.);
#10902 = FACE_BOUND('',#10903,.T.);
#10903 = EDGE_LOOP('',(#10904,#10905,#10913,#10919));
#10904 = ORIENTED_EDGE('',*,*,#10890,.T.);
#10905 = ORIENTED_EDGE('',*,*,#10906,.F.);
#10906 = EDGE_CURVE('',#10907,#10883,#10909,.T.);
#10907 = VERTEX_POINT('',#10908);
#10908 = CARTESIAN_POINT('',(1.6,17.74,3.));
#10909 = LINE('',#10910,#10911);
#10910 = CARTESIAN_POINT('',(1.6,17.74,3.));
#10911 = VECTOR('',#10912,1.);
#10912 = DIRECTION('',(-1.,0.,0.));
#10913 = ORIENTED_EDGE('',*,*,#10914,.F.);
#10914 = EDGE_CURVE('',#10811,#10907,#10915,.T.);
#10915 = LINE('',#10916,#10917);
#10916 = CARTESIAN_POINT('',(1.6,17.74,1.25));
#10917 = VECTOR('',#10918,1.);
#10918 = DIRECTION('',(0.,0.,1.));
#10919 = ORIENTED_EDGE('',*,*,#10836,.F.);
#10920 = PLANE('',#10921);
#10921 = AXIS2_PLACEMENT_3D('',#10922,#10923,#10924);
#10922 = CARTESIAN_POINT('',(1.6,17.74,1.25));
#10923 = DIRECTION('',(0.,1.,0.));
#10924 = DIRECTION('',(-1.,0.,0.));
#10925 = ADVANCED_FACE('',(#10926),#10937,.T.);
#10926 = FACE_BOUND('',#10927,.T.);
#10927 = EDGE_LOOP('',(#10928,#10929,#10935,#10936));
#10928 = ORIENTED_EDGE('',*,*,#10914,.T.);
#10929 = ORIENTED_EDGE('',*,*,#10930,.F.);
#10930 = EDGE_CURVE('',#10851,#10907,#10931,.T.);
#10931 = LINE('',#10932,#10933);
#10932 = CARTESIAN_POINT('',(1.6,17.14,3.));
#10933 = VECTOR('',#10934,1.);
#10934 = DIRECTION('',(0.,1.,0.));
#10935 = ORIENTED_EDGE('',*,*,#10850,.T.);
#10936 = ORIENTED_EDGE('',*,*,#10810,.F.);
#10937 = PLANE('',#10938);
#10938 = AXIS2_PLACEMENT_3D('',#10939,#10940,#10941);
#10939 = CARTESIAN_POINT('',(1.6,17.14,1.25));
#10940 = DIRECTION('',(1.,0.,0.));
#10941 = DIRECTION('',(-0.,1.,0.));
#10942 = ADVANCED_FACE('',(#10943),#10949,.T.);
#10943 = FACE_BOUND('',#10944,.T.);
#10944 = EDGE_LOOP('',(#10945,#10946,#10947,#10948));
#10945 = ORIENTED_EDGE('',*,*,#10930,.T.);
#10946 = ORIENTED_EDGE('',*,*,#10906,.T.);
#10947 = ORIENTED_EDGE('',*,*,#10882,.T.);
#10948 = ORIENTED_EDGE('',*,*,#10858,.T.);
#10949 = PLANE('',#10950);
#10950 = AXIS2_PLACEMENT_3D('',#10951,#10952,#10953);
#10951 = CARTESIAN_POINT('',(1.3,17.44,3.));
#10952 = DIRECTION('',(0.,0.,1.));
#10953 = DIRECTION('',(1.,0.,-0.));
#10954 = MANIFOLD_SOLID_BREP('',#10955);
#10955 = CLOSED_SHELL('',(#10956,#10996,#11027,#11051,#11075,#11092));
#10956 = ADVANCED_FACE('',(#10957),#10991,.T.);
#10957 = FACE_BOUND('',#10958,.T.);
#10958 = EDGE_LOOP('',(#10959,#10969,#10977,#10985));
#10959 = ORIENTED_EDGE('',*,*,#10960,.T.);
#10960 = EDGE_CURVE('',#10961,#10963,#10965,.T.);
#10961 = VERTEX_POINT('',#10962);
#10962 = CARTESIAN_POINT('',(-1.,17.74,-8.));
#10963 = VERTEX_POINT('',#10964);
#10964 = CARTESIAN_POINT('',(-1.,17.14,-8.));
#10965 = LINE('',#10966,#10967);
#10966 = CARTESIAN_POINT('',(-1.,17.14,-8.));
#10967 = VECTOR('',#10968,1.);
#10968 = DIRECTION('',(0.,-1.,0.));
#10969 = ORIENTED_EDGE('',*,*,#10970,.T.);
#10970 = EDGE_CURVE('',#10963,#10971,#10973,.T.);
#10971 = VERTEX_POINT('',#10972);
#10972 = CARTESIAN_POINT('',(-1.6,17.14,-8.));
#10973 = LINE('',#10974,#10975);
#10974 = CARTESIAN_POINT('',(-1.6,17.14,-8.));
#10975 = VECTOR('',#10976,1.);
#10976 = DIRECTION('',(-1.,0.,0.));
#10977 = ORIENTED_EDGE('',*,*,#10978,.T.);
#10978 = EDGE_CURVE('',#10971,#10979,#10981,.T.);
#10979 = VERTEX_POINT('',#10980);
#10980 = CARTESIAN_POINT('',(-1.6,17.74,-8.));
#10981 = LINE('',#10982,#10983);
#10982 = CARTESIAN_POINT('',(-1.6,17.74,-8.));
#10983 = VECTOR('',#10984,1.);
#10984 = DIRECTION('',(0.,1.,0.));
#10985 = ORIENTED_EDGE('',*,*,#10986,.T.);
#10986 = EDGE_CURVE('',#10979,#10961,#10987,.T.);
#10987 = LINE('',#10988,#10989);
#10988 = CARTESIAN_POINT('',(-1.,17.74,-8.));
#10989 = VECTOR('',#10990,1.);
#10990 = DIRECTION('',(1.,0.,0.));
#10991 = PLANE('',#10992);
#10992 = AXIS2_PLACEMENT_3D('',#10993,#10994,#10995);
#10993 = CARTESIAN_POINT('',(-1.3,17.44,-8.));
#10994 = DIRECTION('',(0.,0.,-1.));
#10995 = DIRECTION('',(-1.,0.,0.));
#10996 = ADVANCED_FACE('',(#10997),#11022,.T.);
#10997 = FACE_BOUND('',#10998,.T.);
#10998 = EDGE_LOOP('',(#10999,#11007,#11015,#11021));
#10999 = ORIENTED_EDGE('',*,*,#11000,.F.);
#11000 = EDGE_CURVE('',#11001,#10963,#11003,.T.);
#11001 = VERTEX_POINT('',#11002);
#11002 = CARTESIAN_POINT('',(-1.,17.14,3.));
#11003 = LINE('',#11004,#11005);
#11004 = CARTESIAN_POINT('',(-1.,17.14,1.25));
#11005 = VECTOR('',#11006,1.);
#11006 = DIRECTION('',(0.,0.,-1.));
#11007 = ORIENTED_EDGE('',*,*,#11008,.F.);
#11008 = EDGE_CURVE('',#11009,#11001,#11011,.T.);
#11009 = VERTEX_POINT('',#11010);
#11010 = CARTESIAN_POINT('',(-1.6,17.14,3.));
#11011 = LINE('',#11012,#11013);
#11012 = CARTESIAN_POINT('',(-1.6,17.14,3.));
#11013 = VECTOR('',#11014,1.);
#11014 = DIRECTION('',(1.,0.,0.));
#11015 = ORIENTED_EDGE('',*,*,#11016,.F.);
#11016 = EDGE_CURVE('',#10971,#11009,#11017,.T.);
#11017 = LINE('',#11018,#11019);
#11018 = CARTESIAN_POINT('',(-1.6,17.14,1.25));
#11019 = VECTOR('',#11020,1.);
#11020 = DIRECTION('',(0.,0.,1.));
#11021 = ORIENTED_EDGE('',*,*,#10970,.F.);
#11022 = PLANE('',#11023);
#11023 = AXIS2_PLACEMENT_3D('',#11024,#11025,#11026);
#11024 = CARTESIAN_POINT('',(-1.6,17.14,1.25));
#11025 = DIRECTION('',(0.,-1.,0.));
#11026 = DIRECTION('',(1.,0.,0.));
#11027 = ADVANCED_FACE('',(#11028),#11046,.T.);
#11028 = FACE_BOUND('',#11029,.T.);
#11029 = EDGE_LOOP('',(#11030,#11031,#11039,#11045));
#11030 = ORIENTED_EDGE('',*,*,#11016,.T.);
#11031 = ORIENTED_EDGE('',*,*,#11032,.F.);
#11032 = EDGE_CURVE('',#11033,#11009,#11035,.T.);
#11033 = VERTEX_POINT('',#11034);
#11034 = CARTESIAN_POINT('',(-1.6,17.74,3.));
#11035 = LINE('',#11036,#11037);
#11036 = CARTESIAN_POINT('',(-1.6,17.74,3.));
#11037 = VECTOR('',#11038,1.);
#11038 = DIRECTION('',(0.,-1.,0.));
#11039 = ORIENTED_EDGE('',*,*,#11040,.F.);
#11040 = EDGE_CURVE('',#10979,#11033,#11041,.T.);
#11041 = LINE('',#11042,#11043);
#11042 = CARTESIAN_POINT('',(-1.6,17.74,1.25));
#11043 = VECTOR('',#11044,1.);
#11044 = DIRECTION('',(0.,0.,1.));
#11045 = ORIENTED_EDGE('',*,*,#10978,.F.);
#11046 = PLANE('',#11047);
#11047 = AXIS2_PLACEMENT_3D('',#11048,#11049,#11050);
#11048 = CARTESIAN_POINT('',(-1.6,17.74,1.25));
#11049 = DIRECTION('',(-1.,0.,0.));
#11050 = DIRECTION('',(0.,-1.,0.));
#11051 = ADVANCED_FACE('',(#11052),#11070,.T.);
#11052 = FACE_BOUND('',#11053,.T.);
#11053 = EDGE_LOOP('',(#11054,#11055,#11063,#11069));
#11054 = ORIENTED_EDGE('',*,*,#11040,.T.);
#11055 = ORIENTED_EDGE('',*,*,#11056,.F.);
#11056 = EDGE_CURVE('',#11057,#11033,#11059,.T.);
#11057 = VERTEX_POINT('',#11058);
#11058 = CARTESIAN_POINT('',(-1.,17.74,3.));
#11059 = LINE('',#11060,#11061);
#11060 = CARTESIAN_POINT('',(-1.,17.74,3.));
#11061 = VECTOR('',#11062,1.);
#11062 = DIRECTION('',(-1.,0.,0.));
#11063 = ORIENTED_EDGE('',*,*,#11064,.F.);
#11064 = EDGE_CURVE('',#10961,#11057,#11065,.T.);
#11065 = LINE('',#11066,#11067);
#11066 = CARTESIAN_POINT('',(-1.,17.74,1.25));
#11067 = VECTOR('',#11068,1.);
#11068 = DIRECTION('',(0.,0.,1.));
#11069 = ORIENTED_EDGE('',*,*,#10986,.F.);
#11070 = PLANE('',#11071);
#11071 = AXIS2_PLACEMENT_3D('',#11072,#11073,#11074);
#11072 = CARTESIAN_POINT('',(-1.,17.74,1.25));
#11073 = DIRECTION('',(0.,1.,0.));
#11074 = DIRECTION('',(-1.,0.,0.));
#11075 = ADVANCED_FACE('',(#11076),#11087,.T.);
#11076 = FACE_BOUND('',#11077,.T.);
#11077 = EDGE_LOOP('',(#11078,#11079,#11085,#11086));
#11078 = ORIENTED_EDGE('',*,*,#11064,.T.);
#11079 = ORIENTED_EDGE('',*,*,#11080,.F.);
#11080 = EDGE_CURVE('',#11001,#11057,#11081,.T.);
#11081 = LINE('',#11082,#11083);
#11082 = CARTESIAN_POINT('',(-1.,17.14,3.));
#11083 = VECTOR('',#11084,1.);
#11084 = DIRECTION('',(0.,1.,0.));
#11085 = ORIENTED_EDGE('',*,*,#11000,.T.);
#11086 = ORIENTED_EDGE('',*,*,#10960,.F.);
#11087 = PLANE('',#11088);
#11088 = AXIS2_PLACEMENT_3D('',#11089,#11090,#11091);
#11089 = CARTESIAN_POINT('',(-1.,17.14,1.25));
#11090 = DIRECTION('',(1.,0.,0.));
#11091 = DIRECTION('',(-0.,1.,0.));
#11092 = ADVANCED_FACE('',(#11093),#11099,.T.);
#11093 = FACE_BOUND('',#11094,.T.);
#11094 = EDGE_LOOP('',(#11095,#11096,#11097,#11098));
#11095 = ORIENTED_EDGE('',*,*,#11080,.T.);
#11096 = ORIENTED_EDGE('',*,*,#11056,.T.);
#11097 = ORIENTED_EDGE('',*,*,#11032,.T.);
#11098 = ORIENTED_EDGE('',*,*,#11008,.T.);
#11099 = PLANE('',#11100);
#11100 = AXIS2_PLACEMENT_3D('',#11101,#11102,#11103);
#11101 = CARTESIAN_POINT('',(-1.3,17.44,3.));
#11102 = DIRECTION('',(0.,0.,1.));
#11103 = DIRECTION('',(1.,0.,-0.));
#11104 = MANIFOLD_SOLID_BREP('',#11105);
#11105 = CLOSED_SHELL('',(#11106,#11146,#11177,#11201,#11225,#11242));
#11106 = ADVANCED_FACE('',(#11107),#11141,.T.);
#11107 = FACE_BOUND('',#11108,.T.);
#11108 = EDGE_LOOP('',(#11109,#11119,#11127,#11135));
#11109 = ORIENTED_EDGE('',*,*,#11110,.T.);
#11110 = EDGE_CURVE('',#11111,#11113,#11115,.T.);
#11111 = VERTEX_POINT('',#11112);
#11112 = CARTESIAN_POINT('',(-3.6,17.739999986589,-8.));
#11113 = VERTEX_POINT('',#11114);
#11114 = CARTESIAN_POINT('',(-3.6,17.14,-8.));
#11115 = LINE('',#11116,#11117);
#11116 = CARTESIAN_POINT('',(-3.6,17.14,-8.));
#11117 = VECTOR('',#11118,1.);
#11118 = DIRECTION('',(0.,-1.,0.));
#11119 = ORIENTED_EDGE('',*,*,#11120,.T.);
#11120 = EDGE_CURVE('',#11113,#11121,#11123,.T.);
#11121 = VERTEX_POINT('',#11122);
#11122 = CARTESIAN_POINT('',(-4.199999986589,17.14,-8.));
#11123 = LINE('',#11124,#11125);
#11124 = CARTESIAN_POINT('',(-4.199999986589,17.14,-8.));
#11125 = VECTOR('',#11126,1.);
#11126 = DIRECTION('',(-1.,0.,0.));
#11127 = ORIENTED_EDGE('',*,*,#11128,.T.);
#11128 = EDGE_CURVE('',#11121,#11129,#11131,.T.);
#11129 = VERTEX_POINT('',#11130);
#11130 = CARTESIAN_POINT('',(-4.199999986589,17.739999986589,-8.));
#11131 = LINE('',#11132,#11133);
#11132 = CARTESIAN_POINT('',(-4.199999986589,17.739999986589,-8.));
#11133 = VECTOR('',#11134,1.);
#11134 = DIRECTION('',(0.,1.,0.));
#11135 = ORIENTED_EDGE('',*,*,#11136,.T.);
#11136 = EDGE_CURVE('',#11129,#11111,#11137,.T.);
#11137 = LINE('',#11138,#11139);
#11138 = CARTESIAN_POINT('',(-3.6,17.739999986589,-8.));
#11139 = VECTOR('',#11140,1.);
#11140 = DIRECTION('',(1.,0.,0.));
#11141 = PLANE('',#11142);
#11142 = AXIS2_PLACEMENT_3D('',#11143,#11144,#11145);
#11143 = CARTESIAN_POINT('',(-3.899999993294,17.439999993294,-8.));
#11144 = DIRECTION('',(0.,0.,-1.));
#11145 = DIRECTION('',(-1.,0.,0.));
#11146 = ADVANCED_FACE('',(#11147),#11172,.T.);
#11147 = FACE_BOUND('',#11148,.T.);
#11148 = EDGE_LOOP('',(#11149,#11157,#11165,#11171));
#11149 = ORIENTED_EDGE('',*,*,#11150,.F.);
#11150 = EDGE_CURVE('',#11151,#11113,#11153,.T.);
#11151 = VERTEX_POINT('',#11152);
#11152 = CARTESIAN_POINT('',(-3.6,17.14,3.));
#11153 = LINE('',#11154,#11155);
#11154 = CARTESIAN_POINT('',(-3.6,17.14,1.25));
#11155 = VECTOR('',#11156,1.);
#11156 = DIRECTION('',(0.,0.,-1.));
#11157 = ORIENTED_EDGE('',*,*,#11158,.F.);
#11158 = EDGE_CURVE('',#11159,#11151,#11161,.T.);
#11159 = VERTEX_POINT('',#11160);
#11160 = CARTESIAN_POINT('',(-4.199999986589,17.14,3.));
#11161 = LINE('',#11162,#11163);
#11162 = CARTESIAN_POINT('',(-4.199999986589,17.14,3.));
#11163 = VECTOR('',#11164,1.);
#11164 = DIRECTION('',(1.,0.,0.));
#11165 = ORIENTED_EDGE('',*,*,#11166,.F.);
#11166 = EDGE_CURVE('',#11121,#11159,#11167,.T.);
#11167 = LINE('',#11168,#11169);
#11168 = CARTESIAN_POINT('',(-4.199999986589,17.14,1.25));
#11169 = VECTOR('',#11170,1.);
#11170 = DIRECTION('',(0.,0.,1.));
#11171 = ORIENTED_EDGE('',*,*,#11120,.F.);
#11172 = PLANE('',#11173);
#11173 = AXIS2_PLACEMENT_3D('',#11174,#11175,#11176);
#11174 = CARTESIAN_POINT('',(-4.199999986589,17.14,1.25));
#11175 = DIRECTION('',(0.,-1.,0.));
#11176 = DIRECTION('',(1.,0.,0.));
#11177 = ADVANCED_FACE('',(#11178),#11196,.T.);
#11178 = FACE_BOUND('',#11179,.T.);
#11179 = EDGE_LOOP('',(#11180,#11181,#11189,#11195));
#11180 = ORIENTED_EDGE('',*,*,#11166,.T.);
#11181 = ORIENTED_EDGE('',*,*,#11182,.F.);
#11182 = EDGE_CURVE('',#11183,#11159,#11185,.T.);
#11183 = VERTEX_POINT('',#11184);
#11184 = CARTESIAN_POINT('',(-4.199999986589,17.739999986589,3.));
#11185 = LINE('',#11186,#11187);
#11186 = CARTESIAN_POINT('',(-4.199999986589,17.739999986589,3.));
#11187 = VECTOR('',#11188,1.);
#11188 = DIRECTION('',(0.,-1.,0.));
#11189 = ORIENTED_EDGE('',*,*,#11190,.F.);
#11190 = EDGE_CURVE('',#11129,#11183,#11191,.T.);
#11191 = LINE('',#11192,#11193);
#11192 = CARTESIAN_POINT('',(-4.199999986589,17.739999986589,1.25));
#11193 = VECTOR('',#11194,1.);
#11194 = DIRECTION('',(0.,0.,1.));
#11195 = ORIENTED_EDGE('',*,*,#11128,.F.);
#11196 = PLANE('',#11197);
#11197 = AXIS2_PLACEMENT_3D('',#11198,#11199,#11200);
#11198 = CARTESIAN_POINT('',(-4.199999986589,17.739999986589,1.25));
#11199 = DIRECTION('',(-1.,0.,0.));
#11200 = DIRECTION('',(0.,-1.,0.));
#11201 = ADVANCED_FACE('',(#11202),#11220,.T.);
#11202 = FACE_BOUND('',#11203,.T.);
#11203 = EDGE_LOOP('',(#11204,#11205,#11213,#11219));
#11204 = ORIENTED_EDGE('',*,*,#11190,.T.);
#11205 = ORIENTED_EDGE('',*,*,#11206,.F.);
#11206 = EDGE_CURVE('',#11207,#11183,#11209,.T.);
#11207 = VERTEX_POINT('',#11208);
#11208 = CARTESIAN_POINT('',(-3.6,17.739999986589,3.));
#11209 = LINE('',#11210,#11211);
#11210 = CARTESIAN_POINT('',(-3.6,17.739999986589,3.));
#11211 = VECTOR('',#11212,1.);
#11212 = DIRECTION('',(-1.,0.,0.));
#11213 = ORIENTED_EDGE('',*,*,#11214,.F.);
#11214 = EDGE_CURVE('',#11111,#11207,#11215,.T.);
#11215 = LINE('',#11216,#11217);
#11216 = CARTESIAN_POINT('',(-3.6,17.739999986589,1.25));
#11217 = VECTOR('',#11218,1.);
#11218 = DIRECTION('',(0.,0.,1.));
#11219 = ORIENTED_EDGE('',*,*,#11136,.F.);
#11220 = PLANE('',#11221);
#11221 = AXIS2_PLACEMENT_3D('',#11222,#11223,#11224);
#11222 = CARTESIAN_POINT('',(-3.6,17.739999986589,1.25));
#11223 = DIRECTION('',(0.,1.,0.));
#11224 = DIRECTION('',(-1.,0.,0.));
#11225 = ADVANCED_FACE('',(#11226),#11237,.T.);
#11226 = FACE_BOUND('',#11227,.T.);
#11227 = EDGE_LOOP('',(#11228,#11229,#11235,#11236));
#11228 = ORIENTED_EDGE('',*,*,#11214,.T.);
#11229 = ORIENTED_EDGE('',*,*,#11230,.F.);
#11230 = EDGE_CURVE('',#11151,#11207,#11231,.T.);
#11231 = LINE('',#11232,#11233);
#11232 = CARTESIAN_POINT('',(-3.6,17.14,3.));
#11233 = VECTOR('',#11234,1.);
#11234 = DIRECTION('',(0.,1.,0.));
#11235 = ORIENTED_EDGE('',*,*,#11150,.T.);
#11236 = ORIENTED_EDGE('',*,*,#11110,.F.);
#11237 = PLANE('',#11238);
#11238 = AXIS2_PLACEMENT_3D('',#11239,#11240,#11241);
#11239 = CARTESIAN_POINT('',(-3.6,17.14,1.25));
#11240 = DIRECTION('',(1.,0.,0.));
#11241 = DIRECTION('',(-0.,1.,0.));
#11242 = ADVANCED_FACE('',(#11243),#11249,.T.);
#11243 = FACE_BOUND('',#11244,.T.);
#11244 = EDGE_LOOP('',(#11245,#11246,#11247,#11248));
#11245 = ORIENTED_EDGE('',*,*,#11230,.T.);
#11246 = ORIENTED_EDGE('',*,*,#11206,.T.);
#11247 = ORIENTED_EDGE('',*,*,#11182,.T.);
#11248 = ORIENTED_EDGE('',*,*,#11158,.T.);
#11249 = PLANE('',#11250);
#11250 = AXIS2_PLACEMENT_3D('',#11251,#11252,#11253);
#11251 = CARTESIAN_POINT('',(-3.899999993294,17.439999993294,3.));
#11252 = DIRECTION('',(0.,0.,1.));
#11253 = DIRECTION('',(1.,0.,-0.));
#11254 = MANIFOLD_SOLID_BREP('',#11255);
#11255 = CLOSED_SHELL('',(#11256,#11296,#11327,#11351,#11375,#11392));
#11256 = ADVANCED_FACE('',(#11257),#11291,.T.);
#11257 = FACE_BOUND('',#11258,.T.);
#11258 = EDGE_LOOP('',(#11259,#11269,#11277,#11285));
#11259 = ORIENTED_EDGE('',*,*,#11260,.T.);
#11260 = EDGE_CURVE('',#11261,#11263,#11265,.T.);
#11261 = VERTEX_POINT('',#11262);
#11262 = CARTESIAN_POINT('',(4.2,17.74,-8.));
#11263 = VERTEX_POINT('',#11264);
#11264 = CARTESIAN_POINT('',(4.2,17.14,-8.));
#11265 = LINE('',#11266,#11267);
#11266 = CARTESIAN_POINT('',(4.2,17.14,-8.));
#11267 = VECTOR('',#11268,1.);
#11268 = DIRECTION('',(0.,-1.,0.));
#11269 = ORIENTED_EDGE('',*,*,#11270,.T.);
#11270 = EDGE_CURVE('',#11263,#11271,#11273,.T.);
#11271 = VERTEX_POINT('',#11272);
#11272 = CARTESIAN_POINT('',(3.6,17.14,-8.));
#11273 = LINE('',#11274,#11275);
#11274 = CARTESIAN_POINT('',(3.6,17.14,-8.));
#11275 = VECTOR('',#11276,1.);
#11276 = DIRECTION('',(-1.,0.,0.));
#11277 = ORIENTED_EDGE('',*,*,#11278,.T.);
#11278 = EDGE_CURVE('',#11271,#11279,#11281,.T.);
#11279 = VERTEX_POINT('',#11280);
#11280 = CARTESIAN_POINT('',(3.6,17.74,-8.));
#11281 = LINE('',#11282,#11283);
#11282 = CARTESIAN_POINT('',(3.6,17.74,-8.));
#11283 = VECTOR('',#11284,1.);
#11284 = DIRECTION('',(0.,1.,0.));
#11285 = ORIENTED_EDGE('',*,*,#11286,.T.);
#11286 = EDGE_CURVE('',#11279,#11261,#11287,.T.);
#11287 = LINE('',#11288,#11289);
#11288 = CARTESIAN_POINT('',(4.2,17.74,-8.));
#11289 = VECTOR('',#11290,1.);
#11290 = DIRECTION('',(1.,0.,0.));
#11291 = PLANE('',#11292);
#11292 = AXIS2_PLACEMENT_3D('',#11293,#11294,#11295);
#11293 = CARTESIAN_POINT('',(3.9,17.44,-8.));
#11294 = DIRECTION('',(0.,0.,-1.));
#11295 = DIRECTION('',(-1.,0.,0.));
#11296 = ADVANCED_FACE('',(#11297),#11322,.T.);
#11297 = FACE_BOUND('',#11298,.T.);
#11298 = EDGE_LOOP('',(#11299,#11307,#11315,#11321));
#11299 = ORIENTED_EDGE('',*,*,#11300,.F.);
#11300 = EDGE_CURVE('',#11301,#11263,#11303,.T.);
#11301 = VERTEX_POINT('',#11302);
#11302 = CARTESIAN_POINT('',(4.2,17.14,3.));
#11303 = LINE('',#11304,#11305);
#11304 = CARTESIAN_POINT('',(4.2,17.14,1.25));
#11305 = VECTOR('',#11306,1.);
#11306 = DIRECTION('',(0.,0.,-1.));
#11307 = ORIENTED_EDGE('',*,*,#11308,.F.);
#11308 = EDGE_CURVE('',#11309,#11301,#11311,.T.);
#11309 = VERTEX_POINT('',#11310);
#11310 = CARTESIAN_POINT('',(3.6,17.14,3.));
#11311 = LINE('',#11312,#11313);
#11312 = CARTESIAN_POINT('',(3.6,17.14,3.));
#11313 = VECTOR('',#11314,1.);
#11314 = DIRECTION('',(1.,0.,0.));
#11315 = ORIENTED_EDGE('',*,*,#11316,.F.);
#11316 = EDGE_CURVE('',#11271,#11309,#11317,.T.);
#11317 = LINE('',#11318,#11319);
#11318 = CARTESIAN_POINT('',(3.6,17.14,1.25));
#11319 = VECTOR('',#11320,1.);
#11320 = DIRECTION('',(0.,0.,1.));
#11321 = ORIENTED_EDGE('',*,*,#11270,.F.);
#11322 = PLANE('',#11323);
#11323 = AXIS2_PLACEMENT_3D('',#11324,#11325,#11326);
#11324 = CARTESIAN_POINT('',(3.6,17.14,1.25));
#11325 = DIRECTION('',(0.,-1.,0.));
#11326 = DIRECTION('',(1.,0.,0.));
#11327 = ADVANCED_FACE('',(#11328),#11346,.T.);
#11328 = FACE_BOUND('',#11329,.T.);
#11329 = EDGE_LOOP('',(#11330,#11331,#11339,#11345));
#11330 = ORIENTED_EDGE('',*,*,#11316,.T.);
#11331 = ORIENTED_EDGE('',*,*,#11332,.F.);
#11332 = EDGE_CURVE('',#11333,#11309,#11335,.T.);
#11333 = VERTEX_POINT('',#11334);
#11334 = CARTESIAN_POINT('',(3.6,17.74,3.));
#11335 = LINE('',#11336,#11337);
#11336 = CARTESIAN_POINT('',(3.6,17.74,3.));
#11337 = VECTOR('',#11338,1.);
#11338 = DIRECTION('',(0.,-1.,0.));
#11339 = ORIENTED_EDGE('',*,*,#11340,.F.);
#11340 = EDGE_CURVE('',#11279,#11333,#11341,.T.);
#11341 = LINE('',#11342,#11343);
#11342 = CARTESIAN_POINT('',(3.6,17.74,1.25));
#11343 = VECTOR('',#11344,1.);
#11344 = DIRECTION('',(0.,0.,1.));
#11345 = ORIENTED_EDGE('',*,*,#11278,.F.);
#11346 = PLANE('',#11347);
#11347 = AXIS2_PLACEMENT_3D('',#11348,#11349,#11350);
#11348 = CARTESIAN_POINT('',(3.6,17.74,1.25));
#11349 = DIRECTION('',(-1.,0.,0.));
#11350 = DIRECTION('',(0.,-1.,0.));
#11351 = ADVANCED_FACE('',(#11352),#11370,.T.);
#11352 = FACE_BOUND('',#11353,.T.);
#11353 = EDGE_LOOP('',(#11354,#11355,#11363,#11369));
#11354 = ORIENTED_EDGE('',*,*,#11340,.T.);
#11355 = ORIENTED_EDGE('',*,*,#11356,.F.);
#11356 = EDGE_CURVE('',#11357,#11333,#11359,.T.);
#11357 = VERTEX_POINT('',#11358);
#11358 = CARTESIAN_POINT('',(4.2,17.74,3.));
#11359 = LINE('',#11360,#11361);
#11360 = CARTESIAN_POINT('',(4.2,17.74,3.));
#11361 = VECTOR('',#11362,1.);
#11362 = DIRECTION('',(-1.,0.,0.));
#11363 = ORIENTED_EDGE('',*,*,#11364,.F.);
#11364 = EDGE_CURVE('',#11261,#11357,#11365,.T.);
#11365 = LINE('',#11366,#11367);
#11366 = CARTESIAN_POINT('',(4.2,17.74,1.25));
#11367 = VECTOR('',#11368,1.);
#11368 = DIRECTION('',(0.,0.,1.));
#11369 = ORIENTED_EDGE('',*,*,#11286,.F.);
#11370 = PLANE('',#11371);
#11371 = AXIS2_PLACEMENT_3D('',#11372,#11373,#11374);
#11372 = CARTESIAN_POINT('',(4.2,17.74,1.25));
#11373 = DIRECTION('',(0.,1.,0.));
#11374 = DIRECTION('',(-1.,0.,0.));
#11375 = ADVANCED_FACE('',(#11376),#11387,.T.);
#11376 = FACE_BOUND('',#11377,.T.);
#11377 = EDGE_LOOP('',(#11378,#11379,#11385,#11386));
#11378 = ORIENTED_EDGE('',*,*,#11364,.T.);
#11379 = ORIENTED_EDGE('',*,*,#11380,.F.);
#11380 = EDGE_CURVE('',#11301,#11357,#11381,.T.);
#11381 = LINE('',#11382,#11383);
#11382 = CARTESIAN_POINT('',(4.2,17.14,3.));
#11383 = VECTOR('',#11384,1.);
#11384 = DIRECTION('',(0.,1.,0.));
#11385 = ORIENTED_EDGE('',*,*,#11300,.T.);
#11386 = ORIENTED_EDGE('',*,*,#11260,.F.);
#11387 = PLANE('',#11388);
#11388 = AXIS2_PLACEMENT_3D('',#11389,#11390,#11391);
#11389 = CARTESIAN_POINT('',(4.2,17.14,1.25));
#11390 = DIRECTION('',(1.,0.,0.));
#11391 = DIRECTION('',(-0.,1.,0.));
#11392 = ADVANCED_FACE('',(#11393),#11399,.T.);
#11393 = FACE_BOUND('',#11394,.T.);
#11394 = EDGE_LOOP('',(#11395,#11396,#11397,#11398));
#11395 = ORIENTED_EDGE('',*,*,#11380,.T.);
#11396 = ORIENTED_EDGE('',*,*,#11356,.T.);
#11397 = ORIENTED_EDGE('',*,*,#11332,.T.);
#11398 = ORIENTED_EDGE('',*,*,#11308,.T.);
#11399 = PLANE('',#11400);
#11400 = AXIS2_PLACEMENT_3D('',#11401,#11402,#11403);
#11401 = CARTESIAN_POINT('',(3.9,17.44,3.));
#11402 = DIRECTION('',(0.,0.,1.));
#11403 = DIRECTION('',(1.,0.,-0.));
#11404 = ( GEOMETRIC_REPRESENTATION_CONTEXT(3) 
GLOBAL_UNCERTAINTY_ASSIGNED_CONTEXT((#11408)) 
GLOBAL_UNIT_ASSIGNED_CONTEXT((#11405,#11406,#11407)) 
REPRESENTATION_CONTEXT('Context #1',
  '3D Context with UNIT and UNCERTAINTY') );
#11405 = ( LENGTH_UNIT() NAMED_UNIT(*) SI_UNIT(.MILLI.,.METRE.) );
#11406 = ( NAMED_UNIT(*) PLANE_ANGLE_UNIT() SI_UNIT($,.RADIAN.) );
#11407 = ( NAMED_UNIT(*) SI_UNIT($,.STERADIAN.) SOLID_ANGLE_UNIT() );
#11408 = UNCERTAINTY_MEASURE_WITH_UNIT(LENGTH_MEASURE(1.E-07),#11405,
  'distance_accuracy_value','confusion accuracy');
#11409 = CONTEXT_DEPENDENT_SHAPE_REPRESENTATION(#11410,#11412);
#11410 = ( REPRESENTATION_RELATIONSHIP('','',#10803,#10055) 
REPRESENTATION_RELATIONSHIP_WITH_TRANSFORMATION(#11411) 
SHAPE_REPRESENTATION_RELATIONSHIP() );
#11411 = ITEM_DEFINED_TRANSFORMATION('','',#11,#10060);
#11412 = PRODUCT_DEFINITION_SHAPE('Placement','Placement of an item',
  #11413);
#11413 = NEXT_ASSEMBLY_USAGE_OCCURRENCE('8','Solder Tips:1','',#10050,
  #10798,$);
#11414 = PRODUCT_RELATED_PRODUCT_CATEGORY('part',$,(#10800));
#11415 = SHAPE_DEFINITION_REPRESENTATION(#11416,#11422);
#11416 = PRODUCT_DEFINITION_SHAPE('','',#11417);
#11417 = PRODUCT_DEFINITION('design','',#11418,#11421);
#11418 = PRODUCT_DEFINITION_FORMATION('','',#11419);
#11419 = PRODUCT('Screen','Screen','',(#11420));
#11420 = PRODUCT_CONTEXT('',#2,'mechanical');
#11421 = PRODUCT_DEFINITION_CONTEXT('part definition',#2,'design');
#11422 = ADVANCED_BREP_SHAPE_REPRESENTATION('',(#11,#11423),#11639);
#11423 = MANIFOLD_SOLID_BREP('',#11424);
#11424 = CLOSED_SHELL('',(#11425,#11465,#11496,#11527,#11558,#11589,
    #11611,#11625));
#11425 = ADVANCED_FACE('',(#11426),#11460,.T.);
#11426 = FACE_BOUND('',#11427,.T.);
#11427 = EDGE_LOOP('',(#11428,#11438,#11446,#11454));
#11428 = ORIENTED_EDGE('',*,*,#11429,.T.);
#11429 = EDGE_CURVE('',#11430,#11432,#11434,.T.);
#11430 = VERTEX_POINT('',#11431);
#11431 = CARTESIAN_POINT('',(2.922344591447,-17.86,1.25));
#11432 = VERTEX_POINT('',#11433);
#11433 = CARTESIAN_POINT('',(2.922344591447,-15.86,1.25));
#11434 = LINE('',#11435,#11436);
#11435 = CARTESIAN_POINT('',(2.922344591447,-17.86,1.25));
#11436 = VECTOR('',#11437,1.);
#11437 = DIRECTION('',(0.,1.,0.));
#11438 = ORIENTED_EDGE('',*,*,#11439,.T.);
#11439 = EDGE_CURVE('',#11432,#11440,#11442,.T.);
#11440 = VERTEX_POINT('',#11441);
#11441 = CARTESIAN_POINT('',(2.922344591447,-15.86,2.75));
#11442 = LINE('',#11443,#11444);
#11443 = CARTESIAN_POINT('',(2.922344591447,-15.86,1.25));
#11444 = VECTOR('',#11445,1.);
#11445 = DIRECTION('',(0.,0.,1.));
#11446 = ORIENTED_EDGE('',*,*,#11447,.F.);
#11447 = EDGE_CURVE('',#11448,#11440,#11450,.T.);
#11448 = VERTEX_POINT('',#11449);
#11449 = CARTESIAN_POINT('',(2.922344591447,-17.86,2.75));
#11450 = LINE('',#11451,#11452);
#11451 = CARTESIAN_POINT('',(2.922344591447,-17.86,2.75));
#11452 = VECTOR('',#11453,1.);
#11453 = DIRECTION('',(0.,1.,0.));
#11454 = ORIENTED_EDGE('',*,*,#11455,.F.);
#11455 = EDGE_CURVE('',#11430,#11448,#11456,.T.);
#11456 = LINE('',#11457,#11458);
#11457 = CARTESIAN_POINT('',(2.922344591447,-17.86,1.25));
#11458 = VECTOR('',#11459,1.);
#11459 = DIRECTION('',(0.,0.,1.));
#11460 = PLANE('',#11461);
#11461 = AXIS2_PLACEMENT_3D('',#11462,#11463,#11464);
#11462 = CARTESIAN_POINT('',(2.922344591447,-17.86,1.25));
#11463 = DIRECTION('',(1.,0.,0.));
#11464 = DIRECTION('',(-0.,1.,0.));
#11465 = ADVANCED_FACE('',(#11466),#11491,.T.);
#11466 = FACE_BOUND('',#11467,.T.);
#11467 = EDGE_LOOP('',(#11468,#11476,#11477,#11485));
#11468 = ORIENTED_EDGE('',*,*,#11469,.T.);
#11469 = EDGE_CURVE('',#11470,#11430,#11472,.T.);
#11470 = VERTEX_POINT('',#11471);
#11471 = CARTESIAN_POINT('',(-4.922344591447,-17.86,1.25));
#11472 = LINE('',#11473,#11474);
#11473 = CARTESIAN_POINT('',(-4.922344591447,-17.86,1.25));
#11474 = VECTOR('',#11475,1.);
#11475 = DIRECTION('',(1.,0.,0.));
#11476 = ORIENTED_EDGE('',*,*,#11455,.T.);
#11477 = ORIENTED_EDGE('',*,*,#11478,.F.);
#11478 = EDGE_CURVE('',#11479,#11448,#11481,.T.);
#11479 = VERTEX_POINT('',#11480);
#11480 = CARTESIAN_POINT('',(-4.922344591447,-17.86,2.75));
#11481 = LINE('',#11482,#11483);
#11482 = CARTESIAN_POINT('',(-4.922344591447,-17.86,2.75));
#11483 = VECTOR('',#11484,1.);
#11484 = DIRECTION('',(1.,0.,0.));
#11485 = ORIENTED_EDGE('',*,*,#11486,.F.);
#11486 = EDGE_CURVE('',#11470,#11479,#11487,.T.);
#11487 = LINE('',#11488,#11489);
#11488 = CARTESIAN_POINT('',(-4.922344591447,-17.86,1.25));
#11489 = VECTOR('',#11490,1.);
#11490 = DIRECTION('',(0.,0.,1.));
#11491 = PLANE('',#11492);
#11492 = AXIS2_PLACEMENT_3D('',#11493,#11494,#11495);
#11493 = CARTESIAN_POINT('',(-4.922344591447,-17.86,1.25));
#11494 = DIRECTION('',(0.,-1.,0.));
#11495 = DIRECTION('',(1.,0.,0.));
#11496 = ADVANCED_FACE('',(#11497),#11522,.T.);
#11497 = FACE_BOUND('',#11498,.T.);
#11498 = EDGE_LOOP('',(#11499,#11507,#11508,#11516));
#11499 = ORIENTED_EDGE('',*,*,#11500,.T.);
#11500 = EDGE_CURVE('',#11501,#11470,#11503,.T.);
#11501 = VERTEX_POINT('',#11502);
#11502 = CARTESIAN_POINT('',(-4.922344591447,14.14,1.25));
#11503 = LINE('',#11504,#11505);
#11504 = CARTESIAN_POINT('',(-4.922344591447,14.14,1.25));
#11505 = VECTOR('',#11506,1.);
#11506 = DIRECTION('',(0.,-1.,0.));
#11507 = ORIENTED_EDGE('',*,*,#11486,.T.);
#11508 = ORIENTED_EDGE('',*,*,#11509,.F.);
#11509 = EDGE_CURVE('',#11510,#11479,#11512,.T.);
#11510 = VERTEX_POINT('',#11511);
#11511 = CARTESIAN_POINT('',(-4.922344591447,14.14,2.75));
#11512 = LINE('',#11513,#11514);
#11513 = CARTESIAN_POINT('',(-4.922344591447,14.14,2.75));
#11514 = VECTOR('',#11515,1.);
#11515 = DIRECTION('',(0.,-1.,0.));
#11516 = ORIENTED_EDGE('',*,*,#11517,.F.);
#11517 = EDGE_CURVE('',#11501,#11510,#11518,.T.);
#11518 = LINE('',#11519,#11520);
#11519 = CARTESIAN_POINT('',(-4.922344591447,14.14,1.25));
#11520 = VECTOR('',#11521,1.);
#11521 = DIRECTION('',(0.,0.,1.));
#11522 = PLANE('',#11523);
#11523 = AXIS2_PLACEMENT_3D('',#11524,#11525,#11526);
#11524 = CARTESIAN_POINT('',(-4.922344591447,14.14,1.25));
#11525 = DIRECTION('',(-1.,0.,0.));
#11526 = DIRECTION('',(0.,-1.,0.));
#11527 = ADVANCED_FACE('',(#11528),#11553,.T.);
#11528 = FACE_BOUND('',#11529,.T.);
#11529 = EDGE_LOOP('',(#11530,#11538,#11539,#11547));
#11530 = ORIENTED_EDGE('',*,*,#11531,.T.);
#11531 = EDGE_CURVE('',#11532,#11501,#11534,.T.);
#11532 = VERTEX_POINT('',#11533);
#11533 = CARTESIAN_POINT('',(4.922344591447,14.14,1.25));
#11534 = LINE('',#11535,#11536);
#11535 = CARTESIAN_POINT('',(4.922344591447,14.14,1.25));
#11536 = VECTOR('',#11537,1.);
#11537 = DIRECTION('',(-1.,0.,0.));
#11538 = ORIENTED_EDGE('',*,*,#11517,.T.);
#11539 = ORIENTED_EDGE('',*,*,#11540,.F.);
#11540 = EDGE_CURVE('',#11541,#11510,#11543,.T.);
#11541 = VERTEX_POINT('',#11542);
#11542 = CARTESIAN_POINT('',(4.922344591447,14.14,2.75));
#11543 = LINE('',#11544,#11545);
#11544 = CARTESIAN_POINT('',(4.922344591447,14.14,2.75));
#11545 = VECTOR('',#11546,1.);
#11546 = DIRECTION('',(-1.,0.,0.));
#11547 = ORIENTED_EDGE('',*,*,#11548,.F.);
#11548 = EDGE_CURVE('',#11532,#11541,#11549,.T.);
#11549 = LINE('',#11550,#11551);
#11550 = CARTESIAN_POINT('',(4.922344591447,14.14,1.25));
#11551 = VECTOR('',#11552,1.);
#11552 = DIRECTION('',(0.,0.,1.));
#11553 = PLANE('',#11554);
#11554 = AXIS2_PLACEMENT_3D('',#11555,#11556,#11557);
#11555 = CARTESIAN_POINT('',(4.922344591447,14.14,1.25));
#11556 = DIRECTION('',(0.,1.,0.));
#11557 = DIRECTION('',(-1.,0.,0.));
#11558 = ADVANCED_FACE('',(#11559),#11584,.T.);
#11559 = FACE_BOUND('',#11560,.T.);
#11560 = EDGE_LOOP('',(#11561,#11569,#11570,#11578));
#11561 = ORIENTED_EDGE('',*,*,#11562,.T.);
#11562 = EDGE_CURVE('',#11563,#11532,#11565,.T.);
#11563 = VERTEX_POINT('',#11564);
#11564 = CARTESIAN_POINT('',(4.922344591447,-15.86,1.25));
#11565 = LINE('',#11566,#11567);
#11566 = CARTESIAN_POINT('',(4.922344591447,-17.86,1.25));
#11567 = VECTOR('',#11568,1.);
#11568 = DIRECTION('',(0.,1.,0.));
#11569 = ORIENTED_EDGE('',*,*,#11548,.T.);
#11570 = ORIENTED_EDGE('',*,*,#11571,.F.);
#11571 = EDGE_CURVE('',#11572,#11541,#11574,.T.);
#11572 = VERTEX_POINT('',#11573);
#11573 = CARTESIAN_POINT('',(4.922344591447,-15.86,2.75));
#11574 = LINE('',#11575,#11576);
#11575 = CARTESIAN_POINT('',(4.922344591447,-17.86,2.75));
#11576 = VECTOR('',#11577,1.);
#11577 = DIRECTION('',(0.,1.,0.));
#11578 = ORIENTED_EDGE('',*,*,#11579,.F.);
#11579 = EDGE_CURVE('',#11563,#11572,#11580,.T.);
#11580 = LINE('',#11581,#11582);
#11581 = CARTESIAN_POINT('',(4.922344591447,-15.86,1.25));
#11582 = VECTOR('',#11583,1.);
#11583 = DIRECTION('',(0.,0.,1.));
#11584 = PLANE('',#11585);
#11585 = AXIS2_PLACEMENT_3D('',#11586,#11587,#11588);
#11586 = CARTESIAN_POINT('',(4.922344591447,-15.86,1.25));
#11587 = DIRECTION('',(1.,0.,0.));
#11588 = DIRECTION('',(-0.,1.,0.));
#11589 = ADVANCED_FACE('',(#11590),#11606,.T.);
#11590 = FACE_BOUND('',#11591,.T.);
#11591 = EDGE_LOOP('',(#11592,#11598,#11599,#11605));
#11592 = ORIENTED_EDGE('',*,*,#11593,.T.);
#11593 = EDGE_CURVE('',#11432,#11563,#11594,.T.);
#11594 = LINE('',#11595,#11596);
#11595 = CARTESIAN_POINT('',(2.922344591447,-15.86,1.25));
#11596 = VECTOR('',#11597,1.);
#11597 = DIRECTION('',(1.,0.,0.));
#11598 = ORIENTED_EDGE('',*,*,#11579,.T.);
#11599 = ORIENTED_EDGE('',*,*,#11600,.F.);
#11600 = EDGE_CURVE('',#11440,#11572,#11601,.T.);
#11601 = LINE('',#11602,#11603);
#11602 = CARTESIAN_POINT('',(2.922344591447,-15.86,2.75));
#11603 = VECTOR('',#11604,1.);
#11604 = DIRECTION('',(1.,0.,0.));
#11605 = ORIENTED_EDGE('',*,*,#11439,.F.);
#11606 = PLANE('',#11607);
#11607 = AXIS2_PLACEMENT_3D('',#11608,#11609,#11610);
#11608 = CARTESIAN_POINT('',(2.922344591447,-15.86,1.25));
#11609 = DIRECTION('',(0.,-1.,0.));
#11610 = DIRECTION('',(1.,0.,0.));
#11611 = ADVANCED_FACE('',(#11612),#11620,.T.);
#11612 = FACE_BOUND('',#11613,.T.);
#11613 = EDGE_LOOP('',(#11614,#11615,#11616,#11617,#11618,#11619));
#11614 = ORIENTED_EDGE('',*,*,#11600,.T.);
#11615 = ORIENTED_EDGE('',*,*,#11571,.T.);
#11616 = ORIENTED_EDGE('',*,*,#11540,.T.);
#11617 = ORIENTED_EDGE('',*,*,#11509,.T.);
#11618 = ORIENTED_EDGE('',*,*,#11478,.T.);
#11619 = ORIENTED_EDGE('',*,*,#11447,.T.);
#11620 = PLANE('',#11621);
#11621 = AXIS2_PLACEMENT_3D('',#11622,#11623,#11624);
#11622 = CARTESIAN_POINT('',(-1.110223024625E-15,-1.86,2.75));
#11623 = DIRECTION('',(0.,0.,1.));
#11624 = DIRECTION('',(1.,0.,-0.));
#11625 = ADVANCED_FACE('',(#11626),#11634,.F.);
#11626 = FACE_BOUND('',#11627,.T.);
#11627 = EDGE_LOOP('',(#11628,#11629,#11630,#11631,#11632,#11633));
#11628 = ORIENTED_EDGE('',*,*,#11593,.F.);
#11629 = ORIENTED_EDGE('',*,*,#11429,.F.);
#11630 = ORIENTED_EDGE('',*,*,#11469,.F.);
#11631 = ORIENTED_EDGE('',*,*,#11500,.F.);
#11632 = ORIENTED_EDGE('',*,*,#11531,.F.);
#11633 = ORIENTED_EDGE('',*,*,#11562,.F.);
#11634 = PLANE('',#11635);
#11635 = AXIS2_PLACEMENT_3D('',#11636,#11637,#11638);
#11636 = CARTESIAN_POINT('',(-1.110223024625E-15,-1.86,1.25));
#11637 = DIRECTION('',(0.,0.,1.));
#11638 = DIRECTION('',(-1.,0.,0.));
#11639 = ( GEOMETRIC_REPRESENTATION_CONTEXT(3) 
GLOBAL_UNCERTAINTY_ASSIGNED_CONTEXT((#11643)) 
GLOBAL_UNIT_ASSIGNED_CONTEXT((#11640,#11641,#11642)) 
REPRESENTATION_CONTEXT('Context #1',
  '3D Context with UNIT and UNCERTAINTY') );
#11640 = ( LENGTH_UNIT() NAMED_UNIT(*) SI_UNIT(.MILLI.,.METRE.) );
#11641 = ( NAMED_UNIT(*) PLANE_ANGLE_UNIT() SI_UNIT($,.RADIAN.) );
#11642 = ( NAMED_UNIT(*) SI_UNIT($,.STERADIAN.) SOLID_ANGLE_UNIT() );
#11643 = UNCERTAINTY_MEASURE_WITH_UNIT(LENGTH_MEASURE(1.E-07),#11640,
  'distance_accuracy_value','confusion accuracy');
#11644 = CONTEXT_DEPENDENT_SHAPE_REPRESENTATION(#11645,#11647);
#11645 = ( REPRESENTATION_RELATIONSHIP('','',#11422,#10055) 
REPRESENTATION_RELATIONSHIP_WITH_TRANSFORMATION(#11646) 
SHAPE_REPRESENTATION_RELATIONSHIP() );
#11646 = ITEM_DEFINED_TRANSFORMATION('','',#11,#10064);
#11647 = PRODUCT_DEFINITION_SHAPE('Placement','Placement of an item',
  #11648);
#11648 = NEXT_ASSEMBLY_USAGE_OCCURRENCE('9','Screen:1','',#10050,#11417,
  $);
#11649 = PRODUCT_RELATED_PRODUCT_CATEGORY('part',$,(#11419));
#11650 = SHAPE_DEFINITION_REPRESENTATION(#11651,#11657);
#11651 = PRODUCT_DEFINITION_SHAPE('','',#11652);
#11652 = PRODUCT_DEFINITION('design','',#11653,#11656);
#11653 = PRODUCT_DEFINITION_FORMATION('','',#11654);
#11654 = PRODUCT('Space Taken by Resistors & Other Things',
  'Space Taken by Resistors & Other Things','',(#11655));
#11655 = PRODUCT_CONTEXT('',#2,'mechanical');
#11656 = PRODUCT_DEFINITION_CONTEXT('part definition',#2,'design');
#11657 = SHAPE_REPRESENTATION('',(#11,#11658,#11808,#12234,#12660,#13086
    ),#13512);
#11658 = MANIFOLD_SOLID_BREP('',#11659);
#11659 = CLOSED_SHELL('',(#11660,#11700,#11731,#11762,#11784,#11796));
#11660 = ADVANCED_FACE('',(#11661),#11695,.T.);
#11661 = FACE_BOUND('',#11662,.T.);
#11662 = EDGE_LOOP('',(#11663,#11673,#11681,#11689));
#11663 = ORIENTED_EDGE('',*,*,#11664,.T.);
#11664 = EDGE_CURVE('',#11665,#11667,#11669,.T.);
#11665 = VERTEX_POINT('',#11666);
#11666 = CARTESIAN_POINT('',(-6.,12.14,0.));
#11667 = VERTEX_POINT('',#11668);
#11668 = CARTESIAN_POINT('',(6.,12.14,0.));
#11669 = LINE('',#11670,#11671);
#11670 = CARTESIAN_POINT('',(-6.,12.14,0.));
#11671 = VECTOR('',#11672,1.);
#11672 = DIRECTION('',(1.,0.,0.));
#11673 = ORIENTED_EDGE('',*,*,#11674,.T.);
#11674 = EDGE_CURVE('',#11667,#11675,#11677,.T.);
#11675 = VERTEX_POINT('',#11676);
#11676 = CARTESIAN_POINT('',(6.,12.14,-1.));
#11677 = LINE('',#11678,#11679);
#11678 = CARTESIAN_POINT('',(6.,12.14,0.));
#11679 = VECTOR('',#11680,1.);
#11680 = DIRECTION('',(0.,0.,-1.));
#11681 = ORIENTED_EDGE('',*,*,#11682,.F.);
#11682 = EDGE_CURVE('',#11683,#11675,#11685,.T.);
#11683 = VERTEX_POINT('',#11684);
#11684 = CARTESIAN_POINT('',(-6.,12.14,-1.));
#11685 = LINE('',#11686,#11687);
#11686 = CARTESIAN_POINT('',(-6.,12.14,-1.));
#11687 = VECTOR('',#11688,1.);
#11688 = DIRECTION('',(1.,0.,0.));
#11689 = ORIENTED_EDGE('',*,*,#11690,.F.);
#11690 = EDGE_CURVE('',#11665,#11683,#11691,.T.);
#11691 = LINE('',#11692,#11693);
#11692 = CARTESIAN_POINT('',(-6.,12.14,0.));
#11693 = VECTOR('',#11694,1.);
#11694 = DIRECTION('',(0.,0.,-1.));
#11695 = PLANE('',#11696);
#11696 = AXIS2_PLACEMENT_3D('',#11697,#11698,#11699);
#11697 = CARTESIAN_POINT('',(-6.,12.14,0.));
#11698 = DIRECTION('',(0.,1.,0.));
#11699 = DIRECTION('',(1.,0.,0.));
#11700 = ADVANCED_FACE('',(#11701),#11726,.T.);
#11701 = FACE_BOUND('',#11702,.T.);
#11702 = EDGE_LOOP('',(#11703,#11711,#11712,#11720));
#11703 = ORIENTED_EDGE('',*,*,#11704,.T.);
#11704 = EDGE_CURVE('',#11705,#11665,#11707,.T.);
#11705 = VERTEX_POINT('',#11706);
#11706 = CARTESIAN_POINT('',(-6.,-4.86,0.));
#11707 = LINE('',#11708,#11709);
#11708 = CARTESIAN_POINT('',(-6.,-4.86,0.));
#11709 = VECTOR('',#11710,1.);
#11710 = DIRECTION('',(0.,1.,0.));
#11711 = ORIENTED_EDGE('',*,*,#11690,.T.);
#11712 = ORIENTED_EDGE('',*,*,#11713,.F.);
#11713 = EDGE_CURVE('',#11714,#11683,#11716,.T.);
#11714 = VERTEX_POINT('',#11715);
#11715 = CARTESIAN_POINT('',(-6.,-4.86,-1.));
#11716 = LINE('',#11717,#11718);
#11717 = CARTESIAN_POINT('',(-6.,-4.86,-1.));
#11718 = VECTOR('',#11719,1.);
#11719 = DIRECTION('',(0.,1.,0.));
#11720 = ORIENTED_EDGE('',*,*,#11721,.F.);
#11721 = EDGE_CURVE('',#11705,#11714,#11722,.T.);
#11722 = LINE('',#11723,#11724);
#11723 = CARTESIAN_POINT('',(-6.,-4.86,0.));
#11724 = VECTOR('',#11725,1.);
#11725 = DIRECTION('',(0.,0.,-1.));
#11726 = PLANE('',#11727);
#11727 = AXIS2_PLACEMENT_3D('',#11728,#11729,#11730);
#11728 = CARTESIAN_POINT('',(-6.,-4.86,0.));
#11729 = DIRECTION('',(-1.,0.,0.));
#11730 = DIRECTION('',(0.,1.,0.));
#11731 = ADVANCED_FACE('',(#11732),#11757,.T.);
#11732 = FACE_BOUND('',#11733,.T.);
#11733 = EDGE_LOOP('',(#11734,#11742,#11743,#11751));
#11734 = ORIENTED_EDGE('',*,*,#11735,.T.);
#11735 = EDGE_CURVE('',#11736,#11705,#11738,.T.);
#11736 = VERTEX_POINT('',#11737);
#11737 = CARTESIAN_POINT('',(6.,-4.86,0.));
#11738 = LINE('',#11739,#11740);
#11739 = CARTESIAN_POINT('',(6.,-4.86,0.));
#11740 = VECTOR('',#11741,1.);
#11741 = DIRECTION('',(-1.,0.,0.));
#11742 = ORIENTED_EDGE('',*,*,#11721,.T.);
#11743 = ORIENTED_EDGE('',*,*,#11744,.F.);
#11744 = EDGE_CURVE('',#11745,#11714,#11747,.T.);
#11745 = VERTEX_POINT('',#11746);
#11746 = CARTESIAN_POINT('',(6.,-4.86,-1.));
#11747 = LINE('',#11748,#11749);
#11748 = CARTESIAN_POINT('',(6.,-4.86,-1.));
#11749 = VECTOR('',#11750,1.);
#11750 = DIRECTION('',(-1.,0.,0.));
#11751 = ORIENTED_EDGE('',*,*,#11752,.F.);
#11752 = EDGE_CURVE('',#11736,#11745,#11753,.T.);
#11753 = LINE('',#11754,#11755);
#11754 = CARTESIAN_POINT('',(6.,-4.86,0.));
#11755 = VECTOR('',#11756,1.);
#11756 = DIRECTION('',(0.,0.,-1.));
#11757 = PLANE('',#11758);
#11758 = AXIS2_PLACEMENT_3D('',#11759,#11760,#11761);
#11759 = CARTESIAN_POINT('',(6.,-4.86,0.));
#11760 = DIRECTION('',(0.,-1.,0.));
#11761 = DIRECTION('',(-1.,0.,0.));
#11762 = ADVANCED_FACE('',(#11763),#11779,.T.);
#11763 = FACE_BOUND('',#11764,.T.);
#11764 = EDGE_LOOP('',(#11765,#11771,#11772,#11778));
#11765 = ORIENTED_EDGE('',*,*,#11766,.T.);
#11766 = EDGE_CURVE('',#11667,#11736,#11767,.T.);
#11767 = LINE('',#11768,#11769);
#11768 = CARTESIAN_POINT('',(6.,12.14,0.));
#11769 = VECTOR('',#11770,1.);
#11770 = DIRECTION('',(0.,-1.,0.));
#11771 = ORIENTED_EDGE('',*,*,#11752,.T.);
#11772 = ORIENTED_EDGE('',*,*,#11773,.F.);
#11773 = EDGE_CURVE('',#11675,#11745,#11774,.T.);
#11774 = LINE('',#11775,#11776);
#11775 = CARTESIAN_POINT('',(6.,12.14,-1.));
#11776 = VECTOR('',#11777,1.);
#11777 = DIRECTION('',(0.,-1.,0.));
#11778 = ORIENTED_EDGE('',*,*,#11674,.F.);
#11779 = PLANE('',#11780);
#11780 = AXIS2_PLACEMENT_3D('',#11781,#11782,#11783);
#11781 = CARTESIAN_POINT('',(6.,12.14,0.));
#11782 = DIRECTION('',(1.,0.,0.));
#11783 = DIRECTION('',(0.,-1.,0.));
#11784 = ADVANCED_FACE('',(#11785),#11791,.T.);
#11785 = FACE_BOUND('',#11786,.T.);
#11786 = EDGE_LOOP('',(#11787,#11788,#11789,#11790));
#11787 = ORIENTED_EDGE('',*,*,#11773,.T.);
#11788 = ORIENTED_EDGE('',*,*,#11744,.T.);
#11789 = ORIENTED_EDGE('',*,*,#11713,.T.);
#11790 = ORIENTED_EDGE('',*,*,#11682,.T.);
#11791 = PLANE('',#11792);
#11792 = AXIS2_PLACEMENT_3D('',#11793,#11794,#11795);
#11793 = CARTESIAN_POINT('',(0.,3.64,-1.));
#11794 = DIRECTION('',(0.,0.,-1.));
#11795 = DIRECTION('',(-1.,0.,0.));
#11796 = ADVANCED_FACE('',(#11797),#11803,.F.);
#11797 = FACE_BOUND('',#11798,.T.);
#11798 = EDGE_LOOP('',(#11799,#11800,#11801,#11802));
#11799 = ORIENTED_EDGE('',*,*,#11766,.F.);
#11800 = ORIENTED_EDGE('',*,*,#11664,.F.);
#11801 = ORIENTED_EDGE('',*,*,#11704,.F.);
#11802 = ORIENTED_EDGE('',*,*,#11735,.F.);
#11803 = PLANE('',#11804);
#11804 = AXIS2_PLACEMENT_3D('',#11805,#11806,#11807);
#11805 = CARTESIAN_POINT('',(0.,3.64,0.));
#11806 = DIRECTION('',(0.,0.,-1.));
#11807 = DIRECTION('',(1.,0.,0.));
#11808 = MANIFOLD_SOLID_BREP('',#11809);
#11809 = CLOSED_SHELL('',(#11810,#11852,#11883,#11976,#12001,#12025,
    #12057,#12074,#12099,#12130,#12154,#12178,#12195,#12212));
#11810 = ADVANCED_FACE('',(#11811),#11847,.T.);
#11811 = FACE_BOUND('',#11812,.T.);
#11812 = EDGE_LOOP('',(#11813,#11824,#11832,#11841));
#11813 = ORIENTED_EDGE('',*,*,#11814,.T.);
#11814 = EDGE_CURVE('',#11815,#11817,#11819,.T.);
#11815 = VERTEX_POINT('',#11816);
#11816 = CARTESIAN_POINT('',(5.E-02,16.29,-2.));
#11817 = VERTEX_POINT('',#11818);
#11818 = CARTESIAN_POINT('',(0.15,16.19,-2.));
#11819 = CIRCLE('',#11820,0.1);
#11820 = AXIS2_PLACEMENT_3D('',#11821,#11822,#11823);
#11821 = CARTESIAN_POINT('',(0.15,16.29,-2.));
#11822 = DIRECTION('',(0.,0.,1.));
#11823 = DIRECTION('',(-0.707106781187,-0.707106781187,0.));
#11824 = ORIENTED_EDGE('',*,*,#11825,.T.);
#11825 = EDGE_CURVE('',#11817,#11826,#11828,.T.);
#11826 = VERTEX_POINT('',#11827);
#11827 = CARTESIAN_POINT('',(0.15,16.19,0.));
#11828 = LINE('',#11829,#11830);
#11829 = CARTESIAN_POINT('',(0.15,16.19,0.));
#11830 = VECTOR('',#11831,1.);
#11831 = DIRECTION('',(0.,0.,1.));
#11832 = ORIENTED_EDGE('',*,*,#11833,.T.);
#11833 = EDGE_CURVE('',#11826,#11834,#11836,.T.);
#11834 = VERTEX_POINT('',#11835);
#11835 = CARTESIAN_POINT('',(5.E-02,16.29,0.));
#11836 = CIRCLE('',#11837,0.1);
#11837 = AXIS2_PLACEMENT_3D('',#11838,#11839,#11840);
#11838 = CARTESIAN_POINT('',(0.15,16.29,0.));
#11839 = DIRECTION('',(0.,0.,-1.));
#11840 = DIRECTION('',(-0.707106781187,-0.707106781187,-0.));
#11841 = ORIENTED_EDGE('',*,*,#11842,.T.);
#11842 = EDGE_CURVE('',#11834,#11815,#11843,.T.);
#11843 = LINE('',#11844,#11845);
#11844 = CARTESIAN_POINT('',(5.E-02,16.29,0.));
#11845 = VECTOR('',#11846,1.);
#11846 = DIRECTION('',(0.,0.,-1.));
#11847 = CYLINDRICAL_SURFACE('',#11848,0.1);
#11848 = AXIS2_PLACEMENT_3D('',#11849,#11850,#11851);
#11849 = CARTESIAN_POINT('',(0.15,16.29,0.));
#11850 = DIRECTION('',(0.,0.,-1.));
#11851 = DIRECTION('',(-0.707106781187,-0.707106781187,-0.));
#11852 = ADVANCED_FACE('',(#11853),#11878,.T.);
#11853 = FACE_BOUND('',#11854,.T.);
#11854 = EDGE_LOOP('',(#11855,#11856,#11864,#11872));
#11855 = ORIENTED_EDGE('',*,*,#11842,.F.);
#11856 = ORIENTED_EDGE('',*,*,#11857,.F.);
#11857 = EDGE_CURVE('',#11858,#11834,#11860,.T.);
#11858 = VERTEX_POINT('',#11859);
#11859 = CARTESIAN_POINT('',(5.E-02,18.59,0.));
#11860 = LINE('',#11861,#11862);
#11861 = CARTESIAN_POINT('',(5.E-02,18.69,0.));
#11862 = VECTOR('',#11863,1.);
#11863 = DIRECTION('',(0.,-1.,0.));
#11864 = ORIENTED_EDGE('',*,*,#11865,.F.);
#11865 = EDGE_CURVE('',#11866,#11858,#11868,.T.);
#11866 = VERTEX_POINT('',#11867);
#11867 = CARTESIAN_POINT('',(5.E-02,18.59,-2.));
#11868 = LINE('',#11869,#11870);
#11869 = CARTESIAN_POINT('',(5.E-02,18.59,0.));
#11870 = VECTOR('',#11871,1.);
#11871 = DIRECTION('',(0.,0.,1.));
#11872 = ORIENTED_EDGE('',*,*,#11873,.F.);
#11873 = EDGE_CURVE('',#11815,#11866,#11874,.T.);
#11874 = LINE('',#11875,#11876);
#11875 = CARTESIAN_POINT('',(5.E-02,18.69,-2.));
#11876 = VECTOR('',#11877,1.);
#11877 = DIRECTION('',(0.,1.,0.));
#11878 = PLANE('',#11879);
#11879 = AXIS2_PLACEMENT_3D('',#11880,#11881,#11882);
#11880 = CARTESIAN_POINT('',(5.E-02,16.19,0.));
#11881 = DIRECTION('',(-1.,0.,0.));
#11882 = DIRECTION('',(0.,1.,0.));
#11883 = ADVANCED_FACE('',(#11884,#11937),#11971,.F.);
#11884 = FACE_BOUND('',#11885,.T.);
#11885 = EDGE_LOOP('',(#11886,#11887,#11895,#11904,#11912,#11921,#11929,
    #11936));
#11886 = ORIENTED_EDGE('',*,*,#11833,.F.);
#11887 = ORIENTED_EDGE('',*,*,#11888,.T.);
#11888 = EDGE_CURVE('',#11826,#11889,#11891,.T.);
#11889 = VERTEX_POINT('',#11890);
#11890 = CARTESIAN_POINT('',(2.45,16.19,0.));
#11891 = LINE('',#11892,#11893);
#11892 = CARTESIAN_POINT('',(5.E-02,16.19,0.));
#11893 = VECTOR('',#11894,1.);
#11894 = DIRECTION('',(1.,0.,0.));
#11895 = ORIENTED_EDGE('',*,*,#11896,.F.);
#11896 = EDGE_CURVE('',#11897,#11889,#11899,.T.);
#11897 = VERTEX_POINT('',#11898);
#11898 = CARTESIAN_POINT('',(2.55,16.29,0.));
#11899 = CIRCLE('',#11900,0.1);
#11900 = AXIS2_PLACEMENT_3D('',#11901,#11902,#11903);
#11901 = CARTESIAN_POINT('',(2.45,16.29,0.));
#11902 = DIRECTION('',(0.,0.,-1.));
#11903 = DIRECTION('',(0.707106781187,-0.707106781187,0.));
#11904 = ORIENTED_EDGE('',*,*,#11905,.T.);
#11905 = EDGE_CURVE('',#11897,#11906,#11908,.T.);
#11906 = VERTEX_POINT('',#11907);
#11907 = CARTESIAN_POINT('',(2.55,18.59,0.));
#11908 = LINE('',#11909,#11910);
#11909 = CARTESIAN_POINT('',(2.55,16.19,0.));
#11910 = VECTOR('',#11911,1.);
#11911 = DIRECTION('',(0.,1.,0.));
#11912 = ORIENTED_EDGE('',*,*,#11913,.F.);
#11913 = EDGE_CURVE('',#11914,#11906,#11916,.T.);
#11914 = VERTEX_POINT('',#11915);
#11915 = CARTESIAN_POINT('',(2.45,18.69,0.));
#11916 = CIRCLE('',#11917,0.1);
#11917 = AXIS2_PLACEMENT_3D('',#11918,#11919,#11920);
#11918 = CARTESIAN_POINT('',(2.45,18.59,0.));
#11919 = DIRECTION('',(0.,0.,-1.));
#11920 = DIRECTION('',(0.707106781187,0.707106781187,0.));
#11921 = ORIENTED_EDGE('',*,*,#11922,.T.);
#11922 = EDGE_CURVE('',#11914,#11923,#11925,.T.);
#11923 = VERTEX_POINT('',#11924);
#11924 = CARTESIAN_POINT('',(0.15,18.69,0.));
#11925 = LINE('',#11926,#11927);
#11926 = CARTESIAN_POINT('',(2.55,18.69,0.));
#11927 = VECTOR('',#11928,1.);
#11928 = DIRECTION('',(-1.,0.,0.));
#11929 = ORIENTED_EDGE('',*,*,#11930,.F.);
#11930 = EDGE_CURVE('',#11858,#11923,#11931,.T.);
#11931 = CIRCLE('',#11932,0.1);
#11932 = AXIS2_PLACEMENT_3D('',#11933,#11934,#11935);
#11933 = CARTESIAN_POINT('',(0.15,18.59,0.));
#11934 = DIRECTION('',(0.,0.,-1.));
#11935 = DIRECTION('',(-0.707106781187,0.707106781187,0.));
#11936 = ORIENTED_EDGE('',*,*,#11857,.T.);
#11937 = FACE_BOUND('',#11938,.T.);
#11938 = EDGE_LOOP('',(#11939,#11949,#11957,#11965));
#11939 = ORIENTED_EDGE('',*,*,#11940,.F.);
#11940 = EDGE_CURVE('',#11941,#11943,#11945,.T.);
#11941 = VERTEX_POINT('',#11942);
#11942 = CARTESIAN_POINT('',(1.,17.14,0.));
#11943 = VERTEX_POINT('',#11944);
#11944 = CARTESIAN_POINT('',(1.6,17.14,0.));
#11945 = LINE('',#11946,#11947);
#11946 = CARTESIAN_POINT('',(1.,17.14,0.));
#11947 = VECTOR('',#11948,1.);
#11948 = DIRECTION('',(1.,0.,0.));
#11949 = ORIENTED_EDGE('',*,*,#11950,.F.);
#11950 = EDGE_CURVE('',#11951,#11941,#11953,.T.);
#11951 = VERTEX_POINT('',#11952);
#11952 = CARTESIAN_POINT('',(1.,17.74,0.));
#11953 = LINE('',#11954,#11955);
#11954 = CARTESIAN_POINT('',(1.,17.74,0.));
#11955 = VECTOR('',#11956,1.);
#11956 = DIRECTION('',(0.,-1.,0.));
#11957 = ORIENTED_EDGE('',*,*,#11958,.F.);
#11958 = EDGE_CURVE('',#11959,#11951,#11961,.T.);
#11959 = VERTEX_POINT('',#11960);
#11960 = CARTESIAN_POINT('',(1.6,17.74,0.));
#11961 = LINE('',#11962,#11963);
#11962 = CARTESIAN_POINT('',(1.6,17.74,0.));
#11963 = VECTOR('',#11964,1.);
#11964 = DIRECTION('',(-1.,0.,0.));
#11965 = ORIENTED_EDGE('',*,*,#11966,.F.);
#11966 = EDGE_CURVE('',#11943,#11959,#11967,.T.);
#11967 = LINE('',#11968,#11969);
#11968 = CARTESIAN_POINT('',(1.6,17.14,0.));
#11969 = VECTOR('',#11970,1.);
#11970 = DIRECTION('',(0.,1.,0.));
#11971 = PLANE('',#11972);
#11972 = AXIS2_PLACEMENT_3D('',#11973,#11974,#11975);
#11973 = CARTESIAN_POINT('',(1.3,17.44,0.));
#11974 = DIRECTION('',(0.,0.,-1.));
#11975 = DIRECTION('',(1.,0.,0.));
#11976 = ADVANCED_FACE('',(#11977),#11996,.T.);
#11977 = FACE_BOUND('',#11978,.T.);
#11978 = EDGE_LOOP('',(#11979,#11988,#11989,#11990));
#11979 = ORIENTED_EDGE('',*,*,#11980,.T.);
#11980 = EDGE_CURVE('',#11981,#11866,#11983,.T.);
#11981 = VERTEX_POINT('',#11982);
#11982 = CARTESIAN_POINT('',(0.15,18.69,-2.));
#11983 = CIRCLE('',#11984,0.1);
#11984 = AXIS2_PLACEMENT_3D('',#11985,#11986,#11987);
#11985 = CARTESIAN_POINT('',(0.15,18.59,-2.));
#11986 = DIRECTION('',(0.,0.,1.));
#11987 = DIRECTION('',(-0.707106781187,0.707106781187,0.));
#11988 = ORIENTED_EDGE('',*,*,#11865,.T.);
#11989 = ORIENTED_EDGE('',*,*,#11930,.T.);
#11990 = ORIENTED_EDGE('',*,*,#11991,.T.);
#11991 = EDGE_CURVE('',#11923,#11981,#11992,.T.);
#11992 = LINE('',#11993,#11994);
#11993 = CARTESIAN_POINT('',(0.15,18.69,0.));
#11994 = VECTOR('',#11995,1.);
#11995 = DIRECTION('',(0.,0.,-1.));
#11996 = CYLINDRICAL_SURFACE('',#11997,0.1);
#11997 = AXIS2_PLACEMENT_3D('',#11998,#11999,#12000);
#11998 = CARTESIAN_POINT('',(0.15,18.59,0.));
#11999 = DIRECTION('',(0.,0.,-1.));
#12000 = DIRECTION('',(-0.707106781187,0.707106781187,0.));
#12001 = ADVANCED_FACE('',(#12002),#12020,.T.);
#12002 = FACE_BOUND('',#12003,.T.);
#12003 = EDGE_LOOP('',(#12004,#12005,#12006,#12014));
#12004 = ORIENTED_EDGE('',*,*,#11991,.F.);
#12005 = ORIENTED_EDGE('',*,*,#11922,.F.);
#12006 = ORIENTED_EDGE('',*,*,#12007,.F.);
#12007 = EDGE_CURVE('',#12008,#11914,#12010,.T.);
#12008 = VERTEX_POINT('',#12009);
#12009 = CARTESIAN_POINT('',(2.45,18.69,-2.));
#12010 = LINE('',#12011,#12012);
#12011 = CARTESIAN_POINT('',(2.45,18.69,0.));
#12012 = VECTOR('',#12013,1.);
#12013 = DIRECTION('',(0.,0.,1.));
#12014 = ORIENTED_EDGE('',*,*,#12015,.F.);
#12015 = EDGE_CURVE('',#11981,#12008,#12016,.T.);
#12016 = LINE('',#12017,#12018);
#12017 = CARTESIAN_POINT('',(2.55,18.69,-2.));
#12018 = VECTOR('',#12019,1.);
#12019 = DIRECTION('',(1.,0.,0.));
#12020 = PLANE('',#12021);
#12021 = AXIS2_PLACEMENT_3D('',#12022,#12023,#12024);
#12022 = CARTESIAN_POINT('',(5.E-02,18.69,0.));
#12023 = DIRECTION('',(0.,1.,0.));
#12024 = DIRECTION('',(1.,0.,0.));
#12025 = ADVANCED_FACE('',(#12026),#12052,.T.);
#12026 = FACE_BOUND('',#12027,.T.);
#12027 = EDGE_LOOP('',(#12028,#12039,#12045,#12046));
#12028 = ORIENTED_EDGE('',*,*,#12029,.T.);
#12029 = EDGE_CURVE('',#12030,#12032,#12034,.T.);
#12030 = VERTEX_POINT('',#12031);
#12031 = CARTESIAN_POINT('',(2.45,16.19,-2.));
#12032 = VERTEX_POINT('',#12033);
#12033 = CARTESIAN_POINT('',(2.55,16.29,-2.));
#12034 = CIRCLE('',#12035,0.1);
#12035 = AXIS2_PLACEMENT_3D('',#12036,#12037,#12038);
#12036 = CARTESIAN_POINT('',(2.45,16.29,-2.));
#12037 = DIRECTION('',(0.,0.,1.));
#12038 = DIRECTION('',(0.707106781187,-0.707106781187,0.));
#12039 = ORIENTED_EDGE('',*,*,#12040,.T.);
#12040 = EDGE_CURVE('',#12032,#11897,#12041,.T.);
#12041 = LINE('',#12042,#12043);
#12042 = CARTESIAN_POINT('',(2.55,16.29,0.));
#12043 = VECTOR('',#12044,1.);
#12044 = DIRECTION('',(0.,0.,1.));
#12045 = ORIENTED_EDGE('',*,*,#11896,.T.);
#12046 = ORIENTED_EDGE('',*,*,#12047,.T.);
#12047 = EDGE_CURVE('',#11889,#12030,#12048,.T.);
#12048 = LINE('',#12049,#12050);
#12049 = CARTESIAN_POINT('',(2.45,16.19,0.));
#12050 = VECTOR('',#12051,1.);
#12051 = DIRECTION('',(0.,0.,-1.));
#12052 = CYLINDRICAL_SURFACE('',#12053,0.1);
#12053 = AXIS2_PLACEMENT_3D('',#12054,#12055,#12056);
#12054 = CARTESIAN_POINT('',(2.45,16.29,0.));
#12055 = DIRECTION('',(0.,0.,-1.));
#12056 = DIRECTION('',(0.707106781187,-0.707106781187,0.));
#12057 = ADVANCED_FACE('',(#12058),#12069,.T.);
#12058 = FACE_BOUND('',#12059,.T.);
#12059 = EDGE_LOOP('',(#12060,#12061,#12067,#12068));
#12060 = ORIENTED_EDGE('',*,*,#11825,.F.);
#12061 = ORIENTED_EDGE('',*,*,#12062,.F.);
#12062 = EDGE_CURVE('',#12030,#11817,#12063,.T.);
#12063 = LINE('',#12064,#12065);
#12064 = CARTESIAN_POINT('',(5.E-02,16.19,-2.));
#12065 = VECTOR('',#12066,1.);
#12066 = DIRECTION('',(-1.,0.,0.));
#12067 = ORIENTED_EDGE('',*,*,#12047,.F.);
#12068 = ORIENTED_EDGE('',*,*,#11888,.F.);
#12069 = PLANE('',#12070);
#12070 = AXIS2_PLACEMENT_3D('',#12071,#12072,#12073);
#12071 = CARTESIAN_POINT('',(2.55,16.19,0.));
#12072 = DIRECTION('',(0.,-1.,0.));
#12073 = DIRECTION('',(-1.,0.,0.));
#12074 = ADVANCED_FACE('',(#12075),#12094,.T.);
#12075 = FACE_BOUND('',#12076,.T.);
#12076 = EDGE_LOOP('',(#12077,#12086,#12087,#12088));
#12077 = ORIENTED_EDGE('',*,*,#12078,.T.);
#12078 = EDGE_CURVE('',#12079,#12008,#12081,.T.);
#12079 = VERTEX_POINT('',#12080);
#12080 = CARTESIAN_POINT('',(2.55,18.59,-2.));
#12081 = CIRCLE('',#12082,0.1);
#12082 = AXIS2_PLACEMENT_3D('',#12083,#12084,#12085);
#12083 = CARTESIAN_POINT('',(2.45,18.59,-2.));
#12084 = DIRECTION('',(0.,0.,1.));
#12085 = DIRECTION('',(0.707106781187,0.707106781187,-0.));
#12086 = ORIENTED_EDGE('',*,*,#12007,.T.);
#12087 = ORIENTED_EDGE('',*,*,#11913,.T.);
#12088 = ORIENTED_EDGE('',*,*,#12089,.T.);
#12089 = EDGE_CURVE('',#11906,#12079,#12090,.T.);
#12090 = LINE('',#12091,#12092);
#12091 = CARTESIAN_POINT('',(2.55,18.59,0.));
#12092 = VECTOR('',#12093,1.);
#12093 = DIRECTION('',(0.,0.,-1.));
#12094 = CYLINDRICAL_SURFACE('',#12095,0.1);
#12095 = AXIS2_PLACEMENT_3D('',#12096,#12097,#12098);
#12096 = CARTESIAN_POINT('',(2.45,18.59,0.));
#12097 = DIRECTION('',(0.,0.,-1.));
#12098 = DIRECTION('',(0.707106781187,0.707106781187,0.));
#12099 = ADVANCED_FACE('',(#12100),#12125,.T.);
#12100 = FACE_BOUND('',#12101,.T.);
#12101 = EDGE_LOOP('',(#12102,#12103,#12111,#12119));
#12102 = ORIENTED_EDGE('',*,*,#11950,.T.);
#12103 = ORIENTED_EDGE('',*,*,#12104,.T.);
#12104 = EDGE_CURVE('',#11941,#12105,#12107,.T.);
#12105 = VERTEX_POINT('',#12106);
#12106 = CARTESIAN_POINT('',(1.,17.14,-2.));
#12107 = LINE('',#12108,#12109);
#12108 = CARTESIAN_POINT('',(1.,17.14,0.));
#12109 = VECTOR('',#12110,1.);
#12110 = DIRECTION('',(0.,0.,-1.));
#12111 = ORIENTED_EDGE('',*,*,#12112,.F.);
#12112 = EDGE_CURVE('',#12113,#12105,#12115,.T.);
#12113 = VERTEX_POINT('',#12114);
#12114 = CARTESIAN_POINT('',(1.,17.74,-2.));
#12115 = LINE('',#12116,#12117);
#12116 = CARTESIAN_POINT('',(1.,17.74,-2.));
#12117 = VECTOR('',#12118,1.);
#12118 = DIRECTION('',(0.,-1.,0.));
#12119 = ORIENTED_EDGE('',*,*,#12120,.F.);
#12120 = EDGE_CURVE('',#11951,#12113,#12121,.T.);
#12121 = LINE('',#12122,#12123);
#12122 = CARTESIAN_POINT('',(1.,17.74,0.));
#12123 = VECTOR('',#12124,1.);
#12124 = DIRECTION('',(0.,0.,-1.));
#12125 = PLANE('',#12126);
#12126 = AXIS2_PLACEMENT_3D('',#12127,#12128,#12129);
#12127 = CARTESIAN_POINT('',(1.,17.74,0.));
#12128 = DIRECTION('',(1.,0.,0.));
#12129 = DIRECTION('',(0.,-1.,0.));
#12130 = ADVANCED_FACE('',(#12131),#12149,.T.);
#12131 = FACE_BOUND('',#12132,.T.);
#12132 = EDGE_LOOP('',(#12133,#12134,#12135,#12143));
#12133 = ORIENTED_EDGE('',*,*,#11958,.T.);
#12134 = ORIENTED_EDGE('',*,*,#12120,.T.);
#12135 = ORIENTED_EDGE('',*,*,#12136,.F.);
#12136 = EDGE_CURVE('',#12137,#12113,#12139,.T.);
#12137 = VERTEX_POINT('',#12138);
#12138 = CARTESIAN_POINT('',(1.6,17.74,-2.));
#12139 = LINE('',#12140,#12141);
#12140 = CARTESIAN_POINT('',(1.6,17.74,-2.));
#12141 = VECTOR('',#12142,1.);
#12142 = DIRECTION('',(-1.,0.,0.));
#12143 = ORIENTED_EDGE('',*,*,#12144,.F.);
#12144 = EDGE_CURVE('',#11959,#12137,#12145,.T.);
#12145 = LINE('',#12146,#12147);
#12146 = CARTESIAN_POINT('',(1.6,17.74,0.));
#12147 = VECTOR('',#12148,1.);
#12148 = DIRECTION('',(0.,0.,-1.));
#12149 = PLANE('',#12150);
#12150 = AXIS2_PLACEMENT_3D('',#12151,#12152,#12153);
#12151 = CARTESIAN_POINT('',(1.6,17.74,0.));
#12152 = DIRECTION('',(0.,-1.,0.));
#12153 = DIRECTION('',(-1.,0.,0.));
#12154 = ADVANCED_FACE('',(#12155),#12173,.T.);
#12155 = FACE_BOUND('',#12156,.T.);
#12156 = EDGE_LOOP('',(#12157,#12158,#12159,#12167));
#12157 = ORIENTED_EDGE('',*,*,#11966,.T.);
#12158 = ORIENTED_EDGE('',*,*,#12144,.T.);
#12159 = ORIENTED_EDGE('',*,*,#12160,.F.);
#12160 = EDGE_CURVE('',#12161,#12137,#12163,.T.);
#12161 = VERTEX_POINT('',#12162);
#12162 = CARTESIAN_POINT('',(1.6,17.14,-2.));
#12163 = LINE('',#12164,#12165);
#12164 = CARTESIAN_POINT('',(1.6,17.14,-2.));
#12165 = VECTOR('',#12166,1.);
#12166 = DIRECTION('',(0.,1.,0.));
#12167 = ORIENTED_EDGE('',*,*,#12168,.F.);
#12168 = EDGE_CURVE('',#11943,#12161,#12169,.T.);
#12169 = LINE('',#12170,#12171);
#12170 = CARTESIAN_POINT('',(1.6,17.14,0.));
#12171 = VECTOR('',#12172,1.);
#12172 = DIRECTION('',(0.,0.,-1.));
#12173 = PLANE('',#12174);
#12174 = AXIS2_PLACEMENT_3D('',#12175,#12176,#12177);
#12175 = CARTESIAN_POINT('',(1.6,17.14,0.));
#12176 = DIRECTION('',(-1.,0.,0.));
#12177 = DIRECTION('',(0.,1.,0.));
#12178 = ADVANCED_FACE('',(#12179),#12190,.T.);
#12179 = FACE_BOUND('',#12180,.T.);
#12180 = EDGE_LOOP('',(#12181,#12182,#12183,#12189));
#12181 = ORIENTED_EDGE('',*,*,#11940,.T.);
#12182 = ORIENTED_EDGE('',*,*,#12168,.T.);
#12183 = ORIENTED_EDGE('',*,*,#12184,.F.);
#12184 = EDGE_CURVE('',#12105,#12161,#12185,.T.);
#12185 = LINE('',#12186,#12187);
#12186 = CARTESIAN_POINT('',(1.,17.14,-2.));
#12187 = VECTOR('',#12188,1.);
#12188 = DIRECTION('',(1.,0.,0.));
#12189 = ORIENTED_EDGE('',*,*,#12104,.F.);
#12190 = PLANE('',#12191);
#12191 = AXIS2_PLACEMENT_3D('',#12192,#12193,#12194);
#12192 = CARTESIAN_POINT('',(1.,17.14,0.));
#12193 = DIRECTION('',(0.,1.,0.));
#12194 = DIRECTION('',(1.,0.,0.));
#12195 = ADVANCED_FACE('',(#12196),#12207,.T.);
#12196 = FACE_BOUND('',#12197,.T.);
#12197 = EDGE_LOOP('',(#12198,#12199,#12205,#12206));
#12198 = ORIENTED_EDGE('',*,*,#12040,.F.);
#12199 = ORIENTED_EDGE('',*,*,#12200,.F.);
#12200 = EDGE_CURVE('',#12079,#12032,#12201,.T.);
#12201 = LINE('',#12202,#12203);
#12202 = CARTESIAN_POINT('',(2.55,16.19,-2.));
#12203 = VECTOR('',#12204,1.);
#12204 = DIRECTION('',(0.,-1.,0.));
#12205 = ORIENTED_EDGE('',*,*,#12089,.F.);
#12206 = ORIENTED_EDGE('',*,*,#11905,.F.);
#12207 = PLANE('',#12208);
#12208 = AXIS2_PLACEMENT_3D('',#12209,#12210,#12211);
#12209 = CARTESIAN_POINT('',(2.55,18.69,0.));
#12210 = DIRECTION('',(1.,0.,0.));
#12211 = DIRECTION('',(0.,-1.,0.));
#12212 = ADVANCED_FACE('',(#12213,#12223),#12229,.T.);
#12213 = FACE_BOUND('',#12214,.T.);
#12214 = EDGE_LOOP('',(#12215,#12216,#12217,#12218,#12219,#12220,#12221,
    #12222));
#12215 = ORIENTED_EDGE('',*,*,#11814,.F.);
#12216 = ORIENTED_EDGE('',*,*,#11873,.T.);
#12217 = ORIENTED_EDGE('',*,*,#11980,.F.);
#12218 = ORIENTED_EDGE('',*,*,#12015,.T.);
#12219 = ORIENTED_EDGE('',*,*,#12078,.F.);
#12220 = ORIENTED_EDGE('',*,*,#12200,.T.);
#12221 = ORIENTED_EDGE('',*,*,#12029,.F.);
#12222 = ORIENTED_EDGE('',*,*,#12062,.T.);
#12223 = FACE_BOUND('',#12224,.T.);
#12224 = EDGE_LOOP('',(#12225,#12226,#12227,#12228));
#12225 = ORIENTED_EDGE('',*,*,#12184,.T.);
#12226 = ORIENTED_EDGE('',*,*,#12160,.T.);
#12227 = ORIENTED_EDGE('',*,*,#12136,.T.);
#12228 = ORIENTED_EDGE('',*,*,#12112,.T.);
#12229 = PLANE('',#12230);
#12230 = AXIS2_PLACEMENT_3D('',#12231,#12232,#12233);
#12231 = CARTESIAN_POINT('',(1.3,17.44,-2.));
#12232 = DIRECTION('',(0.,0.,-1.));
#12233 = DIRECTION('',(-1.,0.,0.));
#12234 = MANIFOLD_SOLID_BREP('',#12235);
#12235 = CLOSED_SHELL('',(#12236,#12278,#12309,#12402,#12434,#12458,
    #12483,#12508,#12539,#12563,#12587,#12604,#12621,#12638));
#12236 = ADVANCED_FACE('',(#12237),#12273,.T.);
#12237 = FACE_BOUND('',#12238,.T.);
#12238 = EDGE_LOOP('',(#12239,#12250,#12258,#12267));
#12239 = ORIENTED_EDGE('',*,*,#12240,.T.);
#12240 = EDGE_CURVE('',#12241,#12243,#12245,.T.);
#12241 = VERTEX_POINT('',#12242);
#12242 = CARTESIAN_POINT('',(-2.45,18.69,-2.));
#12243 = VERTEX_POINT('',#12244);
#12244 = CARTESIAN_POINT('',(-2.55,18.59,-2.));
#12245 = CIRCLE('',#12246,0.1);
#12246 = AXIS2_PLACEMENT_3D('',#12247,#12248,#12249);
#12247 = CARTESIAN_POINT('',(-2.45,18.59,-2.));
#12248 = DIRECTION('',(0.,0.,1.));
#12249 = DIRECTION('',(-0.707106781187,0.707106781187,0.));
#12250 = ORIENTED_EDGE('',*,*,#12251,.T.);
#12251 = EDGE_CURVE('',#12243,#12252,#12254,.T.);
#12252 = VERTEX_POINT('',#12253);
#12253 = CARTESIAN_POINT('',(-2.55,18.59,0.));
#12254 = LINE('',#12255,#12256);
#12255 = CARTESIAN_POINT('',(-2.55,18.59,0.));
#12256 = VECTOR('',#12257,1.);
#12257 = DIRECTION('',(0.,0.,1.));
#12258 = ORIENTED_EDGE('',*,*,#12259,.T.);
#12259 = EDGE_CURVE('',#12252,#12260,#12262,.T.);
#12260 = VERTEX_POINT('',#12261);
#12261 = CARTESIAN_POINT('',(-2.45,18.69,0.));
#12262 = CIRCLE('',#12263,0.1);
#12263 = AXIS2_PLACEMENT_3D('',#12264,#12265,#12266);
#12264 = CARTESIAN_POINT('',(-2.45,18.59,0.));
#12265 = DIRECTION('',(0.,0.,-1.));
#12266 = DIRECTION('',(-0.707106781187,0.707106781187,0.));
#12267 = ORIENTED_EDGE('',*,*,#12268,.T.);
#12268 = EDGE_CURVE('',#12260,#12241,#12269,.T.);
#12269 = LINE('',#12270,#12271);
#12270 = CARTESIAN_POINT('',(-2.45,18.69,0.));
#12271 = VECTOR('',#12272,1.);
#12272 = DIRECTION('',(0.,0.,-1.));
#12273 = CYLINDRICAL_SURFACE('',#12274,0.1);
#12274 = AXIS2_PLACEMENT_3D('',#12275,#12276,#12277);
#12275 = CARTESIAN_POINT('',(-2.45,18.59,0.));
#12276 = DIRECTION('',(0.,0.,-1.));
#12277 = DIRECTION('',(-0.707106781187,0.707106781187,0.));
#12278 = ADVANCED_FACE('',(#12279),#12304,.T.);
#12279 = FACE_BOUND('',#12280,.T.);
#12280 = EDGE_LOOP('',(#12281,#12282,#12290,#12298));
#12281 = ORIENTED_EDGE('',*,*,#12268,.F.);
#12282 = ORIENTED_EDGE('',*,*,#12283,.F.);
#12283 = EDGE_CURVE('',#12284,#12260,#12286,.T.);
#12284 = VERTEX_POINT('',#12285);
#12285 = CARTESIAN_POINT('',(-0.15,18.69,0.));
#12286 = LINE('',#12287,#12288);
#12287 = CARTESIAN_POINT('',(-5.E-02,18.69,0.));
#12288 = VECTOR('',#12289,1.);
#12289 = DIRECTION('',(-1.,0.,0.));
#12290 = ORIENTED_EDGE('',*,*,#12291,.F.);
#12291 = EDGE_CURVE('',#12292,#12284,#12294,.T.);
#12292 = VERTEX_POINT('',#12293);
#12293 = CARTESIAN_POINT('',(-0.15,18.69,-2.));
#12294 = LINE('',#12295,#12296);
#12295 = CARTESIAN_POINT('',(-0.15,18.69,0.));
#12296 = VECTOR('',#12297,1.);
#12297 = DIRECTION('',(0.,0.,1.));
#12298 = ORIENTED_EDGE('',*,*,#12299,.F.);
#12299 = EDGE_CURVE('',#12241,#12292,#12300,.T.);
#12300 = LINE('',#12301,#12302);
#12301 = CARTESIAN_POINT('',(-5.E-02,18.69,-2.));
#12302 = VECTOR('',#12303,1.);
#12303 = DIRECTION('',(1.,0.,0.));
#12304 = PLANE('',#12305);
#12305 = AXIS2_PLACEMENT_3D('',#12306,#12307,#12308);
#12306 = CARTESIAN_POINT('',(-2.55,18.69,0.));
#12307 = DIRECTION('',(0.,1.,0.));
#12308 = DIRECTION('',(1.,0.,0.));
#12309 = ADVANCED_FACE('',(#12310,#12363),#12397,.F.);
#12310 = FACE_BOUND('',#12311,.T.);
#12311 = EDGE_LOOP('',(#12312,#12313,#12321,#12330,#12338,#12347,#12355,
    #12362));
#12312 = ORIENTED_EDGE('',*,*,#12259,.F.);
#12313 = ORIENTED_EDGE('',*,*,#12314,.T.);
#12314 = EDGE_CURVE('',#12252,#12315,#12317,.T.);
#12315 = VERTEX_POINT('',#12316);
#12316 = CARTESIAN_POINT('',(-2.55,16.29,0.));
#12317 = LINE('',#12318,#12319);
#12318 = CARTESIAN_POINT('',(-2.55,18.69,0.));
#12319 = VECTOR('',#12320,1.);
#12320 = DIRECTION('',(0.,-1.,0.));
#12321 = ORIENTED_EDGE('',*,*,#12322,.F.);
#12322 = EDGE_CURVE('',#12323,#12315,#12325,.T.);
#12323 = VERTEX_POINT('',#12324);
#12324 = CARTESIAN_POINT('',(-2.45,16.19,0.));
#12325 = CIRCLE('',#12326,0.1);
#12326 = AXIS2_PLACEMENT_3D('',#12327,#12328,#12329);
#12327 = CARTESIAN_POINT('',(-2.45,16.29,0.));
#12328 = DIRECTION('',(0.,0.,-1.));
#12329 = DIRECTION('',(-0.707106781187,-0.707106781187,-0.));
#12330 = ORIENTED_EDGE('',*,*,#12331,.T.);
#12331 = EDGE_CURVE('',#12323,#12332,#12334,.T.);
#12332 = VERTEX_POINT('',#12333);
#12333 = CARTESIAN_POINT('',(-0.15,16.19,0.));
#12334 = LINE('',#12335,#12336);
#12335 = CARTESIAN_POINT('',(-2.55,16.19,0.));
#12336 = VECTOR('',#12337,1.);
#12337 = DIRECTION('',(1.,0.,0.));
#12338 = ORIENTED_EDGE('',*,*,#12339,.F.);
#12339 = EDGE_CURVE('',#12340,#12332,#12342,.T.);
#12340 = VERTEX_POINT('',#12341);
#12341 = CARTESIAN_POINT('',(-5.E-02,16.29,0.));
#12342 = CIRCLE('',#12343,0.1);
#12343 = AXIS2_PLACEMENT_3D('',#12344,#12345,#12346);
#12344 = CARTESIAN_POINT('',(-0.15,16.29,0.));
#12345 = DIRECTION('',(0.,0.,-1.));
#12346 = DIRECTION('',(0.707106781187,-0.707106781187,0.));
#12347 = ORIENTED_EDGE('',*,*,#12348,.T.);
#12348 = EDGE_CURVE('',#12340,#12349,#12351,.T.);
#12349 = VERTEX_POINT('',#12350);
#12350 = CARTESIAN_POINT('',(-5.E-02,18.59,0.));
#12351 = LINE('',#12352,#12353);
#12352 = CARTESIAN_POINT('',(-5.E-02,16.19,0.));
#12353 = VECTOR('',#12354,1.);
#12354 = DIRECTION('',(0.,1.,0.));
#12355 = ORIENTED_EDGE('',*,*,#12356,.F.);
#12356 = EDGE_CURVE('',#12284,#12349,#12357,.T.);
#12357 = CIRCLE('',#12358,0.1);
#12358 = AXIS2_PLACEMENT_3D('',#12359,#12360,#12361);
#12359 = CARTESIAN_POINT('',(-0.15,18.59,0.));
#12360 = DIRECTION('',(0.,0.,-1.));
#12361 = DIRECTION('',(0.707106781187,0.707106781187,0.));
#12362 = ORIENTED_EDGE('',*,*,#12283,.T.);
#12363 = FACE_BOUND('',#12364,.T.);
#12364 = EDGE_LOOP('',(#12365,#12375,#12383,#12391));
#12365 = ORIENTED_EDGE('',*,*,#12366,.F.);
#12366 = EDGE_CURVE('',#12367,#12369,#12371,.T.);
#12367 = VERTEX_POINT('',#12368);
#12368 = CARTESIAN_POINT('',(-1.6,17.14,0.));
#12369 = VERTEX_POINT('',#12370);
#12370 = CARTESIAN_POINT('',(-1.,17.14,0.));
#12371 = LINE('',#12372,#12373);
#12372 = CARTESIAN_POINT('',(-1.6,17.14,0.));
#12373 = VECTOR('',#12374,1.);
#12374 = DIRECTION('',(1.,0.,0.));
#12375 = ORIENTED_EDGE('',*,*,#12376,.F.);
#12376 = EDGE_CURVE('',#12377,#12367,#12379,.T.);
#12377 = VERTEX_POINT('',#12378);
#12378 = CARTESIAN_POINT('',(-1.6,17.74,0.));
#12379 = LINE('',#12380,#12381);
#12380 = CARTESIAN_POINT('',(-1.6,17.74,0.));
#12381 = VECTOR('',#12382,1.);
#12382 = DIRECTION('',(0.,-1.,0.));
#12383 = ORIENTED_EDGE('',*,*,#12384,.F.);
#12384 = EDGE_CURVE('',#12385,#12377,#12387,.T.);
#12385 = VERTEX_POINT('',#12386);
#12386 = CARTESIAN_POINT('',(-1.,17.74,0.));
#12387 = LINE('',#12388,#12389);
#12388 = CARTESIAN_POINT('',(-1.,17.74,0.));
#12389 = VECTOR('',#12390,1.);
#12390 = DIRECTION('',(-1.,0.,0.));
#12391 = ORIENTED_EDGE('',*,*,#12392,.F.);
#12392 = EDGE_CURVE('',#12369,#12385,#12393,.T.);
#12393 = LINE('',#12394,#12395);
#12394 = CARTESIAN_POINT('',(-1.,17.14,0.));
#12395 = VECTOR('',#12396,1.);
#12396 = DIRECTION('',(0.,1.,0.));
#12397 = PLANE('',#12398);
#12398 = AXIS2_PLACEMENT_3D('',#12399,#12400,#12401);
#12399 = CARTESIAN_POINT('',(-1.3,17.44,0.));
#12400 = DIRECTION('',(0.,0.,-1.));
#12401 = DIRECTION('',(1.,0.,0.));
#12402 = ADVANCED_FACE('',(#12403),#12429,.T.);
#12403 = FACE_BOUND('',#12404,.T.);
#12404 = EDGE_LOOP('',(#12405,#12416,#12422,#12423));
#12405 = ORIENTED_EDGE('',*,*,#12406,.T.);
#12406 = EDGE_CURVE('',#12407,#12409,#12411,.T.);
#12407 = VERTEX_POINT('',#12408);
#12408 = CARTESIAN_POINT('',(-2.55,16.29,-2.));
#12409 = VERTEX_POINT('',#12410);
#12410 = CARTESIAN_POINT('',(-2.45,16.19,-2.));
#12411 = CIRCLE('',#12412,0.1);
#12412 = AXIS2_PLACEMENT_3D('',#12413,#12414,#12415);
#12413 = CARTESIAN_POINT('',(-2.45,16.29,-2.));
#12414 = DIRECTION('',(0.,0.,1.));
#12415 = DIRECTION('',(-0.707106781187,-0.707106781187,0.));
#12416 = ORIENTED_EDGE('',*,*,#12417,.T.);
#12417 = EDGE_CURVE('',#12409,#12323,#12418,.T.);
#12418 = LINE('',#12419,#12420);
#12419 = CARTESIAN_POINT('',(-2.45,16.19,0.));
#12420 = VECTOR('',#12421,1.);
#12421 = DIRECTION('',(0.,0.,1.));
#12422 = ORIENTED_EDGE('',*,*,#12322,.T.);
#12423 = ORIENTED_EDGE('',*,*,#12424,.T.);
#12424 = EDGE_CURVE('',#12315,#12407,#12425,.T.);
#12425 = LINE('',#12426,#12427);
#12426 = CARTESIAN_POINT('',(-2.55,16.29,0.));
#12427 = VECTOR('',#12428,1.);
#12428 = DIRECTION('',(0.,0.,-1.));
#12429 = CYLINDRICAL_SURFACE('',#12430,0.1);
#12430 = AXIS2_PLACEMENT_3D('',#12431,#12432,#12433);
#12431 = CARTESIAN_POINT('',(-2.45,16.29,0.));
#12432 = DIRECTION('',(0.,0.,-1.));
#12433 = DIRECTION('',(-0.707106781187,-0.707106781187,-0.));
#12434 = ADVANCED_FACE('',(#12435),#12453,.T.);
#12435 = FACE_BOUND('',#12436,.T.);
#12436 = EDGE_LOOP('',(#12437,#12438,#12446,#12452));
#12437 = ORIENTED_EDGE('',*,*,#12417,.F.);
#12438 = ORIENTED_EDGE('',*,*,#12439,.F.);
#12439 = EDGE_CURVE('',#12440,#12409,#12442,.T.);
#12440 = VERTEX_POINT('',#12441);
#12441 = CARTESIAN_POINT('',(-0.15,16.19,-2.));
#12442 = LINE('',#12443,#12444);
#12443 = CARTESIAN_POINT('',(-2.55,16.19,-2.));
#12444 = VECTOR('',#12445,1.);
#12445 = DIRECTION('',(-1.,0.,0.));
#12446 = ORIENTED_EDGE('',*,*,#12447,.F.);
#12447 = EDGE_CURVE('',#12332,#12440,#12448,.T.);
#12448 = LINE('',#12449,#12450);
#12449 = CARTESIAN_POINT('',(-0.15,16.19,0.));
#12450 = VECTOR('',#12451,1.);
#12451 = DIRECTION('',(0.,0.,-1.));
#12452 = ORIENTED_EDGE('',*,*,#12331,.F.);
#12453 = PLANE('',#12454);
#12454 = AXIS2_PLACEMENT_3D('',#12455,#12456,#12457);
#12455 = CARTESIAN_POINT('',(-5.E-02,16.19,0.));
#12456 = DIRECTION('',(0.,-1.,0.));
#12457 = DIRECTION('',(-1.,0.,0.));
#12458 = ADVANCED_FACE('',(#12459),#12478,.T.);
#12459 = FACE_BOUND('',#12460,.T.);
#12460 = EDGE_LOOP('',(#12461,#12470,#12476,#12477));
#12461 = ORIENTED_EDGE('',*,*,#12462,.T.);
#12462 = EDGE_CURVE('',#12440,#12463,#12465,.T.);
#12463 = VERTEX_POINT('',#12464);
#12464 = CARTESIAN_POINT('',(-5.E-02,16.29,-2.));
#12465 = CIRCLE('',#12466,0.1);
#12466 = AXIS2_PLACEMENT_3D('',#12467,#12468,#12469);
#12467 = CARTESIAN_POINT('',(-0.15,16.29,-2.));
#12468 = DIRECTION('',(0.,0.,1.));
#12469 = DIRECTION('',(0.707106781187,-0.707106781187,0.));
#12470 = ORIENTED_EDGE('',*,*,#12471,.T.);
#12471 = EDGE_CURVE('',#12463,#12340,#12472,.T.);
#12472 = LINE('',#12473,#12474);
#12473 = CARTESIAN_POINT('',(-5.E-02,16.29,0.));
#12474 = VECTOR('',#12475,1.);
#12475 = DIRECTION('',(0.,0.,1.));
#12476 = ORIENTED_EDGE('',*,*,#12339,.T.);
#12477 = ORIENTED_EDGE('',*,*,#12447,.T.);
#12478 = CYLINDRICAL_SURFACE('',#12479,0.1);
#12479 = AXIS2_PLACEMENT_3D('',#12480,#12481,#12482);
#12480 = CARTESIAN_POINT('',(-0.15,16.29,0.));
#12481 = DIRECTION('',(0.,0.,-1.));
#12482 = DIRECTION('',(0.707106781187,-0.707106781187,0.));
#12483 = ADVANCED_FACE('',(#12484),#12503,.T.);
#12484 = FACE_BOUND('',#12485,.T.);
#12485 = EDGE_LOOP('',(#12486,#12495,#12496,#12497));
#12486 = ORIENTED_EDGE('',*,*,#12487,.T.);
#12487 = EDGE_CURVE('',#12488,#12292,#12490,.T.);
#12488 = VERTEX_POINT('',#12489);
#12489 = CARTESIAN_POINT('',(-5.E-02,18.59,-2.));
#12490 = CIRCLE('',#12491,0.1);
#12491 = AXIS2_PLACEMENT_3D('',#12492,#12493,#12494);
#12492 = CARTESIAN_POINT('',(-0.15,18.59,-2.));
#12493 = DIRECTION('',(0.,0.,1.));
#12494 = DIRECTION('',(0.707106781187,0.707106781187,-0.));
#12495 = ORIENTED_EDGE('',*,*,#12291,.T.);
#12496 = ORIENTED_EDGE('',*,*,#12356,.T.);
#12497 = ORIENTED_EDGE('',*,*,#12498,.T.);
#12498 = EDGE_CURVE('',#12349,#12488,#12499,.T.);
#12499 = LINE('',#12500,#12501);
#12500 = CARTESIAN_POINT('',(-5.E-02,18.59,0.));
#12501 = VECTOR('',#12502,1.);
#12502 = DIRECTION('',(0.,0.,-1.));
#12503 = CYLINDRICAL_SURFACE('',#12504,0.1);
#12504 = AXIS2_PLACEMENT_3D('',#12505,#12506,#12507);
#12505 = CARTESIAN_POINT('',(-0.15,18.59,0.));
#12506 = DIRECTION('',(0.,0.,-1.));
#12507 = DIRECTION('',(0.707106781187,0.707106781187,0.));
#12508 = ADVANCED_FACE('',(#12509),#12534,.T.);
#12509 = FACE_BOUND('',#12510,.T.);
#12510 = EDGE_LOOP('',(#12511,#12512,#12520,#12528));
#12511 = ORIENTED_EDGE('',*,*,#12376,.T.);
#12512 = ORIENTED_EDGE('',*,*,#12513,.T.);
#12513 = EDGE_CURVE('',#12367,#12514,#12516,.T.);
#12514 = VERTEX_POINT('',#12515);
#12515 = CARTESIAN_POINT('',(-1.6,17.14,-2.));
#12516 = LINE('',#12517,#12518);
#12517 = CARTESIAN_POINT('',(-1.6,17.14,0.));
#12518 = VECTOR('',#12519,1.);
#12519 = DIRECTION('',(0.,0.,-1.));
#12520 = ORIENTED_EDGE('',*,*,#12521,.F.);
#12521 = EDGE_CURVE('',#12522,#12514,#12524,.T.);
#12522 = VERTEX_POINT('',#12523);
#12523 = CARTESIAN_POINT('',(-1.6,17.74,-2.));
#12524 = LINE('',#12525,#12526);
#12525 = CARTESIAN_POINT('',(-1.6,17.74,-2.));
#12526 = VECTOR('',#12527,1.);
#12527 = DIRECTION('',(0.,-1.,0.));
#12528 = ORIENTED_EDGE('',*,*,#12529,.F.);
#12529 = EDGE_CURVE('',#12377,#12522,#12530,.T.);
#12530 = LINE('',#12531,#12532);
#12531 = CARTESIAN_POINT('',(-1.6,17.74,0.));
#12532 = VECTOR('',#12533,1.);
#12533 = DIRECTION('',(0.,0.,-1.));
#12534 = PLANE('',#12535);
#12535 = AXIS2_PLACEMENT_3D('',#12536,#12537,#12538);
#12536 = CARTESIAN_POINT('',(-1.6,17.74,0.));
#12537 = DIRECTION('',(1.,0.,0.));
#12538 = DIRECTION('',(0.,-1.,0.));
#12539 = ADVANCED_FACE('',(#12540),#12558,.T.);
#12540 = FACE_BOUND('',#12541,.T.);
#12541 = EDGE_LOOP('',(#12542,#12543,#12544,#12552));
#12542 = ORIENTED_EDGE('',*,*,#12384,.T.);
#12543 = ORIENTED_EDGE('',*,*,#12529,.T.);
#12544 = ORIENTED_EDGE('',*,*,#12545,.F.);
#12545 = EDGE_CURVE('',#12546,#12522,#12548,.T.);
#12546 = VERTEX_POINT('',#12547);
#12547 = CARTESIAN_POINT('',(-1.,17.74,-2.));
#12548 = LINE('',#12549,#12550);
#12549 = CARTESIAN_POINT('',(-1.,17.74,-2.));
#12550 = VECTOR('',#12551,1.);
#12551 = DIRECTION('',(-1.,0.,0.));
#12552 = ORIENTED_EDGE('',*,*,#12553,.F.);
#12553 = EDGE_CURVE('',#12385,#12546,#12554,.T.);
#12554 = LINE('',#12555,#12556);
#12555 = CARTESIAN_POINT('',(-1.,17.74,0.));
#12556 = VECTOR('',#12557,1.);
#12557 = DIRECTION('',(0.,0.,-1.));
#12558 = PLANE('',#12559);
#12559 = AXIS2_PLACEMENT_3D('',#12560,#12561,#12562);
#12560 = CARTESIAN_POINT('',(-1.,17.74,0.));
#12561 = DIRECTION('',(0.,-1.,0.));
#12562 = DIRECTION('',(-1.,0.,0.));
#12563 = ADVANCED_FACE('',(#12564),#12582,.T.);
#12564 = FACE_BOUND('',#12565,.T.);
#12565 = EDGE_LOOP('',(#12566,#12567,#12568,#12576));
#12566 = ORIENTED_EDGE('',*,*,#12392,.T.);
#12567 = ORIENTED_EDGE('',*,*,#12553,.T.);
#12568 = ORIENTED_EDGE('',*,*,#12569,.F.);
#12569 = EDGE_CURVE('',#12570,#12546,#12572,.T.);
#12570 = VERTEX_POINT('',#12571);
#12571 = CARTESIAN_POINT('',(-1.,17.14,-2.));
#12572 = LINE('',#12573,#12574);
#12573 = CARTESIAN_POINT('',(-1.,17.14,-2.));
#12574 = VECTOR('',#12575,1.);
#12575 = DIRECTION('',(0.,1.,0.));
#12576 = ORIENTED_EDGE('',*,*,#12577,.F.);
#12577 = EDGE_CURVE('',#12369,#12570,#12578,.T.);
#12578 = LINE('',#12579,#12580);
#12579 = CARTESIAN_POINT('',(-1.,17.14,0.));
#12580 = VECTOR('',#12581,1.);
#12581 = DIRECTION('',(0.,0.,-1.));
#12582 = PLANE('',#12583);
#12583 = AXIS2_PLACEMENT_3D('',#12584,#12585,#12586);
#12584 = CARTESIAN_POINT('',(-1.,17.14,0.));
#12585 = DIRECTION('',(-1.,0.,0.));
#12586 = DIRECTION('',(0.,1.,0.));
#12587 = ADVANCED_FACE('',(#12588),#12599,.T.);
#12588 = FACE_BOUND('',#12589,.T.);
#12589 = EDGE_LOOP('',(#12590,#12591,#12592,#12598));
#12590 = ORIENTED_EDGE('',*,*,#12366,.T.);
#12591 = ORIENTED_EDGE('',*,*,#12577,.T.);
#12592 = ORIENTED_EDGE('',*,*,#12593,.F.);
#12593 = EDGE_CURVE('',#12514,#12570,#12594,.T.);
#12594 = LINE('',#12595,#12596);
#12595 = CARTESIAN_POINT('',(-1.6,17.14,-2.));
#12596 = VECTOR('',#12597,1.);
#12597 = DIRECTION('',(1.,0.,0.));
#12598 = ORIENTED_EDGE('',*,*,#12513,.F.);
#12599 = PLANE('',#12600);
#12600 = AXIS2_PLACEMENT_3D('',#12601,#12602,#12603);
#12601 = CARTESIAN_POINT('',(-1.6,17.14,0.));
#12602 = DIRECTION('',(0.,1.,0.));
#12603 = DIRECTION('',(1.,0.,0.));
#12604 = ADVANCED_FACE('',(#12605),#12616,.T.);
#12605 = FACE_BOUND('',#12606,.T.);
#12606 = EDGE_LOOP('',(#12607,#12608,#12614,#12615));
#12607 = ORIENTED_EDGE('',*,*,#12471,.F.);
#12608 = ORIENTED_EDGE('',*,*,#12609,.F.);
#12609 = EDGE_CURVE('',#12488,#12463,#12610,.T.);
#12610 = LINE('',#12611,#12612);
#12611 = CARTESIAN_POINT('',(-5.E-02,16.19,-2.));
#12612 = VECTOR('',#12613,1.);
#12613 = DIRECTION('',(0.,-1.,0.));
#12614 = ORIENTED_EDGE('',*,*,#12498,.F.);
#12615 = ORIENTED_EDGE('',*,*,#12348,.F.);
#12616 = PLANE('',#12617);
#12617 = AXIS2_PLACEMENT_3D('',#12618,#12619,#12620);
#12618 = CARTESIAN_POINT('',(-5.E-02,18.69,0.));
#12619 = DIRECTION('',(1.,0.,0.));
#12620 = DIRECTION('',(0.,-1.,0.));
#12621 = ADVANCED_FACE('',(#12622),#12633,.T.);
#12622 = FACE_BOUND('',#12623,.T.);
#12623 = EDGE_LOOP('',(#12624,#12625,#12631,#12632));
#12624 = ORIENTED_EDGE('',*,*,#12251,.F.);
#12625 = ORIENTED_EDGE('',*,*,#12626,.F.);
#12626 = EDGE_CURVE('',#12407,#12243,#12627,.T.);
#12627 = LINE('',#12628,#12629);
#12628 = CARTESIAN_POINT('',(-2.55,18.69,-2.));
#12629 = VECTOR('',#12630,1.);
#12630 = DIRECTION('',(0.,1.,0.));
#12631 = ORIENTED_EDGE('',*,*,#12424,.F.);
#12632 = ORIENTED_EDGE('',*,*,#12314,.F.);
#12633 = PLANE('',#12634);
#12634 = AXIS2_PLACEMENT_3D('',#12635,#12636,#12637);
#12635 = CARTESIAN_POINT('',(-2.55,16.19,0.));
#12636 = DIRECTION('',(-1.,0.,0.));
#12637 = DIRECTION('',(0.,1.,0.));
#12638 = ADVANCED_FACE('',(#12639,#12649),#12655,.T.);
#12639 = FACE_BOUND('',#12640,.T.);
#12640 = EDGE_LOOP('',(#12641,#12642,#12643,#12644,#12645,#12646,#12647,
    #12648));
#12641 = ORIENTED_EDGE('',*,*,#12240,.F.);
#12642 = ORIENTED_EDGE('',*,*,#12299,.T.);
#12643 = ORIENTED_EDGE('',*,*,#12487,.F.);
#12644 = ORIENTED_EDGE('',*,*,#12609,.T.);
#12645 = ORIENTED_EDGE('',*,*,#12462,.F.);
#12646 = ORIENTED_EDGE('',*,*,#12439,.T.);
#12647 = ORIENTED_EDGE('',*,*,#12406,.F.);
#12648 = ORIENTED_EDGE('',*,*,#12626,.T.);
#12649 = FACE_BOUND('',#12650,.T.);
#12650 = EDGE_LOOP('',(#12651,#12652,#12653,#12654));
#12651 = ORIENTED_EDGE('',*,*,#12593,.T.);
#12652 = ORIENTED_EDGE('',*,*,#12569,.T.);
#12653 = ORIENTED_EDGE('',*,*,#12545,.T.);
#12654 = ORIENTED_EDGE('',*,*,#12521,.T.);
#12655 = PLANE('',#12656);
#12656 = AXIS2_PLACEMENT_3D('',#12657,#12658,#12659);
#12657 = CARTESIAN_POINT('',(-1.3,17.44,-2.));
#12658 = DIRECTION('',(0.,0.,-1.));
#12659 = DIRECTION('',(-1.,0.,0.));
#12660 = MANIFOLD_SOLID_BREP('',#12661);
#12661 = CLOSED_SHELL('',(#12662,#12704,#12735,#12828,#12860,#12884,
    #12909,#12934,#12965,#12989,#13013,#13030,#13047,#13064));
#12662 = ADVANCED_FACE('',(#12663),#12699,.T.);
#12663 = FACE_BOUND('',#12664,.T.);
#12664 = EDGE_LOOP('',(#12665,#12676,#12684,#12693));
#12665 = ORIENTED_EDGE('',*,*,#12666,.T.);
#12666 = EDGE_CURVE('',#12667,#12669,#12671,.T.);
#12667 = VERTEX_POINT('',#12668);
#12668 = CARTESIAN_POINT('',(2.65,16.29,-2.));
#12669 = VERTEX_POINT('',#12670);
#12670 = CARTESIAN_POINT('',(2.75,16.19,-2.));
#12671 = CIRCLE('',#12672,0.1);
#12672 = AXIS2_PLACEMENT_3D('',#12673,#12674,#12675);
#12673 = CARTESIAN_POINT('',(2.75,16.29,-2.));
#12674 = DIRECTION('',(0.,0.,1.));
#12675 = DIRECTION('',(-0.707106781187,-0.707106781187,0.));
#12676 = ORIENTED_EDGE('',*,*,#12677,.T.);
#12677 = EDGE_CURVE('',#12669,#12678,#12680,.T.);
#12678 = VERTEX_POINT('',#12679);
#12679 = CARTESIAN_POINT('',(2.75,16.19,0.));
#12680 = LINE('',#12681,#12682);
#12681 = CARTESIAN_POINT('',(2.75,16.19,0.));
#12682 = VECTOR('',#12683,1.);
#12683 = DIRECTION('',(0.,0.,1.));
#12684 = ORIENTED_EDGE('',*,*,#12685,.T.);
#12685 = EDGE_CURVE('',#12678,#12686,#12688,.T.);
#12686 = VERTEX_POINT('',#12687);
#12687 = CARTESIAN_POINT('',(2.65,16.29,0.));
#12688 = CIRCLE('',#12689,0.1);
#12689 = AXIS2_PLACEMENT_3D('',#12690,#12691,#12692);
#12690 = CARTESIAN_POINT('',(2.75,16.29,0.));
#12691 = DIRECTION('',(0.,0.,-1.));
#12692 = DIRECTION('',(-0.707106781187,-0.707106781187,-0.));
#12693 = ORIENTED_EDGE('',*,*,#12694,.T.);
#12694 = EDGE_CURVE('',#12686,#12667,#12695,.T.);
#12695 = LINE('',#12696,#12697);
#12696 = CARTESIAN_POINT('',(2.65,16.29,0.));
#12697 = VECTOR('',#12698,1.);
#12698 = DIRECTION('',(0.,0.,-1.));
#12699 = CYLINDRICAL_SURFACE('',#12700,0.1);
#12700 = AXIS2_PLACEMENT_3D('',#12701,#12702,#12703);
#12701 = CARTESIAN_POINT('',(2.75,16.29,0.));
#12702 = DIRECTION('',(0.,0.,-1.));
#12703 = DIRECTION('',(-0.707106781187,-0.707106781187,-0.));
#12704 = ADVANCED_FACE('',(#12705),#12730,.T.);
#12705 = FACE_BOUND('',#12706,.T.);
#12706 = EDGE_LOOP('',(#12707,#12708,#12716,#12724));
#12707 = ORIENTED_EDGE('',*,*,#12677,.F.);
#12708 = ORIENTED_EDGE('',*,*,#12709,.F.);
#12709 = EDGE_CURVE('',#12710,#12669,#12712,.T.);
#12710 = VERTEX_POINT('',#12711);
#12711 = CARTESIAN_POINT('',(5.05,16.19,-2.));
#12712 = LINE('',#12713,#12714);
#12713 = CARTESIAN_POINT('',(2.65,16.19,-2.));
#12714 = VECTOR('',#12715,1.);
#12715 = DIRECTION('',(-1.,0.,0.));
#12716 = ORIENTED_EDGE('',*,*,#12717,.F.);
#12717 = EDGE_CURVE('',#12718,#12710,#12720,.T.);
#12718 = VERTEX_POINT('',#12719);
#12719 = CARTESIAN_POINT('',(5.05,16.19,0.));
#12720 = LINE('',#12721,#12722);
#12721 = CARTESIAN_POINT('',(5.05,16.19,0.));
#12722 = VECTOR('',#12723,1.);
#12723 = DIRECTION('',(0.,0.,-1.));
#12724 = ORIENTED_EDGE('',*,*,#12725,.F.);
#12725 = EDGE_CURVE('',#12678,#12718,#12726,.T.);
#12726 = LINE('',#12727,#12728);
#12727 = CARTESIAN_POINT('',(2.65,16.19,0.));
#12728 = VECTOR('',#12729,1.);
#12729 = DIRECTION('',(1.,0.,0.));
#12730 = PLANE('',#12731);
#12731 = AXIS2_PLACEMENT_3D('',#12732,#12733,#12734);
#12732 = CARTESIAN_POINT('',(5.15,16.19,0.));
#12733 = DIRECTION('',(0.,-1.,0.));
#12734 = DIRECTION('',(-1.,0.,0.));
#12735 = ADVANCED_FACE('',(#12736,#12789),#12823,.T.);
#12736 = FACE_BOUND('',#12737,.T.);
#12737 = EDGE_LOOP('',(#12738,#12739,#12747,#12756,#12764,#12773,#12781,
    #12788));
#12738 = ORIENTED_EDGE('',*,*,#12666,.F.);
#12739 = ORIENTED_EDGE('',*,*,#12740,.T.);
#12740 = EDGE_CURVE('',#12667,#12741,#12743,.T.);
#12741 = VERTEX_POINT('',#12742);
#12742 = CARTESIAN_POINT('',(2.65,18.59,-2.));
#12743 = LINE('',#12744,#12745);
#12744 = CARTESIAN_POINT('',(2.65,18.69,-2.));
#12745 = VECTOR('',#12746,1.);
#12746 = DIRECTION('',(0.,1.,0.));
#12747 = ORIENTED_EDGE('',*,*,#12748,.F.);
#12748 = EDGE_CURVE('',#12749,#12741,#12751,.T.);
#12749 = VERTEX_POINT('',#12750);
#12750 = CARTESIAN_POINT('',(2.75,18.69,-2.));
#12751 = CIRCLE('',#12752,0.1);
#12752 = AXIS2_PLACEMENT_3D('',#12753,#12754,#12755);
#12753 = CARTESIAN_POINT('',(2.75,18.59,-2.));
#12754 = DIRECTION('',(0.,0.,1.));
#12755 = DIRECTION('',(-0.707106781187,0.707106781187,0.));
#12756 = ORIENTED_EDGE('',*,*,#12757,.T.);
#12757 = EDGE_CURVE('',#12749,#12758,#12760,.T.);
#12758 = VERTEX_POINT('',#12759);
#12759 = CARTESIAN_POINT('',(5.05,18.69,-2.));
#12760 = LINE('',#12761,#12762);
#12761 = CARTESIAN_POINT('',(5.15,18.69,-2.));
#12762 = VECTOR('',#12763,1.);
#12763 = DIRECTION('',(1.,0.,0.));
#12764 = ORIENTED_EDGE('',*,*,#12765,.F.);
#12765 = EDGE_CURVE('',#12766,#12758,#12768,.T.);
#12766 = VERTEX_POINT('',#12767);
#12767 = CARTESIAN_POINT('',(5.15,18.59,-2.));
#12768 = CIRCLE('',#12769,0.1);
#12769 = AXIS2_PLACEMENT_3D('',#12770,#12771,#12772);
#12770 = CARTESIAN_POINT('',(5.05,18.59,-2.));
#12771 = DIRECTION('',(0.,0.,1.));
#12772 = DIRECTION('',(0.707106781187,0.707106781187,-0.));
#12773 = ORIENTED_EDGE('',*,*,#12774,.T.);
#12774 = EDGE_CURVE('',#12766,#12775,#12777,.T.);
#12775 = VERTEX_POINT('',#12776);
#12776 = CARTESIAN_POINT('',(5.15,16.29,-2.));
#12777 = LINE('',#12778,#12779);
#12778 = CARTESIAN_POINT('',(5.15,16.19,-2.));
#12779 = VECTOR('',#12780,1.);
#12780 = DIRECTION('',(0.,-1.,0.));
#12781 = ORIENTED_EDGE('',*,*,#12782,.F.);
#12782 = EDGE_CURVE('',#12710,#12775,#12783,.T.);
#12783 = CIRCLE('',#12784,0.1);
#12784 = AXIS2_PLACEMENT_3D('',#12785,#12786,#12787);
#12785 = CARTESIAN_POINT('',(5.05,16.29,-2.));
#12786 = DIRECTION('',(0.,0.,1.));
#12787 = DIRECTION('',(0.707106781187,-0.707106781187,0.));
#12788 = ORIENTED_EDGE('',*,*,#12709,.T.);
#12789 = FACE_BOUND('',#12790,.T.);
#12790 = EDGE_LOOP('',(#12791,#12801,#12809,#12817));
#12791 = ORIENTED_EDGE('',*,*,#12792,.T.);
#12792 = EDGE_CURVE('',#12793,#12795,#12797,.T.);
#12793 = VERTEX_POINT('',#12794);
#12794 = CARTESIAN_POINT('',(3.6,17.14,-2.));
#12795 = VERTEX_POINT('',#12796);
#12796 = CARTESIAN_POINT('',(4.2,17.14,-2.));
#12797 = LINE('',#12798,#12799);
#12798 = CARTESIAN_POINT('',(3.6,17.14,-2.));
#12799 = VECTOR('',#12800,1.);
#12800 = DIRECTION('',(1.,0.,0.));
#12801 = ORIENTED_EDGE('',*,*,#12802,.T.);
#12802 = EDGE_CURVE('',#12795,#12803,#12805,.T.);
#12803 = VERTEX_POINT('',#12804);
#12804 = CARTESIAN_POINT('',(4.2,17.74,-2.));
#12805 = LINE('',#12806,#12807);
#12806 = CARTESIAN_POINT('',(4.2,17.14,-2.));
#12807 = VECTOR('',#12808,1.);
#12808 = DIRECTION('',(0.,1.,0.));
#12809 = ORIENTED_EDGE('',*,*,#12810,.T.);
#12810 = EDGE_CURVE('',#12803,#12811,#12813,.T.);
#12811 = VERTEX_POINT('',#12812);
#12812 = CARTESIAN_POINT('',(3.6,17.74,-2.));
#12813 = LINE('',#12814,#12815);
#12814 = CARTESIAN_POINT('',(4.2,17.74,-2.));
#12815 = VECTOR('',#12816,1.);
#12816 = DIRECTION('',(-1.,0.,0.));
#12817 = ORIENTED_EDGE('',*,*,#12818,.T.);
#12818 = EDGE_CURVE('',#12811,#12793,#12819,.T.);
#12819 = LINE('',#12820,#12821);
#12820 = CARTESIAN_POINT('',(3.6,17.74,-2.));
#12821 = VECTOR('',#12822,1.);
#12822 = DIRECTION('',(0.,-1.,0.));
#12823 = PLANE('',#12824);
#12824 = AXIS2_PLACEMENT_3D('',#12825,#12826,#12827);
#12825 = CARTESIAN_POINT('',(3.9,17.44,-2.));
#12826 = DIRECTION('',(0.,0.,-1.));
#12827 = DIRECTION('',(-1.,0.,0.));
#12828 = ADVANCED_FACE('',(#12829),#12855,.T.);
#12829 = FACE_BOUND('',#12830,.T.);
#12830 = EDGE_LOOP('',(#12831,#12832,#12840,#12849));
#12831 = ORIENTED_EDGE('',*,*,#12748,.T.);
#12832 = ORIENTED_EDGE('',*,*,#12833,.T.);
#12833 = EDGE_CURVE('',#12741,#12834,#12836,.T.);
#12834 = VERTEX_POINT('',#12835);
#12835 = CARTESIAN_POINT('',(2.65,18.59,0.));
#12836 = LINE('',#12837,#12838);
#12837 = CARTESIAN_POINT('',(2.65,18.59,0.));
#12838 = VECTOR('',#12839,1.);
#12839 = DIRECTION('',(0.,0.,1.));
#12840 = ORIENTED_EDGE('',*,*,#12841,.T.);
#12841 = EDGE_CURVE('',#12834,#12842,#12844,.T.);
#12842 = VERTEX_POINT('',#12843);
#12843 = CARTESIAN_POINT('',(2.75,18.69,0.));
#12844 = CIRCLE('',#12845,0.1);
#12845 = AXIS2_PLACEMENT_3D('',#12846,#12847,#12848);
#12846 = CARTESIAN_POINT('',(2.75,18.59,0.));
#12847 = DIRECTION('',(0.,0.,-1.));
#12848 = DIRECTION('',(-0.707106781187,0.707106781187,0.));
#12849 = ORIENTED_EDGE('',*,*,#12850,.T.);
#12850 = EDGE_CURVE('',#12842,#12749,#12851,.T.);
#12851 = LINE('',#12852,#12853);
#12852 = CARTESIAN_POINT('',(2.75,18.69,0.));
#12853 = VECTOR('',#12854,1.);
#12854 = DIRECTION('',(0.,0.,-1.));
#12855 = CYLINDRICAL_SURFACE('',#12856,0.1);
#12856 = AXIS2_PLACEMENT_3D('',#12857,#12858,#12859);
#12857 = CARTESIAN_POINT('',(2.75,18.59,0.));
#12858 = DIRECTION('',(0.,0.,-1.));
#12859 = DIRECTION('',(-0.707106781187,0.707106781187,0.));
#12860 = ADVANCED_FACE('',(#12861),#12879,.T.);
#12861 = FACE_BOUND('',#12862,.T.);
#12862 = EDGE_LOOP('',(#12863,#12864,#12872,#12878));
#12863 = ORIENTED_EDGE('',*,*,#12850,.F.);
#12864 = ORIENTED_EDGE('',*,*,#12865,.F.);
#12865 = EDGE_CURVE('',#12866,#12842,#12868,.T.);
#12866 = VERTEX_POINT('',#12867);
#12867 = CARTESIAN_POINT('',(5.05,18.69,0.));
#12868 = LINE('',#12869,#12870);
#12869 = CARTESIAN_POINT('',(5.15,18.69,0.));
#12870 = VECTOR('',#12871,1.);
#12871 = DIRECTION('',(-1.,0.,0.));
#12872 = ORIENTED_EDGE('',*,*,#12873,.F.);
#12873 = EDGE_CURVE('',#12758,#12866,#12874,.T.);
#12874 = LINE('',#12875,#12876);
#12875 = CARTESIAN_POINT('',(5.05,18.69,0.));
#12876 = VECTOR('',#12877,1.);
#12877 = DIRECTION('',(0.,0.,1.));
#12878 = ORIENTED_EDGE('',*,*,#12757,.F.);
#12879 = PLANE('',#12880);
#12880 = AXIS2_PLACEMENT_3D('',#12881,#12882,#12883);
#12881 = CARTESIAN_POINT('',(2.65,18.69,0.));
#12882 = DIRECTION('',(0.,1.,0.));
#12883 = DIRECTION('',(1.,0.,0.));
#12884 = ADVANCED_FACE('',(#12885),#12904,.T.);
#12885 = FACE_BOUND('',#12886,.T.);
#12886 = EDGE_LOOP('',(#12887,#12888,#12889,#12898));
#12887 = ORIENTED_EDGE('',*,*,#12765,.T.);
#12888 = ORIENTED_EDGE('',*,*,#12873,.T.);
#12889 = ORIENTED_EDGE('',*,*,#12890,.T.);
#12890 = EDGE_CURVE('',#12866,#12891,#12893,.T.);
#12891 = VERTEX_POINT('',#12892);
#12892 = CARTESIAN_POINT('',(5.15,18.59,0.));
#12893 = CIRCLE('',#12894,0.1);
#12894 = AXIS2_PLACEMENT_3D('',#12895,#12896,#12897);
#12895 = CARTESIAN_POINT('',(5.05,18.59,0.));
#12896 = DIRECTION('',(0.,0.,-1.));
#12897 = DIRECTION('',(0.707106781187,0.707106781187,0.));
#12898 = ORIENTED_EDGE('',*,*,#12899,.T.);
#12899 = EDGE_CURVE('',#12891,#12766,#12900,.T.);
#12900 = LINE('',#12901,#12902);
#12901 = CARTESIAN_POINT('',(5.15,18.59,0.));
#12902 = VECTOR('',#12903,1.);
#12903 = DIRECTION('',(0.,0.,-1.));
#12904 = CYLINDRICAL_SURFACE('',#12905,0.1);
#12905 = AXIS2_PLACEMENT_3D('',#12906,#12907,#12908);
#12906 = CARTESIAN_POINT('',(5.05,18.59,0.));
#12907 = DIRECTION('',(0.,0.,-1.));
#12908 = DIRECTION('',(0.707106781187,0.707106781187,0.));
#12909 = ADVANCED_FACE('',(#12910),#12929,.T.);
#12910 = FACE_BOUND('',#12911,.T.);
#12911 = EDGE_LOOP('',(#12912,#12913,#12921,#12928));
#12912 = ORIENTED_EDGE('',*,*,#12782,.T.);
#12913 = ORIENTED_EDGE('',*,*,#12914,.T.);
#12914 = EDGE_CURVE('',#12775,#12915,#12917,.T.);
#12915 = VERTEX_POINT('',#12916);
#12916 = CARTESIAN_POINT('',(5.15,16.29,0.));
#12917 = LINE('',#12918,#12919);
#12918 = CARTESIAN_POINT('',(5.15,16.29,0.));
#12919 = VECTOR('',#12920,1.);
#12920 = DIRECTION('',(0.,0.,1.));
#12921 = ORIENTED_EDGE('',*,*,#12922,.T.);
#12922 = EDGE_CURVE('',#12915,#12718,#12923,.T.);
#12923 = CIRCLE('',#12924,0.1);
#12924 = AXIS2_PLACEMENT_3D('',#12925,#12926,#12927);
#12925 = CARTESIAN_POINT('',(5.05,16.29,0.));
#12926 = DIRECTION('',(0.,0.,-1.));
#12927 = DIRECTION('',(0.707106781187,-0.707106781187,0.));
#12928 = ORIENTED_EDGE('',*,*,#12717,.T.);
#12929 = CYLINDRICAL_SURFACE('',#12930,0.1);
#12930 = AXIS2_PLACEMENT_3D('',#12931,#12932,#12933);
#12931 = CARTESIAN_POINT('',(5.05,16.29,0.));
#12932 = DIRECTION('',(0.,0.,-1.));
#12933 = DIRECTION('',(0.707106781187,-0.707106781187,0.));
#12934 = ADVANCED_FACE('',(#12935),#12960,.T.);
#12935 = FACE_BOUND('',#12936,.T.);
#12936 = EDGE_LOOP('',(#12937,#12947,#12953,#12954));
#12937 = ORIENTED_EDGE('',*,*,#12938,.T.);
#12938 = EDGE_CURVE('',#12939,#12941,#12943,.T.);
#12939 = VERTEX_POINT('',#12940);
#12940 = CARTESIAN_POINT('',(3.6,17.74,0.));
#12941 = VERTEX_POINT('',#12942);
#12942 = CARTESIAN_POINT('',(3.6,17.14,0.));
#12943 = LINE('',#12944,#12945);
#12944 = CARTESIAN_POINT('',(3.6,17.74,0.));
#12945 = VECTOR('',#12946,1.);
#12946 = DIRECTION('',(0.,-1.,0.));
#12947 = ORIENTED_EDGE('',*,*,#12948,.T.);
#12948 = EDGE_CURVE('',#12941,#12793,#12949,.T.);
#12949 = LINE('',#12950,#12951);
#12950 = CARTESIAN_POINT('',(3.6,17.14,0.));
#12951 = VECTOR('',#12952,1.);
#12952 = DIRECTION('',(0.,0.,-1.));
#12953 = ORIENTED_EDGE('',*,*,#12818,.F.);
#12954 = ORIENTED_EDGE('',*,*,#12955,.F.);
#12955 = EDGE_CURVE('',#12939,#12811,#12956,.T.);
#12956 = LINE('',#12957,#12958);
#12957 = CARTESIAN_POINT('',(3.6,17.74,0.));
#12958 = VECTOR('',#12959,1.);
#12959 = DIRECTION('',(0.,0.,-1.));
#12960 = PLANE('',#12961);
#12961 = AXIS2_PLACEMENT_3D('',#12962,#12963,#12964);
#12962 = CARTESIAN_POINT('',(3.6,17.74,0.));
#12963 = DIRECTION('',(1.,0.,0.));
#12964 = DIRECTION('',(0.,-1.,0.));
#12965 = ADVANCED_FACE('',(#12966),#12984,.T.);
#12966 = FACE_BOUND('',#12967,.T.);
#12967 = EDGE_LOOP('',(#12968,#12976,#12977,#12978));
#12968 = ORIENTED_EDGE('',*,*,#12969,.T.);
#12969 = EDGE_CURVE('',#12970,#12939,#12972,.T.);
#12970 = VERTEX_POINT('',#12971);
#12971 = CARTESIAN_POINT('',(4.2,17.74,0.));
#12972 = LINE('',#12973,#12974);
#12973 = CARTESIAN_POINT('',(4.2,17.74,0.));
#12974 = VECTOR('',#12975,1.);
#12975 = DIRECTION('',(-1.,0.,0.));
#12976 = ORIENTED_EDGE('',*,*,#12955,.T.);
#12977 = ORIENTED_EDGE('',*,*,#12810,.F.);
#12978 = ORIENTED_EDGE('',*,*,#12979,.F.);
#12979 = EDGE_CURVE('',#12970,#12803,#12980,.T.);
#12980 = LINE('',#12981,#12982);
#12981 = CARTESIAN_POINT('',(4.2,17.74,0.));
#12982 = VECTOR('',#12983,1.);
#12983 = DIRECTION('',(0.,0.,-1.));
#12984 = PLANE('',#12985);
#12985 = AXIS2_PLACEMENT_3D('',#12986,#12987,#12988);
#12986 = CARTESIAN_POINT('',(4.2,17.74,0.));
#12987 = DIRECTION('',(0.,-1.,0.));
#12988 = DIRECTION('',(-1.,0.,0.));
#12989 = ADVANCED_FACE('',(#12990),#13008,.T.);
#12990 = FACE_BOUND('',#12991,.T.);
#12991 = EDGE_LOOP('',(#12992,#13000,#13001,#13002));
#12992 = ORIENTED_EDGE('',*,*,#12993,.T.);
#12993 = EDGE_CURVE('',#12994,#12970,#12996,.T.);
#12994 = VERTEX_POINT('',#12995);
#12995 = CARTESIAN_POINT('',(4.2,17.14,0.));
#12996 = LINE('',#12997,#12998);
#12997 = CARTESIAN_POINT('',(4.2,17.14,0.));
#12998 = VECTOR('',#12999,1.);
#12999 = DIRECTION('',(0.,1.,0.));
#13000 = ORIENTED_EDGE('',*,*,#12979,.T.);
#13001 = ORIENTED_EDGE('',*,*,#12802,.F.);
#13002 = ORIENTED_EDGE('',*,*,#13003,.F.);
#13003 = EDGE_CURVE('',#12994,#12795,#13004,.T.);
#13004 = LINE('',#13005,#13006);
#13005 = CARTESIAN_POINT('',(4.2,17.14,0.));
#13006 = VECTOR('',#13007,1.);
#13007 = DIRECTION('',(0.,0.,-1.));
#13008 = PLANE('',#13009);
#13009 = AXIS2_PLACEMENT_3D('',#13010,#13011,#13012);
#13010 = CARTESIAN_POINT('',(4.2,17.14,0.));
#13011 = DIRECTION('',(-1.,0.,0.));
#13012 = DIRECTION('',(0.,1.,0.));
#13013 = ADVANCED_FACE('',(#13014),#13025,.T.);
#13014 = FACE_BOUND('',#13015,.T.);
#13015 = EDGE_LOOP('',(#13016,#13022,#13023,#13024));
#13016 = ORIENTED_EDGE('',*,*,#13017,.T.);
#13017 = EDGE_CURVE('',#12941,#12994,#13018,.T.);
#13018 = LINE('',#13019,#13020);
#13019 = CARTESIAN_POINT('',(3.6,17.14,0.));
#13020 = VECTOR('',#13021,1.);
#13021 = DIRECTION('',(1.,0.,0.));
#13022 = ORIENTED_EDGE('',*,*,#13003,.T.);
#13023 = ORIENTED_EDGE('',*,*,#12792,.F.);
#13024 = ORIENTED_EDGE('',*,*,#12948,.F.);
#13025 = PLANE('',#13026);
#13026 = AXIS2_PLACEMENT_3D('',#13027,#13028,#13029);
#13027 = CARTESIAN_POINT('',(3.6,17.14,0.));
#13028 = DIRECTION('',(0.,1.,0.));
#13029 = DIRECTION('',(1.,0.,0.));
#13030 = ADVANCED_FACE('',(#13031),#13042,.T.);
#13031 = FACE_BOUND('',#13032,.T.);
#13032 = EDGE_LOOP('',(#13033,#13034,#13040,#13041));
#13033 = ORIENTED_EDGE('',*,*,#12899,.F.);
#13034 = ORIENTED_EDGE('',*,*,#13035,.F.);
#13035 = EDGE_CURVE('',#12915,#12891,#13036,.T.);
#13036 = LINE('',#13037,#13038);
#13037 = CARTESIAN_POINT('',(5.15,16.19,0.));
#13038 = VECTOR('',#13039,1.);
#13039 = DIRECTION('',(0.,1.,0.));
#13040 = ORIENTED_EDGE('',*,*,#12914,.F.);
#13041 = ORIENTED_EDGE('',*,*,#12774,.F.);
#13042 = PLANE('',#13043);
#13043 = AXIS2_PLACEMENT_3D('',#13044,#13045,#13046);
#13044 = CARTESIAN_POINT('',(5.15,18.69,0.));
#13045 = DIRECTION('',(1.,0.,0.));
#13046 = DIRECTION('',(0.,-1.,0.));
#13047 = ADVANCED_FACE('',(#13048),#13059,.T.);
#13048 = FACE_BOUND('',#13049,.T.);
#13049 = EDGE_LOOP('',(#13050,#13051,#13057,#13058));
#13050 = ORIENTED_EDGE('',*,*,#12694,.F.);
#13051 = ORIENTED_EDGE('',*,*,#13052,.F.);
#13052 = EDGE_CURVE('',#12834,#12686,#13053,.T.);
#13053 = LINE('',#13054,#13055);
#13054 = CARTESIAN_POINT('',(2.65,18.69,0.));
#13055 = VECTOR('',#13056,1.);
#13056 = DIRECTION('',(0.,-1.,0.));
#13057 = ORIENTED_EDGE('',*,*,#12833,.F.);
#13058 = ORIENTED_EDGE('',*,*,#12740,.F.);
#13059 = PLANE('',#13060);
#13060 = AXIS2_PLACEMENT_3D('',#13061,#13062,#13063);
#13061 = CARTESIAN_POINT('',(2.65,16.19,0.));
#13062 = DIRECTION('',(-1.,0.,0.));
#13063 = DIRECTION('',(0.,1.,0.));
#13064 = ADVANCED_FACE('',(#13065,#13075),#13081,.F.);
#13065 = FACE_BOUND('',#13066,.T.);
#13066 = EDGE_LOOP('',(#13067,#13068,#13069,#13070,#13071,#13072,#13073,
    #13074));
#13067 = ORIENTED_EDGE('',*,*,#12685,.F.);
#13068 = ORIENTED_EDGE('',*,*,#12725,.T.);
#13069 = ORIENTED_EDGE('',*,*,#12922,.F.);
#13070 = ORIENTED_EDGE('',*,*,#13035,.T.);
#13071 = ORIENTED_EDGE('',*,*,#12890,.F.);
#13072 = ORIENTED_EDGE('',*,*,#12865,.T.);
#13073 = ORIENTED_EDGE('',*,*,#12841,.F.);
#13074 = ORIENTED_EDGE('',*,*,#13052,.T.);
#13075 = FACE_BOUND('',#13076,.T.);
#13076 = EDGE_LOOP('',(#13077,#13078,#13079,#13080));
#13077 = ORIENTED_EDGE('',*,*,#13017,.F.);
#13078 = ORIENTED_EDGE('',*,*,#12938,.F.);
#13079 = ORIENTED_EDGE('',*,*,#12969,.F.);
#13080 = ORIENTED_EDGE('',*,*,#12993,.F.);
#13081 = PLANE('',#13082);
#13082 = AXIS2_PLACEMENT_3D('',#13083,#13084,#13085);
#13083 = CARTESIAN_POINT('',(3.9,17.44,0.));
#13084 = DIRECTION('',(0.,0.,-1.));
#13085 = DIRECTION('',(1.,0.,0.));
#13086 = MANIFOLD_SOLID_BREP('',#13087);
#13087 = CLOSED_SHELL('',(#13088,#13130,#13161,#13254,#13279,#13303,
    #13335,#13352,#13377,#13408,#13432,#13456,#13473,#13490));
#13088 = ADVANCED_FACE('',(#13089),#13125,.T.);
#13089 = FACE_BOUND('',#13090,.T.);
#13090 = EDGE_LOOP('',(#13091,#13102,#13110,#13119));
#13091 = ORIENTED_EDGE('',*,*,#13092,.T.);
#13092 = EDGE_CURVE('',#13093,#13095,#13097,.T.);
#13093 = VERTEX_POINT('',#13094);
#13094 = CARTESIAN_POINT('',(-5.15,16.29,-2.));
#13095 = VERTEX_POINT('',#13096);
#13096 = CARTESIAN_POINT('',(-5.05,16.19,-2.));
#13097 = CIRCLE('',#13098,0.1);
#13098 = AXIS2_PLACEMENT_3D('',#13099,#13100,#13101);
#13099 = CARTESIAN_POINT('',(-5.05,16.29,-2.));
#13100 = DIRECTION('',(0.,0.,1.));
#13101 = DIRECTION('',(-0.707106781187,-0.707106781187,0.));
#13102 = ORIENTED_EDGE('',*,*,#13103,.T.);
#13103 = EDGE_CURVE('',#13095,#13104,#13106,.T.);
#13104 = VERTEX_POINT('',#13105);
#13105 = CARTESIAN_POINT('',(-5.05,16.19,0.));
#13106 = LINE('',#13107,#13108);
#13107 = CARTESIAN_POINT('',(-5.05,16.19,0.));
#13108 = VECTOR('',#13109,1.);
#13109 = DIRECTION('',(0.,0.,1.));
#13110 = ORIENTED_EDGE('',*,*,#13111,.T.);
#13111 = EDGE_CURVE('',#13104,#13112,#13114,.T.);
#13112 = VERTEX_POINT('',#13113);
#13113 = CARTESIAN_POINT('',(-5.15,16.29,0.));
#13114 = CIRCLE('',#13115,0.1);
#13115 = AXIS2_PLACEMENT_3D('',#13116,#13117,#13118);
#13116 = CARTESIAN_POINT('',(-5.05,16.29,0.));
#13117 = DIRECTION('',(0.,0.,-1.));
#13118 = DIRECTION('',(-0.707106781187,-0.707106781187,-0.));
#13119 = ORIENTED_EDGE('',*,*,#13120,.T.);
#13120 = EDGE_CURVE('',#13112,#13093,#13121,.T.);
#13121 = LINE('',#13122,#13123);
#13122 = CARTESIAN_POINT('',(-5.15,16.29,0.));
#13123 = VECTOR('',#13124,1.);
#13124 = DIRECTION('',(0.,0.,-1.));
#13125 = CYLINDRICAL_SURFACE('',#13126,0.1);
#13126 = AXIS2_PLACEMENT_3D('',#13127,#13128,#13129);
#13127 = CARTESIAN_POINT('',(-5.05,16.29,0.));
#13128 = DIRECTION('',(0.,0.,-1.));
#13129 = DIRECTION('',(-0.707106781187,-0.707106781187,-0.));
#13130 = ADVANCED_FACE('',(#13131),#13156,.T.);
#13131 = FACE_BOUND('',#13132,.T.);
#13132 = EDGE_LOOP('',(#13133,#13134,#13142,#13150));
#13133 = ORIENTED_EDGE('',*,*,#13120,.F.);
#13134 = ORIENTED_EDGE('',*,*,#13135,.F.);
#13135 = EDGE_CURVE('',#13136,#13112,#13138,.T.);
#13136 = VERTEX_POINT('',#13137);
#13137 = CARTESIAN_POINT('',(-5.15,18.59,0.));
#13138 = LINE('',#13139,#13140);
#13139 = CARTESIAN_POINT('',(-5.15,18.69,0.));
#13140 = VECTOR('',#13141,1.);
#13141 = DIRECTION('',(0.,-1.,0.));
#13142 = ORIENTED_EDGE('',*,*,#13143,.F.);
#13143 = EDGE_CURVE('',#13144,#13136,#13146,.T.);
#13144 = VERTEX_POINT('',#13145);
#13145 = CARTESIAN_POINT('',(-5.15,18.59,-2.));
#13146 = LINE('',#13147,#13148);
#13147 = CARTESIAN_POINT('',(-5.15,18.59,0.));
#13148 = VECTOR('',#13149,1.);
#13149 = DIRECTION('',(0.,0.,1.));
#13150 = ORIENTED_EDGE('',*,*,#13151,.F.);
#13151 = EDGE_CURVE('',#13093,#13144,#13152,.T.);
#13152 = LINE('',#13153,#13154);
#13153 = CARTESIAN_POINT('',(-5.15,18.69,-2.));
#13154 = VECTOR('',#13155,1.);
#13155 = DIRECTION('',(0.,1.,0.));
#13156 = PLANE('',#13157);
#13157 = AXIS2_PLACEMENT_3D('',#13158,#13159,#13160);
#13158 = CARTESIAN_POINT('',(-5.15,16.19,0.));
#13159 = DIRECTION('',(-1.,0.,0.));
#13160 = DIRECTION('',(0.,1.,0.));
#13161 = ADVANCED_FACE('',(#13162,#13215),#13249,.F.);
#13162 = FACE_BOUND('',#13163,.T.);
#13163 = EDGE_LOOP('',(#13164,#13165,#13173,#13182,#13190,#13199,#13207,
    #13214));
#13164 = ORIENTED_EDGE('',*,*,#13111,.F.);
#13165 = ORIENTED_EDGE('',*,*,#13166,.T.);
#13166 = EDGE_CURVE('',#13104,#13167,#13169,.T.);
#13167 = VERTEX_POINT('',#13168);
#13168 = CARTESIAN_POINT('',(-2.75,16.19,0.));
#13169 = LINE('',#13170,#13171);
#13170 = CARTESIAN_POINT('',(-5.15,16.19,0.));
#13171 = VECTOR('',#13172,1.);
#13172 = DIRECTION('',(1.,0.,0.));
#13173 = ORIENTED_EDGE('',*,*,#13174,.F.);
#13174 = EDGE_CURVE('',#13175,#13167,#13177,.T.);
#13175 = VERTEX_POINT('',#13176);
#13176 = CARTESIAN_POINT('',(-2.65,16.29,0.));
#13177 = CIRCLE('',#13178,0.1);
#13178 = AXIS2_PLACEMENT_3D('',#13179,#13180,#13181);
#13179 = CARTESIAN_POINT('',(-2.75,16.29,0.));
#13180 = DIRECTION('',(0.,0.,-1.));
#13181 = DIRECTION('',(0.707106781187,-0.707106781187,0.));
#13182 = ORIENTED_EDGE('',*,*,#13183,.T.);
#13183 = EDGE_CURVE('',#13175,#13184,#13186,.T.);
#13184 = VERTEX_POINT('',#13185);
#13185 = CARTESIAN_POINT('',(-2.65,18.59,0.));
#13186 = LINE('',#13187,#13188);
#13187 = CARTESIAN_POINT('',(-2.65,16.19,0.));
#13188 = VECTOR('',#13189,1.);
#13189 = DIRECTION('',(0.,1.,0.));
#13190 = ORIENTED_EDGE('',*,*,#13191,.F.);
#13191 = EDGE_CURVE('',#13192,#13184,#13194,.T.);
#13192 = VERTEX_POINT('',#13193);
#13193 = CARTESIAN_POINT('',(-2.75,18.69,0.));
#13194 = CIRCLE('',#13195,0.1);
#13195 = AXIS2_PLACEMENT_3D('',#13196,#13197,#13198);
#13196 = CARTESIAN_POINT('',(-2.75,18.59,0.));
#13197 = DIRECTION('',(0.,0.,-1.));
#13198 = DIRECTION('',(0.707106781187,0.707106781187,0.));
#13199 = ORIENTED_EDGE('',*,*,#13200,.T.);
#13200 = EDGE_CURVE('',#13192,#13201,#13203,.T.);
#13201 = VERTEX_POINT('',#13202);
#13202 = CARTESIAN_POINT('',(-5.05,18.69,0.));
#13203 = LINE('',#13204,#13205);
#13204 = CARTESIAN_POINT('',(-2.65,18.69,0.));
#13205 = VECTOR('',#13206,1.);
#13206 = DIRECTION('',(-1.,0.,0.));
#13207 = ORIENTED_EDGE('',*,*,#13208,.F.);
#13208 = EDGE_CURVE('',#13136,#13201,#13209,.T.);
#13209 = CIRCLE('',#13210,0.1);
#13210 = AXIS2_PLACEMENT_3D('',#13211,#13212,#13213);
#13211 = CARTESIAN_POINT('',(-5.05,18.59,0.));
#13212 = DIRECTION('',(0.,0.,-1.));
#13213 = DIRECTION('',(-0.707106781187,0.707106781187,0.));
#13214 = ORIENTED_EDGE('',*,*,#13135,.T.);
#13215 = FACE_BOUND('',#13216,.T.);
#13216 = EDGE_LOOP('',(#13217,#13227,#13235,#13243));
#13217 = ORIENTED_EDGE('',*,*,#13218,.F.);
#13218 = EDGE_CURVE('',#13219,#13221,#13223,.T.);
#13219 = VERTEX_POINT('',#13220);
#13220 = CARTESIAN_POINT('',(-4.199999986589,17.14,0.));
#13221 = VERTEX_POINT('',#13222);
#13222 = CARTESIAN_POINT('',(-3.6,17.14,0.));
#13223 = LINE('',#13224,#13225);
#13224 = CARTESIAN_POINT('',(-4.199999986589,17.14,0.));
#13225 = VECTOR('',#13226,1.);
#13226 = DIRECTION('',(1.,0.,0.));
#13227 = ORIENTED_EDGE('',*,*,#13228,.F.);
#13228 = EDGE_CURVE('',#13229,#13219,#13231,.T.);
#13229 = VERTEX_POINT('',#13230);
#13230 = CARTESIAN_POINT('',(-4.199999986589,17.739999986589,0.));
#13231 = LINE('',#13232,#13233);
#13232 = CARTESIAN_POINT('',(-4.199999986589,17.739999986589,0.));
#13233 = VECTOR('',#13234,1.);
#13234 = DIRECTION('',(0.,-1.,0.));
#13235 = ORIENTED_EDGE('',*,*,#13236,.F.);
#13236 = EDGE_CURVE('',#13237,#13229,#13239,.T.);
#13237 = VERTEX_POINT('',#13238);
#13238 = CARTESIAN_POINT('',(-3.6,17.739999986589,0.));
#13239 = LINE('',#13240,#13241);
#13240 = CARTESIAN_POINT('',(-3.6,17.739999986589,0.));
#13241 = VECTOR('',#13242,1.);
#13242 = DIRECTION('',(-1.,0.,0.));
#13243 = ORIENTED_EDGE('',*,*,#13244,.F.);
#13244 = EDGE_CURVE('',#13221,#13237,#13245,.T.);
#13245 = LINE('',#13246,#13247);
#13246 = CARTESIAN_POINT('',(-3.6,17.14,0.));
#13247 = VECTOR('',#13248,1.);
#13248 = DIRECTION('',(0.,1.,0.));
#13249 = PLANE('',#13250);
#13250 = AXIS2_PLACEMENT_3D('',#13251,#13252,#13253);
#13251 = CARTESIAN_POINT('',(-3.9,17.44,0.));
#13252 = DIRECTION('',(0.,0.,-1.));
#13253 = DIRECTION('',(1.,0.,0.));
#13254 = ADVANCED_FACE('',(#13255),#13274,.T.);
#13255 = FACE_BOUND('',#13256,.T.);
#13256 = EDGE_LOOP('',(#13257,#13266,#13267,#13268));
#13257 = ORIENTED_EDGE('',*,*,#13258,.T.);
#13258 = EDGE_CURVE('',#13259,#13144,#13261,.T.);
#13259 = VERTEX_POINT('',#13260);
#13260 = CARTESIAN_POINT('',(-5.05,18.69,-2.));
#13261 = CIRCLE('',#13262,0.1);
#13262 = AXIS2_PLACEMENT_3D('',#13263,#13264,#13265);
#13263 = CARTESIAN_POINT('',(-5.05,18.59,-2.));
#13264 = DIRECTION('',(0.,0.,1.));
#13265 = DIRECTION('',(-0.707106781187,0.707106781187,0.));
#13266 = ORIENTED_EDGE('',*,*,#13143,.T.);
#13267 = ORIENTED_EDGE('',*,*,#13208,.T.);
#13268 = ORIENTED_EDGE('',*,*,#13269,.T.);
#13269 = EDGE_CURVE('',#13201,#13259,#13270,.T.);
#13270 = LINE('',#13271,#13272);
#13271 = CARTESIAN_POINT('',(-5.05,18.69,0.));
#13272 = VECTOR('',#13273,1.);
#13273 = DIRECTION('',(0.,0.,-1.));
#13274 = CYLINDRICAL_SURFACE('',#13275,0.1);
#13275 = AXIS2_PLACEMENT_3D('',#13276,#13277,#13278);
#13276 = CARTESIAN_POINT('',(-5.05,18.59,0.));
#13277 = DIRECTION('',(0.,0.,-1.));
#13278 = DIRECTION('',(-0.707106781187,0.707106781187,0.));
#13279 = ADVANCED_FACE('',(#13280),#13298,.T.);
#13280 = FACE_BOUND('',#13281,.T.);
#13281 = EDGE_LOOP('',(#13282,#13283,#13284,#13292));
#13282 = ORIENTED_EDGE('',*,*,#13269,.F.);
#13283 = ORIENTED_EDGE('',*,*,#13200,.F.);
#13284 = ORIENTED_EDGE('',*,*,#13285,.F.);
#13285 = EDGE_CURVE('',#13286,#13192,#13288,.T.);
#13286 = VERTEX_POINT('',#13287);
#13287 = CARTESIAN_POINT('',(-2.75,18.69,-2.));
#13288 = LINE('',#13289,#13290);
#13289 = CARTESIAN_POINT('',(-2.75,18.69,0.));
#13290 = VECTOR('',#13291,1.);
#13291 = DIRECTION('',(0.,0.,1.));
#13292 = ORIENTED_EDGE('',*,*,#13293,.F.);
#13293 = EDGE_CURVE('',#13259,#13286,#13294,.T.);
#13294 = LINE('',#13295,#13296);
#13295 = CARTESIAN_POINT('',(-2.65,18.69,-2.));
#13296 = VECTOR('',#13297,1.);
#13297 = DIRECTION('',(1.,0.,0.));
#13298 = PLANE('',#13299);
#13299 = AXIS2_PLACEMENT_3D('',#13300,#13301,#13302);
#13300 = CARTESIAN_POINT('',(-5.15,18.69,0.));
#13301 = DIRECTION('',(0.,1.,0.));
#13302 = DIRECTION('',(1.,0.,0.));
#13303 = ADVANCED_FACE('',(#13304),#13330,.T.);
#13304 = FACE_BOUND('',#13305,.T.);
#13305 = EDGE_LOOP('',(#13306,#13317,#13323,#13324));
#13306 = ORIENTED_EDGE('',*,*,#13307,.T.);
#13307 = EDGE_CURVE('',#13308,#13310,#13312,.T.);
#13308 = VERTEX_POINT('',#13309);
#13309 = CARTESIAN_POINT('',(-2.75,16.19,-2.));
#13310 = VERTEX_POINT('',#13311);
#13311 = CARTESIAN_POINT('',(-2.65,16.29,-2.));
#13312 = CIRCLE('',#13313,0.1);
#13313 = AXIS2_PLACEMENT_3D('',#13314,#13315,#13316);
#13314 = CARTESIAN_POINT('',(-2.75,16.29,-2.));
#13315 = DIRECTION('',(0.,0.,1.));
#13316 = DIRECTION('',(0.707106781187,-0.707106781187,0.));
#13317 = ORIENTED_EDGE('',*,*,#13318,.T.);
#13318 = EDGE_CURVE('',#13310,#13175,#13319,.T.);
#13319 = LINE('',#13320,#13321);
#13320 = CARTESIAN_POINT('',(-2.65,16.29,0.));
#13321 = VECTOR('',#13322,1.);
#13322 = DIRECTION('',(0.,0.,1.));
#13323 = ORIENTED_EDGE('',*,*,#13174,.T.);
#13324 = ORIENTED_EDGE('',*,*,#13325,.T.);
#13325 = EDGE_CURVE('',#13167,#13308,#13326,.T.);
#13326 = LINE('',#13327,#13328);
#13327 = CARTESIAN_POINT('',(-2.75,16.19,0.));
#13328 = VECTOR('',#13329,1.);
#13329 = DIRECTION('',(0.,0.,-1.));
#13330 = CYLINDRICAL_SURFACE('',#13331,0.1);
#13331 = AXIS2_PLACEMENT_3D('',#13332,#13333,#13334);
#13332 = CARTESIAN_POINT('',(-2.75,16.29,0.));
#13333 = DIRECTION('',(0.,0.,-1.));
#13334 = DIRECTION('',(0.707106781187,-0.707106781187,0.));
#13335 = ADVANCED_FACE('',(#13336),#13347,.T.);
#13336 = FACE_BOUND('',#13337,.T.);
#13337 = EDGE_LOOP('',(#13338,#13339,#13345,#13346));
#13338 = ORIENTED_EDGE('',*,*,#13103,.F.);
#13339 = ORIENTED_EDGE('',*,*,#13340,.F.);
#13340 = EDGE_CURVE('',#13308,#13095,#13341,.T.);
#13341 = LINE('',#13342,#13343);
#13342 = CARTESIAN_POINT('',(-5.15,16.19,-2.));
#13343 = VECTOR('',#13344,1.);
#13344 = DIRECTION('',(-1.,0.,0.));
#13345 = ORIENTED_EDGE('',*,*,#13325,.F.);
#13346 = ORIENTED_EDGE('',*,*,#13166,.F.);
#13347 = PLANE('',#13348);
#13348 = AXIS2_PLACEMENT_3D('',#13349,#13350,#13351);
#13349 = CARTESIAN_POINT('',(-2.65,16.19,0.));
#13350 = DIRECTION('',(0.,-1.,0.));
#13351 = DIRECTION('',(-1.,0.,0.));
#13352 = ADVANCED_FACE('',(#13353),#13372,.T.);
#13353 = FACE_BOUND('',#13354,.T.);
#13354 = EDGE_LOOP('',(#13355,#13364,#13365,#13366));
#13355 = ORIENTED_EDGE('',*,*,#13356,.T.);
#13356 = EDGE_CURVE('',#13357,#13286,#13359,.T.);
#13357 = VERTEX_POINT('',#13358);
#13358 = CARTESIAN_POINT('',(-2.65,18.59,-2.));
#13359 = CIRCLE('',#13360,0.1);
#13360 = AXIS2_PLACEMENT_3D('',#13361,#13362,#13363);
#13361 = CARTESIAN_POINT('',(-2.75,18.59,-2.));
#13362 = DIRECTION('',(0.,0.,1.));
#13363 = DIRECTION('',(0.707106781187,0.707106781187,-0.));
#13364 = ORIENTED_EDGE('',*,*,#13285,.T.);
#13365 = ORIENTED_EDGE('',*,*,#13191,.T.);
#13366 = ORIENTED_EDGE('',*,*,#13367,.T.);
#13367 = EDGE_CURVE('',#13184,#13357,#13368,.T.);
#13368 = LINE('',#13369,#13370);
#13369 = CARTESIAN_POINT('',(-2.65,18.59,0.));
#13370 = VECTOR('',#13371,1.);
#13371 = DIRECTION('',(0.,0.,-1.));
#13372 = CYLINDRICAL_SURFACE('',#13373,0.1);
#13373 = AXIS2_PLACEMENT_3D('',#13374,#13375,#13376);
#13374 = CARTESIAN_POINT('',(-2.75,18.59,0.));
#13375 = DIRECTION('',(0.,0.,-1.));
#13376 = DIRECTION('',(0.707106781187,0.707106781187,0.));
#13377 = ADVANCED_FACE('',(#13378),#13403,.T.);
#13378 = FACE_BOUND('',#13379,.T.);
#13379 = EDGE_LOOP('',(#13380,#13381,#13389,#13397));
#13380 = ORIENTED_EDGE('',*,*,#13228,.T.);
#13381 = ORIENTED_EDGE('',*,*,#13382,.T.);
#13382 = EDGE_CURVE('',#13219,#13383,#13385,.T.);
#13383 = VERTEX_POINT('',#13384);
#13384 = CARTESIAN_POINT('',(-4.199999986589,17.14,-2.));
#13385 = LINE('',#13386,#13387);
#13386 = CARTESIAN_POINT('',(-4.199999986589,17.14,0.));
#13387 = VECTOR('',#13388,1.);
#13388 = DIRECTION('',(0.,0.,-1.));
#13389 = ORIENTED_EDGE('',*,*,#13390,.F.);
#13390 = EDGE_CURVE('',#13391,#13383,#13393,.T.);
#13391 = VERTEX_POINT('',#13392);
#13392 = CARTESIAN_POINT('',(-4.199999986589,17.739999986589,-2.));
#13393 = LINE('',#13394,#13395);
#13394 = CARTESIAN_POINT('',(-4.199999986589,17.739999986589,-2.));
#13395 = VECTOR('',#13396,1.);
#13396 = DIRECTION('',(0.,-1.,0.));
#13397 = ORIENTED_EDGE('',*,*,#13398,.F.);
#13398 = EDGE_CURVE('',#13229,#13391,#13399,.T.);
#13399 = LINE('',#13400,#13401);
#13400 = CARTESIAN_POINT('',(-4.199999986589,17.739999986589,0.));
#13401 = VECTOR('',#13402,1.);
#13402 = DIRECTION('',(0.,0.,-1.));
#13403 = PLANE('',#13404);
#13404 = AXIS2_PLACEMENT_3D('',#13405,#13406,#13407);
#13405 = CARTESIAN_POINT('',(-4.199999986589,17.739999986589,0.));
#13406 = DIRECTION('',(1.,0.,0.));
#13407 = DIRECTION('',(0.,-1.,0.));
#13408 = ADVANCED_FACE('',(#13409),#13427,.T.);
#13409 = FACE_BOUND('',#13410,.T.);
#13410 = EDGE_LOOP('',(#13411,#13412,#13413,#13421));
#13411 = ORIENTED_EDGE('',*,*,#13236,.T.);
#13412 = ORIENTED_EDGE('',*,*,#13398,.T.);
#13413 = ORIENTED_EDGE('',*,*,#13414,.F.);
#13414 = EDGE_CURVE('',#13415,#13391,#13417,.T.);
#13415 = VERTEX_POINT('',#13416);
#13416 = CARTESIAN_POINT('',(-3.6,17.739999986589,-2.));
#13417 = LINE('',#13418,#13419);
#13418 = CARTESIAN_POINT('',(-3.6,17.739999986589,-2.));
#13419 = VECTOR('',#13420,1.);
#13420 = DIRECTION('',(-1.,0.,0.));
#13421 = ORIENTED_EDGE('',*,*,#13422,.F.);
#13422 = EDGE_CURVE('',#13237,#13415,#13423,.T.);
#13423 = LINE('',#13424,#13425);
#13424 = CARTESIAN_POINT('',(-3.6,17.739999986589,0.));
#13425 = VECTOR('',#13426,1.);
#13426 = DIRECTION('',(0.,0.,-1.));
#13427 = PLANE('',#13428);
#13428 = AXIS2_PLACEMENT_3D('',#13429,#13430,#13431);
#13429 = CARTESIAN_POINT('',(-3.6,17.739999986589,0.));
#13430 = DIRECTION('',(0.,-1.,0.));
#13431 = DIRECTION('',(-1.,0.,0.));
#13432 = ADVANCED_FACE('',(#13433),#13451,.T.);
#13433 = FACE_BOUND('',#13434,.T.);
#13434 = EDGE_LOOP('',(#13435,#13436,#13437,#13445));
#13435 = ORIENTED_EDGE('',*,*,#13244,.T.);
#13436 = ORIENTED_EDGE('',*,*,#13422,.T.);
#13437 = ORIENTED_EDGE('',*,*,#13438,.F.);
#13438 = EDGE_CURVE('',#13439,#13415,#13441,.T.);
#13439 = VERTEX_POINT('',#13440);
#13440 = CARTESIAN_POINT('',(-3.6,17.14,-2.));
#13441 = LINE('',#13442,#13443);
#13442 = CARTESIAN_POINT('',(-3.6,17.14,-2.));
#13443 = VECTOR('',#13444,1.);
#13444 = DIRECTION('',(0.,1.,0.));
#13445 = ORIENTED_EDGE('',*,*,#13446,.F.);
#13446 = EDGE_CURVE('',#13221,#13439,#13447,.T.);
#13447 = LINE('',#13448,#13449);
#13448 = CARTESIAN_POINT('',(-3.6,17.14,0.));
#13449 = VECTOR('',#13450,1.);
#13450 = DIRECTION('',(0.,0.,-1.));
#13451 = PLANE('',#13452);
#13452 = AXIS2_PLACEMENT_3D('',#13453,#13454,#13455);
#13453 = CARTESIAN_POINT('',(-3.6,17.14,0.));
#13454 = DIRECTION('',(-1.,0.,0.));
#13455 = DIRECTION('',(0.,1.,0.));
#13456 = ADVANCED_FACE('',(#13457),#13468,.T.);
#13457 = FACE_BOUND('',#13458,.T.);
#13458 = EDGE_LOOP('',(#13459,#13460,#13461,#13467));
#13459 = ORIENTED_EDGE('',*,*,#13218,.T.);
#13460 = ORIENTED_EDGE('',*,*,#13446,.T.);
#13461 = ORIENTED_EDGE('',*,*,#13462,.F.);
#13462 = EDGE_CURVE('',#13383,#13439,#13463,.T.);
#13463 = LINE('',#13464,#13465);
#13464 = CARTESIAN_POINT('',(-4.199999986589,17.14,-2.));
#13465 = VECTOR('',#13466,1.);
#13466 = DIRECTION('',(1.,0.,0.));
#13467 = ORIENTED_EDGE('',*,*,#13382,.F.);
#13468 = PLANE('',#13469);
#13469 = AXIS2_PLACEMENT_3D('',#13470,#13471,#13472);
#13470 = CARTESIAN_POINT('',(-4.199999986589,17.14,0.));
#13471 = DIRECTION('',(0.,1.,0.));
#13472 = DIRECTION('',(1.,0.,0.));
#13473 = ADVANCED_FACE('',(#13474),#13485,.T.);
#13474 = FACE_BOUND('',#13475,.T.);
#13475 = EDGE_LOOP('',(#13476,#13477,#13483,#13484));
#13476 = ORIENTED_EDGE('',*,*,#13318,.F.);
#13477 = ORIENTED_EDGE('',*,*,#13478,.F.);
#13478 = EDGE_CURVE('',#13357,#13310,#13479,.T.);
#13479 = LINE('',#13480,#13481);
#13480 = CARTESIAN_POINT('',(-2.65,16.19,-2.));
#13481 = VECTOR('',#13482,1.);
#13482 = DIRECTION('',(0.,-1.,0.));
#13483 = ORIENTED_EDGE('',*,*,#13367,.F.);
#13484 = ORIENTED_EDGE('',*,*,#13183,.F.);
#13485 = PLANE('',#13486);
#13486 = AXIS2_PLACEMENT_3D('',#13487,#13488,#13489);
#13487 = CARTESIAN_POINT('',(-2.65,18.69,0.));
#13488 = DIRECTION('',(1.,0.,0.));
#13489 = DIRECTION('',(0.,-1.,0.));
#13490 = ADVANCED_FACE('',(#13491,#13501),#13507,.T.);
#13491 = FACE_BOUND('',#13492,.T.);
#13492 = EDGE_LOOP('',(#13493,#13494,#13495,#13496,#13497,#13498,#13499,
    #13500));
#13493 = ORIENTED_EDGE('',*,*,#13092,.F.);
#13494 = ORIENTED_EDGE('',*,*,#13151,.T.);
#13495 = ORIENTED_EDGE('',*,*,#13258,.F.);
#13496 = ORIENTED_EDGE('',*,*,#13293,.T.);
#13497 = ORIENTED_EDGE('',*,*,#13356,.F.);
#13498 = ORIENTED_EDGE('',*,*,#13478,.T.);
#13499 = ORIENTED_EDGE('',*,*,#13307,.F.);
#13500 = ORIENTED_EDGE('',*,*,#13340,.T.);
#13501 = FACE_BOUND('',#13502,.T.);
#13502 = EDGE_LOOP('',(#13503,#13504,#13505,#13506));
#13503 = ORIENTED_EDGE('',*,*,#13462,.T.);
#13504 = ORIENTED_EDGE('',*,*,#13438,.T.);
#13505 = ORIENTED_EDGE('',*,*,#13414,.T.);
#13506 = ORIENTED_EDGE('',*,*,#13390,.T.);
#13507 = PLANE('',#13508);
#13508 = AXIS2_PLACEMENT_3D('',#13509,#13510,#13511);
#13509 = CARTESIAN_POINT('',(-3.9,17.44,-2.));
#13510 = DIRECTION('',(0.,0.,-1.));
#13511 = DIRECTION('',(-1.,0.,0.));
#13512 = ( GEOMETRIC_REPRESENTATION_CONTEXT(3) 
GLOBAL_UNCERTAINTY_ASSIGNED_CONTEXT((#13516)) 
GLOBAL_UNIT_ASSIGNED_CONTEXT((#13513,#13514,#13515)) 
REPRESENTATION_CONTEXT('Context #1',
  '3D Context with UNIT and UNCERTAINTY') );
#13513 = ( LENGTH_UNIT() NAMED_UNIT(*) SI_UNIT(.MILLI.,.METRE.) );
#13514 = ( NAMED_UNIT(*) PLANE_ANGLE_UNIT() SI_UNIT($,.RADIAN.) );
#13515 = ( NAMED_UNIT(*) SI_UNIT($,.STERADIAN.) SOLID_ANGLE_UNIT() );
#13516 = UNCERTAINTY_MEASURE_WITH_UNIT(LENGTH_MEASURE(1.E-07),#13513,
  'distance_accuracy_value','confusion accuracy');
#13517 = CONTEXT_DEPENDENT_SHAPE_REPRESENTATION(#13518,#13520);
#13518 = ( REPRESENTATION_RELATIONSHIP('','',#11657,#10055) 
REPRESENTATION_RELATIONSHIP_WITH_TRANSFORMATION(#13519) 
SHAPE_REPRESENTATION_RELATIONSHIP() );
#13519 = ITEM_DEFINED_TRANSFORMATION('','',#11,#10068);
#13520 = PRODUCT_DEFINITION_SHAPE('Placement','Placement of an item',
  #13521);
#13521 = NEXT_ASSEMBLY_USAGE_OCCURRENCE('10',
  'Space Taken by Resistors & Other Things:1','',#10050,#11652,$);
#13522 = PRODUCT_RELATED_PRODUCT_CATEGORY('part',$,(#11654));
#13523 = CONTEXT_DEPENDENT_SHAPE_REPRESENTATION(#13524,#13526);
#13524 = ( REPRESENTATION_RELATIONSHIP('','',#888,#10) 
REPRESENTATION_RELATIONSHIP_WITH_TRANSFORMATION(#13525) 
SHAPE_REPRESENTATION_RELATIONSHIP() );
#13525 = ITEM_DEFINED_TRANSFORMATION('','',#11,#31);
#13526 = PRODUCT_DEFINITION_SHAPE('Placement','Placement of an item',
  #13527);
#13527 = NEXT_ASSEMBLY_USAGE_OCCURRENCE('13','C1','',#5,#883,$);
#13528 = SHAPE_DEFINITION_REPRESENTATION(#13529,#13535);
#13529 = PRODUCT_DEFINITION_SHAPE('','',#13530);
#13530 = PRODUCT_DEFINITION('design','',#13531,#13534);
#13531 = PRODUCT_DEFINITION_FORMATION('','',#13532);
#13532 = PRODUCT('SW_SPST_TS-1088-xR020','SW_SPST_TS-1088-xR020','',(
    #13533));
#13533 = PRODUCT_CONTEXT('',#2,'mechanical');
#13534 = PRODUCT_DEFINITION_CONTEXT('part definition',#2,'design');
#13535 = SHAPE_REPRESENTATION('',(#11,#13536),#13540);
#13536 = AXIS2_PLACEMENT_3D('',#13537,#13538,#13539);
#13537 = CARTESIAN_POINT('',(0.,0.,0.));
#13538 = DIRECTION('',(0.,0.,1.));
#13539 = DIRECTION('',(1.,0.,-0.));
#13540 = ( GEOMETRIC_REPRESENTATION_CONTEXT(3) 
GLOBAL_UNCERTAINTY_ASSIGNED_CONTEXT((#13544)) 
GLOBAL_UNIT_ASSIGNED_CONTEXT((#13541,#13542,#13543)) 
REPRESENTATION_CONTEXT('Context #1',
  '3D Context with UNIT and UNCERTAINTY') );
#13541 = ( LENGTH_UNIT() NAMED_UNIT(*) SI_UNIT(.MILLI.,.METRE.) );
#13542 = ( NAMED_UNIT(*) PLANE_ANGLE_UNIT() SI_UNIT($,.RADIAN.) );
#13543 = ( NAMED_UNIT(*) SI_UNIT($,.STERADIAN.) SOLID_ANGLE_UNIT() );
#13544 = UNCERTAINTY_MEASURE_WITH_UNIT(LENGTH_MEASURE(1.E-07),#13541,
  'distance_accuracy_value','confusion accuracy');
#13545 = CONTEXT_DEPENDENT_SHAPE_REPRESENTATION(#13546,#13548);
#13546 = ( REPRESENTATION_RELATIONSHIP('','',#13535,#10) 
REPRESENTATION_RELATIONSHIP_WITH_TRANSFORMATION(#13547) 
SHAPE_REPRESENTATION_RELATIONSHIP() );
#13547 = ITEM_DEFINED_TRANSFORMATION('','',#11,#35);
#13548 = PRODUCT_DEFINITION_SHAPE('Placement','Placement of an item',
  #13549);
#13549 = NEXT_ASSEMBLY_USAGE_OCCURRENCE('15','SW1','',#5,#13530,$);
#13550 = PRODUCT_RELATED_PRODUCT_CATEGORY('part',$,(#13532));
#13551 = SHAPE_DEFINITION_REPRESENTATION(#13552,#13558);
#13552 = PRODUCT_DEFINITION_SHAPE('','',#13553);
#13553 = PRODUCT_DEFINITION('design','',#13554,#13557);
#13554 = PRODUCT_DEFINITION_FORMATION('','',#13555);
#13555 = PRODUCT('SW_SPST_TS-1088-xR020','SW_SPST_TS-1088-xR020','',(
    #13556));
#13556 = PRODUCT_CONTEXT('',#2,'mechanical');
#13557 = PRODUCT_DEFINITION_CONTEXT('part definition',#2,'design');
#13558 = ADVANCED_BREP_SHAPE_REPRESENTATION('',(#11,#13559),#16479);
#13559 = MANIFOLD_SOLID_BREP('',#13560);
#13560 = CLOSED_SHELL('',(#13561,#13617,#13776,#13808,#13839,#13943,
    #13967,#14016,#14095,#14126,#14150,#14174,#14230,#14270,#14302,
    #14341,#14372,#14402,#14419,#14458,#14489,#14514,#14620,#14655,
    #14672,#14694,#14711,#14728,#14745,#14762,#14779,#14791,#14808,
    #14825,#14851,#14980,#15013,#15032,#15044,#15084,#15108,#15125,
    #15142,#15173,#15251,#15355,#15390,#15423,#15447,#15464,#15481,
    #15662,#15680,#15698,#15715,#15727,#15739,#15757,#15789,#15807,
    #15831,#15855,#15872,#15911,#15933,#15951,#15968,#16007,#16029,
    #16059,#16077,#16089,#16106,#16123,#16140,#16157,#16174,#16191,
    #16208,#16220,#16246,#16258,#16275,#16287,#16299,#16316,#16333,
    #16352,#16370,#16388,#16400,#16425,#16445,#16470));
#13561 = ADVANCED_FACE('',(#13562),#13612,.F.);
#13562 = FACE_BOUND('',#13563,.F.);
#13563 = EDGE_LOOP('',(#13564,#13574,#13582,#13590,#13598,#13606));
#13564 = ORIENTED_EDGE('',*,*,#13565,.F.);
#13565 = EDGE_CURVE('',#13566,#13568,#13570,.T.);
#13566 = VERTEX_POINT('',#13567);
#13567 = CARTESIAN_POINT('',(1.95,-1.35,0.6));
#13568 = VERTEX_POINT('',#13569);
#13569 = CARTESIAN_POINT('',(1.95,-1.5,0.6));
#13570 = LINE('',#13571,#13572);
#13571 = CARTESIAN_POINT('',(1.95,-1.35,0.6));
#13572 = VECTOR('',#13573,1.);
#13573 = DIRECTION('',(-2.22044604925E-16,-1.,0.));
#13574 = ORIENTED_EDGE('',*,*,#13575,.T.);
#13575 = EDGE_CURVE('',#13566,#13576,#13578,.T.);
#13576 = VERTEX_POINT('',#13577);
#13577 = CARTESIAN_POINT('',(1.3,-1.35,0.6));
#13578 = LINE('',#13579,#13580);
#13579 = CARTESIAN_POINT('',(1.95,-1.35,0.6));
#13580 = VECTOR('',#13581,1.);
#13581 = DIRECTION('',(-1.,2.22044604925E-16,0.));
#13582 = ORIENTED_EDGE('',*,*,#13583,.T.);
#13583 = EDGE_CURVE('',#13576,#13584,#13586,.T.);
#13584 = VERTEX_POINT('',#13585);
#13585 = CARTESIAN_POINT('',(1.3,-1.4,0.6));
#13586 = LINE('',#13587,#13588);
#13587 = CARTESIAN_POINT('',(1.3,-1.35,0.6));
#13588 = VECTOR('',#13589,1.);
#13589 = DIRECTION('',(-2.22044604925E-16,-1.,0.));
#13590 = ORIENTED_EDGE('',*,*,#13591,.T.);
#13591 = EDGE_CURVE('',#13584,#13592,#13594,.T.);
#13592 = VERTEX_POINT('',#13593);
#13593 = CARTESIAN_POINT('',(1.8,-1.4,0.6));
#13594 = LINE('',#13595,#13596);
#13595 = CARTESIAN_POINT('',(1.3,-1.4,0.6));
#13596 = VECTOR('',#13597,1.);
#13597 = DIRECTION('',(1.,-2.22044604925E-16,0.));
#13598 = ORIENTED_EDGE('',*,*,#13599,.T.);
#13599 = EDGE_CURVE('',#13592,#13600,#13602,.T.);
#13600 = VERTEX_POINT('',#13601);
#13601 = CARTESIAN_POINT('',(1.8,-1.5,0.6));
#13602 = LINE('',#13603,#13604);
#13603 = CARTESIAN_POINT('',(1.8,-1.4,0.6));
#13604 = VECTOR('',#13605,1.);
#13605 = DIRECTION('',(-2.22044604925E-16,-1.,0.));
#13606 = ORIENTED_EDGE('',*,*,#13607,.F.);
#13607 = EDGE_CURVE('',#13568,#13600,#13608,.T.);
#13608 = LINE('',#13609,#13610);
#13609 = CARTESIAN_POINT('',(1.95,-1.5,0.6));
#13610 = VECTOR('',#13611,1.);
#13611 = DIRECTION('',(-1.,2.22044604925E-16,0.));
#13612 = PLANE('',#13613);
#13613 = AXIS2_PLACEMENT_3D('',#13614,#13615,#13616);
#13614 = CARTESIAN_POINT('',(1.95,-1.35,0.6));
#13615 = DIRECTION('',(0.,0.,1.));
#13616 = DIRECTION('',(-2.22044604925E-16,-1.,0.));
#13617 = ADVANCED_FACE('',(#13618),#13771,.F.);
#13618 = FACE_BOUND('',#13619,.F.);
#13619 = EDGE_LOOP('',(#13620,#13628,#13629,#13637,#13645,#13653,#13661,
    #13669,#13677,#13685,#13693,#13701,#13709,#13717,#13725,#13733,
    #13741,#13749,#13757,#13765));
#13620 = ORIENTED_EDGE('',*,*,#13621,.T.);
#13621 = EDGE_CURVE('',#13622,#13566,#13624,.T.);
#13622 = VERTEX_POINT('',#13623);
#13623 = CARTESIAN_POINT('',(1.95,-1.35,0.));
#13624 = LINE('',#13625,#13626);
#13625 = CARTESIAN_POINT('',(1.95,-1.35,0.));
#13626 = VECTOR('',#13627,1.);
#13627 = DIRECTION('',(0.,0.,1.));
#13628 = ORIENTED_EDGE('',*,*,#13565,.T.);
#13629 = ORIENTED_EDGE('',*,*,#13630,.T.);
#13630 = EDGE_CURVE('',#13568,#13631,#13633,.T.);
#13631 = VERTEX_POINT('',#13632);
#13632 = CARTESIAN_POINT('',(1.95,-1.4,1.4));
#13633 = LINE('',#13634,#13635);
#13634 = CARTESIAN_POINT('',(1.95,-1.5,0.6));
#13635 = VECTOR('',#13636,1.);
#13636 = DIRECTION('',(2.754124363883E-17,0.124034734589,0.992277876714)
  );
#13637 = ORIENTED_EDGE('',*,*,#13638,.F.);
#13638 = EDGE_CURVE('',#13639,#13631,#13641,.T.);
#13639 = VERTEX_POINT('',#13640);
#13640 = CARTESIAN_POINT('',(1.95,-1.3,1.4));
#13641 = LINE('',#13642,#13643);
#13642 = CARTESIAN_POINT('',(1.95,-0.375,1.4));
#13643 = VECTOR('',#13644,1.);
#13644 = DIRECTION('',(-2.166288828537E-16,-1.,0.));
#13645 = ORIENTED_EDGE('',*,*,#13646,.F.);
#13646 = EDGE_CURVE('',#13647,#13639,#13649,.T.);
#13647 = VERTEX_POINT('',#13648);
#13648 = CARTESIAN_POINT('',(1.95,-0.9,1.4));
#13649 = LINE('',#13650,#13651);
#13650 = CARTESIAN_POINT('',(1.95,-0.9,1.4));
#13651 = VECTOR('',#13652,1.);
#13652 = DIRECTION('',(0.,-1.,0.));
#13653 = ORIENTED_EDGE('',*,*,#13654,.F.);
#13654 = EDGE_CURVE('',#13655,#13647,#13657,.T.);
#13655 = VERTEX_POINT('',#13656);
#13656 = CARTESIAN_POINT('',(1.95,-0.375,1.4));
#13657 = LINE('',#13658,#13659);
#13658 = CARTESIAN_POINT('',(1.95,-0.375,1.4));
#13659 = VECTOR('',#13660,1.);
#13660 = DIRECTION('',(-2.166288828537E-16,-1.,0.));
#13661 = ORIENTED_EDGE('',*,*,#13662,.T.);
#13662 = EDGE_CURVE('',#13655,#13663,#13665,.T.);
#13663 = VERTEX_POINT('',#13664);
#13664 = CARTESIAN_POINT('',(1.95,-0.375,1.));
#13665 = LINE('',#13666,#13667);
#13666 = CARTESIAN_POINT('',(1.95,-0.375,1.5));
#13667 = VECTOR('',#13668,1.);
#13668 = DIRECTION('',(0.,0.,-1.));
#13669 = ORIENTED_EDGE('',*,*,#13670,.T.);
#13670 = EDGE_CURVE('',#13663,#13671,#13673,.T.);
#13671 = VERTEX_POINT('',#13672);
#13672 = CARTESIAN_POINT('',(1.95,0.375,1.));
#13673 = LINE('',#13674,#13675);
#13674 = CARTESIAN_POINT('',(1.95,-0.375,1.));
#13675 = VECTOR('',#13676,1.);
#13676 = DIRECTION('',(0.,1.,0.));
#13677 = ORIENTED_EDGE('',*,*,#13678,.T.);
#13678 = EDGE_CURVE('',#13671,#13679,#13681,.T.);
#13679 = VERTEX_POINT('',#13680);
#13680 = CARTESIAN_POINT('',(1.95,0.375,1.4));
#13681 = LINE('',#13682,#13683);
#13682 = CARTESIAN_POINT('',(1.95,0.375,1.));
#13683 = VECTOR('',#13684,1.);
#13684 = DIRECTION('',(0.,0.,1.));
#13685 = ORIENTED_EDGE('',*,*,#13686,.T.);
#13686 = EDGE_CURVE('',#13679,#13687,#13689,.T.);
#13687 = VERTEX_POINT('',#13688);
#13688 = CARTESIAN_POINT('',(1.95,0.9,1.4));
#13689 = LINE('',#13690,#13691);
#13690 = CARTESIAN_POINT('',(1.95,0.375,1.4));
#13691 = VECTOR('',#13692,1.);
#13692 = DIRECTION('',(2.166288828537E-16,1.,0.));
#13693 = ORIENTED_EDGE('',*,*,#13694,.F.);
#13694 = EDGE_CURVE('',#13695,#13687,#13697,.T.);
#13695 = VERTEX_POINT('',#13696);
#13696 = CARTESIAN_POINT('',(1.95,1.3,1.4));
#13697 = LINE('',#13698,#13699);
#13698 = CARTESIAN_POINT('',(1.95,1.3,1.4));
#13699 = VECTOR('',#13700,1.);
#13700 = DIRECTION('',(0.,-1.,0.));
#13701 = ORIENTED_EDGE('',*,*,#13702,.T.);
#13702 = EDGE_CURVE('',#13695,#13703,#13705,.T.);
#13703 = VERTEX_POINT('',#13704);
#13704 = CARTESIAN_POINT('',(1.95,1.4,1.4));
#13705 = LINE('',#13706,#13707);
#13706 = CARTESIAN_POINT('',(1.95,0.375,1.4));
#13707 = VECTOR('',#13708,1.);
#13708 = DIRECTION('',(2.166288828537E-16,1.,0.));
#13709 = ORIENTED_EDGE('',*,*,#13710,.F.);
#13710 = EDGE_CURVE('',#13711,#13703,#13713,.T.);
#13711 = VERTEX_POINT('',#13712);
#13712 = CARTESIAN_POINT('',(1.95,1.5,0.6));
#13713 = LINE('',#13714,#13715);
#13714 = CARTESIAN_POINT('',(1.95,1.5,0.6));
#13715 = VECTOR('',#13716,1.);
#13716 = DIRECTION('',(-1.377062181942E-17,-0.124034734589,
    0.992277876714));
#13717 = ORIENTED_EDGE('',*,*,#13718,.F.);
#13718 = EDGE_CURVE('',#13719,#13711,#13721,.T.);
#13719 = VERTEX_POINT('',#13720);
#13720 = CARTESIAN_POINT('',(1.95,1.35,0.6));
#13721 = LINE('',#13722,#13723);
#13722 = CARTESIAN_POINT('',(1.95,1.35,0.6));
#13723 = VECTOR('',#13724,1.);
#13724 = DIRECTION('',(1.110223024625E-16,1.,0.));
#13725 = ORIENTED_EDGE('',*,*,#13726,.F.);
#13726 = EDGE_CURVE('',#13727,#13719,#13729,.T.);
#13727 = VERTEX_POINT('',#13728);
#13728 = CARTESIAN_POINT('',(1.95,1.35,0.));
#13729 = LINE('',#13730,#13731);
#13730 = CARTESIAN_POINT('',(1.95,1.35,0.));
#13731 = VECTOR('',#13732,1.);
#13732 = DIRECTION('',(0.,0.,1.));
#13733 = ORIENTED_EDGE('',*,*,#13734,.F.);
#13734 = EDGE_CURVE('',#13735,#13727,#13737,.T.);
#13735 = VERTEX_POINT('',#13736);
#13736 = CARTESIAN_POINT('',(1.95,0.65,0.));
#13737 = LINE('',#13738,#13739);
#13738 = CARTESIAN_POINT('',(1.95,-1.35,0.));
#13739 = VECTOR('',#13740,1.);
#13740 = DIRECTION('',(0.,1.,0.));
#13741 = ORIENTED_EDGE('',*,*,#13742,.T.);
#13742 = EDGE_CURVE('',#13735,#13743,#13745,.T.);
#13743 = VERTEX_POINT('',#13744);
#13744 = CARTESIAN_POINT('',(1.95,0.65,0.1));
#13745 = LINE('',#13746,#13747);
#13746 = CARTESIAN_POINT('',(1.95,0.65,0.488927187133));
#13747 = VECTOR('',#13748,1.);
#13748 = DIRECTION('',(0.,0.,1.));
#13749 = ORIENTED_EDGE('',*,*,#13750,.F.);
#13750 = EDGE_CURVE('',#13751,#13743,#13753,.T.);
#13751 = VERTEX_POINT('',#13752);
#13752 = CARTESIAN_POINT('',(1.95,-0.65,0.1));
#13753 = LINE('',#13754,#13755);
#13754 = CARTESIAN_POINT('',(1.95,-0.700778221854,0.1));
#13755 = VECTOR('',#13756,1.);
#13756 = DIRECTION('',(2.22044604925E-16,1.,-0.));
#13757 = ORIENTED_EDGE('',*,*,#13758,.T.);
#13758 = EDGE_CURVE('',#13751,#13759,#13761,.T.);
#13759 = VERTEX_POINT('',#13760);
#13760 = CARTESIAN_POINT('',(1.95,-0.65,0.));
#13761 = LINE('',#13762,#13763);
#13762 = CARTESIAN_POINT('',(1.95,-0.65,0.488927187133));
#13763 = VECTOR('',#13764,1.);
#13764 = DIRECTION('',(0.,0.,-1.));
#13765 = ORIENTED_EDGE('',*,*,#13766,.F.);
#13766 = EDGE_CURVE('',#13622,#13759,#13767,.T.);
#13767 = LINE('',#13768,#13769);
#13768 = CARTESIAN_POINT('',(1.95,-1.35,0.));
#13769 = VECTOR('',#13770,1.);
#13770 = DIRECTION('',(0.,1.,0.));
#13771 = PLANE('',#13772);
#13772 = AXIS2_PLACEMENT_3D('',#13773,#13774,#13775);
#13773 = CARTESIAN_POINT('',(1.95,-1.401556443707,0.977854374266));
#13774 = DIRECTION('',(-1.,2.22044604925E-16,-0.));
#13775 = DIRECTION('',(0.,0.,-1.));
#13776 = ADVANCED_FACE('',(#13777),#13803,.F.);
#13777 = FACE_BOUND('',#13778,.F.);
#13778 = EDGE_LOOP('',(#13779,#13780,#13788,#13796,#13802));
#13779 = ORIENTED_EDGE('',*,*,#13607,.T.);
#13780 = ORIENTED_EDGE('',*,*,#13781,.T.);
#13781 = EDGE_CURVE('',#13600,#13782,#13784,.T.);
#13782 = VERTEX_POINT('',#13783);
#13783 = CARTESIAN_POINT('',(1.3,-1.5,0.6));
#13784 = LINE('',#13785,#13786);
#13785 = CARTESIAN_POINT('',(1.95,-1.5,0.6));
#13786 = VECTOR('',#13787,1.);
#13787 = DIRECTION('',(-1.,2.22044604925E-16,0.));
#13788 = ORIENTED_EDGE('',*,*,#13789,.T.);
#13789 = EDGE_CURVE('',#13782,#13790,#13792,.T.);
#13790 = VERTEX_POINT('',#13791);
#13791 = CARTESIAN_POINT('',(1.3,-1.4,1.4));
#13792 = LINE('',#13793,#13794);
#13793 = CARTESIAN_POINT('',(1.3,-1.5,0.6));
#13794 = VECTOR('',#13795,1.);
#13795 = DIRECTION('',(2.754124363883E-17,0.124034734589,0.992277876714)
  );
#13796 = ORIENTED_EDGE('',*,*,#13797,.F.);
#13797 = EDGE_CURVE('',#13631,#13790,#13798,.T.);
#13798 = LINE('',#13799,#13800);
#13799 = CARTESIAN_POINT('',(1.95,-1.4,1.4));
#13800 = VECTOR('',#13801,1.);
#13801 = DIRECTION('',(-1.,2.22044604925E-16,0.));
#13802 = ORIENTED_EDGE('',*,*,#13630,.F.);
#13803 = PLANE('',#13804);
#13804 = AXIS2_PLACEMENT_3D('',#13805,#13806,#13807);
#13805 = CARTESIAN_POINT('',(1.95,-1.5,0.6));
#13806 = DIRECTION('',(2.203299491106E-16,0.992277876714,-0.124034734589
    ));
#13807 = DIRECTION('',(2.754124363883E-17,0.124034734589,0.992277876714)
  );
#13808 = ADVANCED_FACE('',(#13809),#13834,.T.);
#13809 = FACE_BOUND('',#13810,.T.);
#13810 = EDGE_LOOP('',(#13811,#13819,#13820,#13828));
#13811 = ORIENTED_EDGE('',*,*,#13812,.F.);
#13812 = EDGE_CURVE('',#13592,#13813,#13815,.T.);
#13813 = VERTEX_POINT('',#13814);
#13814 = CARTESIAN_POINT('',(1.8,-1.4,0.3));
#13815 = LINE('',#13816,#13817);
#13816 = CARTESIAN_POINT('',(1.8,-1.4,0.6));
#13817 = VECTOR('',#13818,1.);
#13818 = DIRECTION('',(0.,-0.,-1.));
#13819 = ORIENTED_EDGE('',*,*,#13599,.T.);
#13820 = ORIENTED_EDGE('',*,*,#13821,.T.);
#13821 = EDGE_CURVE('',#13600,#13822,#13824,.T.);
#13822 = VERTEX_POINT('',#13823);
#13823 = CARTESIAN_POINT('',(1.8,-1.5,0.3));
#13824 = LINE('',#13825,#13826);
#13825 = CARTESIAN_POINT('',(1.8,-1.5,0.6));
#13826 = VECTOR('',#13827,1.);
#13827 = DIRECTION('',(0.,-0.,-1.));
#13828 = ORIENTED_EDGE('',*,*,#13829,.F.);
#13829 = EDGE_CURVE('',#13813,#13822,#13830,.T.);
#13830 = LINE('',#13831,#13832);
#13831 = CARTESIAN_POINT('',(1.8,-1.4,0.3));
#13832 = VECTOR('',#13833,1.);
#13833 = DIRECTION('',(-2.22044604925E-16,-1.,0.));
#13834 = PLANE('',#13835);
#13835 = AXIS2_PLACEMENT_3D('',#13836,#13837,#13838);
#13836 = CARTESIAN_POINT('',(1.8,-1.4,0.6));
#13837 = DIRECTION('',(1.,-2.22044604925E-16,0.));
#13838 = DIRECTION('',(0.,-0.,-1.));
#13839 = ADVANCED_FACE('',(#13840),#13938,.T.);
#13840 = FACE_BOUND('',#13841,.F.);
#13841 = EDGE_LOOP('',(#13842,#13852,#13861,#13869,#13877,#13885,#13893,
    #13901,#13908,#13909,#13910,#13916,#13924,#13932));
#13842 = ORIENTED_EDGE('',*,*,#13843,.T.);
#13843 = EDGE_CURVE('',#13844,#13846,#13848,.T.);
#13844 = VERTEX_POINT('',#13845);
#13845 = CARTESIAN_POINT('',(-1.8,-1.4,0.6));
#13846 = VERTEX_POINT('',#13847);
#13847 = CARTESIAN_POINT('',(-1.8,-1.4,0.3));
#13848 = LINE('',#13849,#13850);
#13849 = CARTESIAN_POINT('',(-1.8,-1.4,0.6));
#13850 = VECTOR('',#13851,1.);
#13851 = DIRECTION('',(0.,0.,-1.));
#13852 = ORIENTED_EDGE('',*,*,#13853,.T.);
#13853 = EDGE_CURVE('',#13846,#13854,#13856,.T.);
#13854 = VERTEX_POINT('',#13855);
#13855 = CARTESIAN_POINT('',(-1.7,-1.4,0.2));
#13856 = CIRCLE('',#13857,0.1);
#13857 = AXIS2_PLACEMENT_3D('',#13858,#13859,#13860);
#13858 = CARTESIAN_POINT('',(-1.7,-1.4,0.3));
#13859 = DIRECTION('',(-2.22044604925E-16,-1.,0.));
#13860 = DIRECTION('',(0.,0.,1.));
#13861 = ORIENTED_EDGE('',*,*,#13862,.T.);
#13862 = EDGE_CURVE('',#13854,#13863,#13865,.T.);
#13863 = VERTEX_POINT('',#13864);
#13864 = CARTESIAN_POINT('',(-0.9,-1.4,0.2));
#13865 = LINE('',#13866,#13867);
#13866 = CARTESIAN_POINT('',(-1.8,-1.4,0.2));
#13867 = VECTOR('',#13868,1.);
#13868 = DIRECTION('',(1.,-2.22044604925E-16,0.));
#13869 = ORIENTED_EDGE('',*,*,#13870,.T.);
#13870 = EDGE_CURVE('',#13863,#13871,#13873,.T.);
#13871 = VERTEX_POINT('',#13872);
#13872 = CARTESIAN_POINT('',(-0.9,-1.4,1.));
#13873 = LINE('',#13874,#13875);
#13874 = CARTESIAN_POINT('',(-0.9,-1.4,0.2));
#13875 = VECTOR('',#13876,1.);
#13876 = DIRECTION('',(0.,0.,1.));
#13877 = ORIENTED_EDGE('',*,*,#13878,.F.);
#13878 = EDGE_CURVE('',#13879,#13871,#13881,.T.);
#13879 = VERTEX_POINT('',#13880);
#13880 = CARTESIAN_POINT('',(0.9,-1.4,1.));
#13881 = LINE('',#13882,#13883);
#13882 = CARTESIAN_POINT('',(0.9,-1.4,1.));
#13883 = VECTOR('',#13884,1.);
#13884 = DIRECTION('',(-1.,2.22044604925E-16,0.));
#13885 = ORIENTED_EDGE('',*,*,#13886,.F.);
#13886 = EDGE_CURVE('',#13887,#13879,#13889,.T.);
#13887 = VERTEX_POINT('',#13888);
#13888 = CARTESIAN_POINT('',(0.9,-1.4,0.2));
#13889 = LINE('',#13890,#13891);
#13890 = CARTESIAN_POINT('',(0.9,-1.4,0.2));
#13891 = VECTOR('',#13892,1.);
#13892 = DIRECTION('',(0.,0.,1.));
#13893 = ORIENTED_EDGE('',*,*,#13894,.F.);
#13894 = EDGE_CURVE('',#13895,#13887,#13897,.T.);
#13895 = VERTEX_POINT('',#13896);
#13896 = CARTESIAN_POINT('',(1.7,-1.4,0.2));
#13897 = LINE('',#13898,#13899);
#13898 = CARTESIAN_POINT('',(1.8,-1.4,0.2));
#13899 = VECTOR('',#13900,1.);
#13900 = DIRECTION('',(-1.,2.22044604925E-16,0.));
#13901 = ORIENTED_EDGE('',*,*,#13902,.F.);
#13902 = EDGE_CURVE('',#13813,#13895,#13903,.T.);
#13903 = CIRCLE('',#13904,0.1);
#13904 = AXIS2_PLACEMENT_3D('',#13905,#13906,#13907);
#13905 = CARTESIAN_POINT('',(1.7,-1.4,0.3));
#13906 = DIRECTION('',(2.22044604925E-16,1.,-0.));
#13907 = DIRECTION('',(0.,0.,1.));
#13908 = ORIENTED_EDGE('',*,*,#13812,.F.);
#13909 = ORIENTED_EDGE('',*,*,#13591,.F.);
#13910 = ORIENTED_EDGE('',*,*,#13911,.F.);
#13911 = EDGE_CURVE('',#13790,#13584,#13912,.T.);
#13912 = LINE('',#13913,#13914);
#13913 = CARTESIAN_POINT('',(1.3,-1.4,1.4));
#13914 = VECTOR('',#13915,1.);
#13915 = DIRECTION('',(0.,-0.,-1.));
#13916 = ORIENTED_EDGE('',*,*,#13917,.T.);
#13917 = EDGE_CURVE('',#13790,#13918,#13920,.T.);
#13918 = VERTEX_POINT('',#13919);
#13919 = CARTESIAN_POINT('',(-1.3,-1.4,1.4));
#13920 = LINE('',#13921,#13922);
#13921 = CARTESIAN_POINT('',(1.3,-1.4,1.4));
#13922 = VECTOR('',#13923,1.);
#13923 = DIRECTION('',(-1.,2.22044604925E-16,0.));
#13924 = ORIENTED_EDGE('',*,*,#13925,.T.);
#13925 = EDGE_CURVE('',#13918,#13926,#13928,.T.);
#13926 = VERTEX_POINT('',#13927);
#13927 = CARTESIAN_POINT('',(-1.3,-1.4,0.6));
#13928 = LINE('',#13929,#13930);
#13929 = CARTESIAN_POINT('',(-1.3,-1.4,1.4));
#13930 = VECTOR('',#13931,1.);
#13931 = DIRECTION('',(0.,0.,-1.));
#13932 = ORIENTED_EDGE('',*,*,#13933,.T.);
#13933 = EDGE_CURVE('',#13926,#13844,#13934,.T.);
#13934 = LINE('',#13935,#13936);
#13935 = CARTESIAN_POINT('',(-1.3,-1.4,0.6));
#13936 = VECTOR('',#13937,1.);
#13937 = DIRECTION('',(-1.,2.22044604925E-16,-0.));
#13938 = PLANE('',#13939);
#13939 = AXIS2_PLACEMENT_3D('',#13940,#13941,#13942);
#13940 = CARTESIAN_POINT('',(-0.953333333333,-1.4,0.853333333333));
#13941 = DIRECTION('',(2.22044604925E-16,1.,0.));
#13942 = DIRECTION('',(0.,-0.,1.));
#13943 = ADVANCED_FACE('',(#13944),#13962,.T.);
#13944 = FACE_BOUND('',#13945,.T.);
#13945 = EDGE_LOOP('',(#13946,#13954,#13955,#13956));
#13946 = ORIENTED_EDGE('',*,*,#13947,.T.);
#13947 = EDGE_CURVE('',#13948,#13576,#13950,.T.);
#13948 = VERTEX_POINT('',#13949);
#13949 = CARTESIAN_POINT('',(1.3,-1.35,1.4));
#13950 = LINE('',#13951,#13952);
#13951 = CARTESIAN_POINT('',(1.3,-1.35,1.4));
#13952 = VECTOR('',#13953,1.);
#13953 = DIRECTION('',(0.,-0.,-1.));
#13954 = ORIENTED_EDGE('',*,*,#13583,.T.);
#13955 = ORIENTED_EDGE('',*,*,#13911,.F.);
#13956 = ORIENTED_EDGE('',*,*,#13957,.T.);
#13957 = EDGE_CURVE('',#13790,#13948,#13958,.T.);
#13958 = LINE('',#13959,#13960);
#13959 = CARTESIAN_POINT('',(1.3,-1.4,1.4));
#13960 = VECTOR('',#13961,1.);
#13961 = DIRECTION('',(2.22044604925E-16,1.,0.));
#13962 = PLANE('',#13963);
#13963 = AXIS2_PLACEMENT_3D('',#13964,#13965,#13966);
#13964 = CARTESIAN_POINT('',(1.3,-1.401556443707,0.977854374266));
#13965 = DIRECTION('',(-1.,2.22044604925E-16,-0.));
#13966 = DIRECTION('',(0.,0.,-1.));
#13967 = ADVANCED_FACE('',(#13968),#14011,.F.);
#13968 = FACE_BOUND('',#13969,.F.);
#13969 = EDGE_LOOP('',(#13970,#13978,#13986,#13994,#14002,#14008,#14009,
    #14010));
#13970 = ORIENTED_EDGE('',*,*,#13971,.F.);
#13971 = EDGE_CURVE('',#13972,#13622,#13974,.T.);
#13972 = VERTEX_POINT('',#13973);
#13973 = CARTESIAN_POINT('',(-1.95,-1.35,0.));
#13974 = LINE('',#13975,#13976);
#13975 = CARTESIAN_POINT('',(-1.95,-1.35,0.));
#13976 = VECTOR('',#13977,1.);
#13977 = DIRECTION('',(1.,0.,0.));
#13978 = ORIENTED_EDGE('',*,*,#13979,.T.);
#13979 = EDGE_CURVE('',#13972,#13980,#13982,.T.);
#13980 = VERTEX_POINT('',#13981);
#13981 = CARTESIAN_POINT('',(-1.95,-1.35,0.6));
#13982 = LINE('',#13983,#13984);
#13983 = CARTESIAN_POINT('',(-1.95,-1.35,0.));
#13984 = VECTOR('',#13985,1.);
#13985 = DIRECTION('',(0.,0.,1.));
#13986 = ORIENTED_EDGE('',*,*,#13987,.T.);
#13987 = EDGE_CURVE('',#13980,#13988,#13990,.T.);
#13988 = VERTEX_POINT('',#13989);
#13989 = CARTESIAN_POINT('',(-1.3,-1.35,0.6));
#13990 = LINE('',#13991,#13992);
#13991 = CARTESIAN_POINT('',(-1.95,-1.35,0.6));
#13992 = VECTOR('',#13993,1.);
#13993 = DIRECTION('',(1.,-2.22044604925E-16,0.));
#13994 = ORIENTED_EDGE('',*,*,#13995,.F.);
#13995 = EDGE_CURVE('',#13996,#13988,#13998,.T.);
#13996 = VERTEX_POINT('',#13997);
#13997 = CARTESIAN_POINT('',(-1.3,-1.35,1.4));
#13998 = LINE('',#13999,#14000);
#13999 = CARTESIAN_POINT('',(-1.3,-1.35,1.4));
#14000 = VECTOR('',#14001,1.);
#14001 = DIRECTION('',(0.,0.,-1.));
#14002 = ORIENTED_EDGE('',*,*,#14003,.T.);
#14003 = EDGE_CURVE('',#13996,#13948,#14004,.T.);
#14004 = LINE('',#14005,#14006);
#14005 = CARTESIAN_POINT('',(-1.95,-1.35,1.4));
#14006 = VECTOR('',#14007,1.);
#14007 = DIRECTION('',(1.,0.,0.));
#14008 = ORIENTED_EDGE('',*,*,#13947,.T.);
#14009 = ORIENTED_EDGE('',*,*,#13575,.F.);
#14010 = ORIENTED_EDGE('',*,*,#13621,.F.);
#14011 = PLANE('',#14012);
#14012 = AXIS2_PLACEMENT_3D('',#14013,#14014,#14015);
#14013 = CARTESIAN_POINT('',(-1.95,-1.35,0.));
#14014 = DIRECTION('',(0.,1.,0.));
#14015 = DIRECTION('',(1.,0.,0.));
#14016 = ADVANCED_FACE('',(#14017),#14090,.F.);
#14017 = FACE_BOUND('',#14018,.F.);
#14018 = EDGE_LOOP('',(#14019,#14029,#14035,#14036,#14037,#14045,#14053,
    #14059,#14060,#14068,#14076,#14084));
#14019 = ORIENTED_EDGE('',*,*,#14020,.F.);
#14020 = EDGE_CURVE('',#14021,#14023,#14025,.T.);
#14021 = VERTEX_POINT('',#14022);
#14022 = CARTESIAN_POINT('',(-1.95,-0.65,0.));
#14023 = VERTEX_POINT('',#14024);
#14024 = CARTESIAN_POINT('',(-1.85,-0.65,0.));
#14025 = LINE('',#14026,#14027);
#14026 = CARTESIAN_POINT('',(-2.5,-0.65,0.));
#14027 = VECTOR('',#14028,1.);
#14028 = DIRECTION('',(1.,-1.224646799147E-16,0.));
#14029 = ORIENTED_EDGE('',*,*,#14030,.T.);
#14030 = EDGE_CURVE('',#14021,#13972,#14031,.T.);
#14031 = LINE('',#14032,#14033);
#14032 = CARTESIAN_POINT('',(-1.95,1.35,0.));
#14033 = VECTOR('',#14034,1.);
#14034 = DIRECTION('',(0.,-1.,0.));
#14035 = ORIENTED_EDGE('',*,*,#13971,.T.);
#14036 = ORIENTED_EDGE('',*,*,#13766,.T.);
#14037 = ORIENTED_EDGE('',*,*,#14038,.F.);
#14038 = EDGE_CURVE('',#14039,#13759,#14041,.T.);
#14039 = VERTEX_POINT('',#14040);
#14040 = CARTESIAN_POINT('',(1.85,-0.65,0.));
#14041 = LINE('',#14042,#14043);
#14042 = CARTESIAN_POINT('',(1.85,-0.65,0.));
#14043 = VECTOR('',#14044,1.);
#14044 = DIRECTION('',(1.,0.,0.));
#14045 = ORIENTED_EDGE('',*,*,#14046,.F.);
#14046 = EDGE_CURVE('',#14047,#14039,#14049,.T.);
#14047 = VERTEX_POINT('',#14048);
#14048 = CARTESIAN_POINT('',(1.85,0.65,0.));
#14049 = LINE('',#14050,#14051);
#14050 = CARTESIAN_POINT('',(1.85,0.65,0.));
#14051 = VECTOR('',#14052,1.);
#14052 = DIRECTION('',(0.,-1.,0.));
#14053 = ORIENTED_EDGE('',*,*,#14054,.F.);
#14054 = EDGE_CURVE('',#13735,#14047,#14055,.T.);
#14055 = LINE('',#14056,#14057);
#14056 = CARTESIAN_POINT('',(2.5,0.65,0.));
#14057 = VECTOR('',#14058,1.);
#14058 = DIRECTION('',(-1.,0.,0.));
#14059 = ORIENTED_EDGE('',*,*,#13734,.T.);
#14060 = ORIENTED_EDGE('',*,*,#14061,.T.);
#14061 = EDGE_CURVE('',#13727,#14062,#14064,.T.);
#14062 = VERTEX_POINT('',#14063);
#14063 = CARTESIAN_POINT('',(-1.95,1.35,0.));
#14064 = LINE('',#14065,#14066);
#14065 = CARTESIAN_POINT('',(1.95,1.35,0.));
#14066 = VECTOR('',#14067,1.);
#14067 = DIRECTION('',(-1.,0.,0.));
#14068 = ORIENTED_EDGE('',*,*,#14069,.T.);
#14069 = EDGE_CURVE('',#14062,#14070,#14072,.T.);
#14070 = VERTEX_POINT('',#14071);
#14071 = CARTESIAN_POINT('',(-1.95,0.65,0.));
#14072 = LINE('',#14073,#14074);
#14073 = CARTESIAN_POINT('',(-1.95,1.35,0.));
#14074 = VECTOR('',#14075,1.);
#14075 = DIRECTION('',(0.,-1.,0.));
#14076 = ORIENTED_EDGE('',*,*,#14077,.F.);
#14077 = EDGE_CURVE('',#14078,#14070,#14080,.T.);
#14078 = VERTEX_POINT('',#14079);
#14079 = CARTESIAN_POINT('',(-1.85,0.65,0.));
#14080 = LINE('',#14081,#14082);
#14081 = CARTESIAN_POINT('',(-1.85,0.65,0.));
#14082 = VECTOR('',#14083,1.);
#14083 = DIRECTION('',(-1.,1.224646799147E-16,0.));
#14084 = ORIENTED_EDGE('',*,*,#14085,.F.);
#14085 = EDGE_CURVE('',#14023,#14078,#14086,.T.);
#14086 = LINE('',#14087,#14088);
#14087 = CARTESIAN_POINT('',(-1.85,-0.65,0.));
#14088 = VECTOR('',#14089,1.);
#14089 = DIRECTION('',(1.224646799147E-16,1.,0.));
#14090 = PLANE('',#14091);
#14091 = AXIS2_PLACEMENT_3D('',#14092,#14093,#14094);
#14092 = CARTESIAN_POINT('',(0.,0.,0.));
#14093 = DIRECTION('',(0.,0.,1.));
#14094 = DIRECTION('',(1.,0.,-0.));
#14095 = ADVANCED_FACE('',(#14096),#14121,.F.);
#14096 = FACE_BOUND('',#14097,.F.);
#14097 = EDGE_LOOP('',(#14098,#14106,#14107,#14115));
#14098 = ORIENTED_EDGE('',*,*,#14099,.F.);
#14099 = EDGE_CURVE('',#13759,#14100,#14102,.T.);
#14100 = VERTEX_POINT('',#14101);
#14101 = CARTESIAN_POINT('',(2.5,-0.65,0.));
#14102 = LINE('',#14103,#14104);
#14103 = CARTESIAN_POINT('',(1.85,-0.65,0.));
#14104 = VECTOR('',#14105,1.);
#14105 = DIRECTION('',(1.,0.,0.));
#14106 = ORIENTED_EDGE('',*,*,#13758,.F.);
#14107 = ORIENTED_EDGE('',*,*,#14108,.T.);
#14108 = EDGE_CURVE('',#13751,#14109,#14111,.T.);
#14109 = VERTEX_POINT('',#14110);
#14110 = CARTESIAN_POINT('',(2.5,-0.65,0.1));
#14111 = LINE('',#14112,#14113);
#14112 = CARTESIAN_POINT('',(1.85,-0.65,0.1));
#14113 = VECTOR('',#14114,1.);
#14114 = DIRECTION('',(1.,0.,0.));
#14115 = ORIENTED_EDGE('',*,*,#14116,.F.);
#14116 = EDGE_CURVE('',#14100,#14109,#14117,.T.);
#14117 = LINE('',#14118,#14119);
#14118 = CARTESIAN_POINT('',(2.5,-0.65,0.));
#14119 = VECTOR('',#14120,1.);
#14120 = DIRECTION('',(0.,0.,1.));
#14121 = PLANE('',#14122);
#14122 = AXIS2_PLACEMENT_3D('',#14123,#14124,#14125);
#14123 = CARTESIAN_POINT('',(1.85,-0.65,0.));
#14124 = DIRECTION('',(0.,1.,0.));
#14125 = DIRECTION('',(1.,0.,0.));
#14126 = ADVANCED_FACE('',(#14127),#14145,.T.);
#14127 = FACE_BOUND('',#14128,.T.);
#14128 = EDGE_LOOP('',(#14129,#14130,#14131,#14139));
#14129 = ORIENTED_EDGE('',*,*,#13750,.F.);
#14130 = ORIENTED_EDGE('',*,*,#14108,.T.);
#14131 = ORIENTED_EDGE('',*,*,#14132,.T.);
#14132 = EDGE_CURVE('',#14109,#14133,#14135,.T.);
#14133 = VERTEX_POINT('',#14134);
#14134 = CARTESIAN_POINT('',(2.5,0.65,0.1));
#14135 = LINE('',#14136,#14137);
#14136 = CARTESIAN_POINT('',(2.5,-0.65,0.1));
#14137 = VECTOR('',#14138,1.);
#14138 = DIRECTION('',(0.,1.,0.));
#14139 = ORIENTED_EDGE('',*,*,#14140,.T.);
#14140 = EDGE_CURVE('',#14133,#13743,#14141,.T.);
#14141 = LINE('',#14142,#14143);
#14142 = CARTESIAN_POINT('',(2.5,0.65,0.1));
#14143 = VECTOR('',#14144,1.);
#14144 = DIRECTION('',(-1.,0.,0.));
#14145 = PLANE('',#14146);
#14146 = AXIS2_PLACEMENT_3D('',#14147,#14148,#14149);
#14147 = CARTESIAN_POINT('',(2.175,0.,0.1));
#14148 = DIRECTION('',(0.,0.,1.));
#14149 = DIRECTION('',(1.,0.,-0.));
#14150 = ADVANCED_FACE('',(#14151),#14169,.F.);
#14151 = FACE_BOUND('',#14152,.F.);
#14152 = EDGE_LOOP('',(#14153,#14161,#14167,#14168));
#14153 = ORIENTED_EDGE('',*,*,#14154,.F.);
#14154 = EDGE_CURVE('',#14155,#13735,#14157,.T.);
#14155 = VERTEX_POINT('',#14156);
#14156 = CARTESIAN_POINT('',(2.5,0.65,0.));
#14157 = LINE('',#14158,#14159);
#14158 = CARTESIAN_POINT('',(2.5,0.65,0.));
#14159 = VECTOR('',#14160,1.);
#14160 = DIRECTION('',(-1.,0.,0.));
#14161 = ORIENTED_EDGE('',*,*,#14162,.T.);
#14162 = EDGE_CURVE('',#14155,#14133,#14163,.T.);
#14163 = LINE('',#14164,#14165);
#14164 = CARTESIAN_POINT('',(2.5,0.65,0.));
#14165 = VECTOR('',#14166,1.);
#14166 = DIRECTION('',(0.,0.,1.));
#14167 = ORIENTED_EDGE('',*,*,#14140,.T.);
#14168 = ORIENTED_EDGE('',*,*,#13742,.F.);
#14169 = PLANE('',#14170);
#14170 = AXIS2_PLACEMENT_3D('',#14171,#14172,#14173);
#14171 = CARTESIAN_POINT('',(2.5,0.65,0.));
#14172 = DIRECTION('',(0.,-1.,0.));
#14173 = DIRECTION('',(-1.,0.,0.));
#14174 = ADVANCED_FACE('',(#14175),#14225,.F.);
#14175 = FACE_BOUND('',#14176,.F.);
#14176 = EDGE_LOOP('',(#14177,#14178,#14179,#14187,#14195,#14203,#14211,
    #14219));
#14177 = ORIENTED_EDGE('',*,*,#14061,.F.);
#14178 = ORIENTED_EDGE('',*,*,#13726,.T.);
#14179 = ORIENTED_EDGE('',*,*,#14180,.T.);
#14180 = EDGE_CURVE('',#13719,#14181,#14183,.T.);
#14181 = VERTEX_POINT('',#14182);
#14182 = CARTESIAN_POINT('',(1.3,1.35,0.6));
#14183 = LINE('',#14184,#14185);
#14184 = CARTESIAN_POINT('',(1.95,1.35,0.6));
#14185 = VECTOR('',#14186,1.);
#14186 = DIRECTION('',(-1.,1.110223024625E-16,0.));
#14187 = ORIENTED_EDGE('',*,*,#14188,.F.);
#14188 = EDGE_CURVE('',#14189,#14181,#14191,.T.);
#14189 = VERTEX_POINT('',#14190);
#14190 = CARTESIAN_POINT('',(1.3,1.35,1.4));
#14191 = LINE('',#14192,#14193);
#14192 = CARTESIAN_POINT('',(1.3,1.35,1.4));
#14193 = VECTOR('',#14194,1.);
#14194 = DIRECTION('',(0.,-0.,-1.));
#14195 = ORIENTED_EDGE('',*,*,#14196,.T.);
#14196 = EDGE_CURVE('',#14189,#14197,#14199,.T.);
#14197 = VERTEX_POINT('',#14198);
#14198 = CARTESIAN_POINT('',(-1.3,1.35,1.4));
#14199 = LINE('',#14200,#14201);
#14200 = CARTESIAN_POINT('',(1.95,1.35,1.4));
#14201 = VECTOR('',#14202,1.);
#14202 = DIRECTION('',(-1.,0.,0.));
#14203 = ORIENTED_EDGE('',*,*,#14204,.T.);
#14204 = EDGE_CURVE('',#14197,#14205,#14207,.T.);
#14205 = VERTEX_POINT('',#14206);
#14206 = CARTESIAN_POINT('',(-1.3,1.35,0.6));
#14207 = LINE('',#14208,#14209);
#14208 = CARTESIAN_POINT('',(-1.3,1.35,1.4));
#14209 = VECTOR('',#14210,1.);
#14210 = DIRECTION('',(0.,0.,-1.));
#14211 = ORIENTED_EDGE('',*,*,#14212,.F.);
#14212 = EDGE_CURVE('',#14213,#14205,#14215,.T.);
#14213 = VERTEX_POINT('',#14214);
#14214 = CARTESIAN_POINT('',(-1.95,1.35,0.6));
#14215 = LINE('',#14216,#14217);
#14216 = CARTESIAN_POINT('',(-1.95,1.35,0.6));
#14217 = VECTOR('',#14218,1.);
#14218 = DIRECTION('',(1.,-1.110223024625E-16,0.));
#14219 = ORIENTED_EDGE('',*,*,#14220,.F.);
#14220 = EDGE_CURVE('',#14062,#14213,#14221,.T.);
#14221 = LINE('',#14222,#14223);
#14222 = CARTESIAN_POINT('',(-1.95,1.35,0.));
#14223 = VECTOR('',#14224,1.);
#14224 = DIRECTION('',(0.,0.,1.));
#14225 = PLANE('',#14226);
#14226 = AXIS2_PLACEMENT_3D('',#14227,#14228,#14229);
#14227 = CARTESIAN_POINT('',(1.95,1.35,0.));
#14228 = DIRECTION('',(0.,-1.,0.));
#14229 = DIRECTION('',(-1.,0.,0.));
#14230 = ADVANCED_FACE('',(#14231),#14265,.F.);
#14231 = FACE_BOUND('',#14232,.T.);
#14232 = EDGE_LOOP('',(#14233,#14234,#14235,#14243,#14251,#14259));
#14233 = ORIENTED_EDGE('',*,*,#13718,.F.);
#14234 = ORIENTED_EDGE('',*,*,#14180,.T.);
#14235 = ORIENTED_EDGE('',*,*,#14236,.T.);
#14236 = EDGE_CURVE('',#14181,#14237,#14239,.T.);
#14237 = VERTEX_POINT('',#14238);
#14238 = CARTESIAN_POINT('',(1.3,1.4,0.6));
#14239 = LINE('',#14240,#14241);
#14240 = CARTESIAN_POINT('',(1.3,1.35,0.6));
#14241 = VECTOR('',#14242,1.);
#14242 = DIRECTION('',(1.110223024625E-16,1.,0.));
#14243 = ORIENTED_EDGE('',*,*,#14244,.T.);
#14244 = EDGE_CURVE('',#14237,#14245,#14247,.T.);
#14245 = VERTEX_POINT('',#14246);
#14246 = CARTESIAN_POINT('',(1.8,1.4,0.6));
#14247 = LINE('',#14248,#14249);
#14248 = CARTESIAN_POINT('',(1.3,1.4,0.6));
#14249 = VECTOR('',#14250,1.);
#14250 = DIRECTION('',(1.,-1.110223024625E-16,-0.));
#14251 = ORIENTED_EDGE('',*,*,#14252,.T.);
#14252 = EDGE_CURVE('',#14245,#14253,#14255,.T.);
#14253 = VERTEX_POINT('',#14254);
#14254 = CARTESIAN_POINT('',(1.8,1.5,0.6));
#14255 = LINE('',#14256,#14257);
#14256 = CARTESIAN_POINT('',(1.8,1.4,0.6));
#14257 = VECTOR('',#14258,1.);
#14258 = DIRECTION('',(1.110223024625E-16,1.,0.));
#14259 = ORIENTED_EDGE('',*,*,#14260,.F.);
#14260 = EDGE_CURVE('',#13711,#14253,#14261,.T.);
#14261 = LINE('',#14262,#14263);
#14262 = CARTESIAN_POINT('',(1.95,1.5,0.6));
#14263 = VECTOR('',#14264,1.);
#14264 = DIRECTION('',(-1.,1.110223024625E-16,0.));
#14265 = PLANE('',#14266);
#14266 = AXIS2_PLACEMENT_3D('',#14267,#14268,#14269);
#14267 = CARTESIAN_POINT('',(1.95,1.35,0.6));
#14268 = DIRECTION('',(0.,0.,1.));
#14269 = DIRECTION('',(-1.110223024625E-16,-1.,0.));
#14270 = ADVANCED_FACE('',(#14271),#14297,.F.);
#14271 = FACE_BOUND('',#14272,.T.);
#14272 = EDGE_LOOP('',(#14273,#14274,#14282,#14290,#14296));
#14273 = ORIENTED_EDGE('',*,*,#14260,.T.);
#14274 = ORIENTED_EDGE('',*,*,#14275,.T.);
#14275 = EDGE_CURVE('',#14253,#14276,#14278,.T.);
#14276 = VERTEX_POINT('',#14277);
#14277 = CARTESIAN_POINT('',(1.3,1.5,0.6));
#14278 = LINE('',#14279,#14280);
#14279 = CARTESIAN_POINT('',(1.95,1.5,0.6));
#14280 = VECTOR('',#14281,1.);
#14281 = DIRECTION('',(-1.,1.110223024625E-16,0.));
#14282 = ORIENTED_EDGE('',*,*,#14283,.T.);
#14283 = EDGE_CURVE('',#14276,#14284,#14286,.T.);
#14284 = VERTEX_POINT('',#14285);
#14285 = CARTESIAN_POINT('',(1.3,1.4,1.4));
#14286 = LINE('',#14287,#14288);
#14287 = CARTESIAN_POINT('',(1.3,1.5,0.6));
#14288 = VECTOR('',#14289,1.);
#14289 = DIRECTION('',(-1.377062181942E-17,-0.124034734589,
    0.992277876714));
#14290 = ORIENTED_EDGE('',*,*,#14291,.F.);
#14291 = EDGE_CURVE('',#13703,#14284,#14292,.T.);
#14292 = LINE('',#14293,#14294);
#14293 = CARTESIAN_POINT('',(1.95,1.4,1.4));
#14294 = VECTOR('',#14295,1.);
#14295 = DIRECTION('',(-1.,1.110223024625E-16,0.));
#14296 = ORIENTED_EDGE('',*,*,#13710,.F.);
#14297 = PLANE('',#14298);
#14298 = AXIS2_PLACEMENT_3D('',#14299,#14300,#14301);
#14299 = CARTESIAN_POINT('',(1.95,1.5,0.6));
#14300 = DIRECTION('',(-1.101649745554E-16,-0.992277876714,
    -0.124034734589));
#14301 = DIRECTION('',(1.377062181942E-17,0.124034734589,-0.992277876714
    ));
#14302 = ADVANCED_FACE('',(#14303),#14336,.T.);
#14303 = FACE_BOUND('',#14304,.T.);
#14304 = EDGE_LOOP('',(#14305,#14306,#14314,#14322,#14330));
#14305 = ORIENTED_EDGE('',*,*,#13686,.T.);
#14306 = ORIENTED_EDGE('',*,*,#14307,.T.);
#14307 = EDGE_CURVE('',#13687,#14308,#14310,.T.);
#14308 = VERTEX_POINT('',#14309);
#14309 = CARTESIAN_POINT('',(1.75,0.9,1.4));
#14310 = LINE('',#14311,#14312);
#14311 = CARTESIAN_POINT('',(1.95,0.9,1.4));
#14312 = VECTOR('',#14313,1.);
#14313 = DIRECTION('',(-1.,0.,0.));
#14314 = ORIENTED_EDGE('',*,*,#14315,.F.);
#14315 = EDGE_CURVE('',#14316,#14308,#14318,.T.);
#14316 = VERTEX_POINT('',#14317);
#14317 = CARTESIAN_POINT('',(1.75,0.375,1.4));
#14318 = LINE('',#14319,#14320);
#14319 = CARTESIAN_POINT('',(1.75,-1.3,1.4));
#14320 = VECTOR('',#14321,1.);
#14321 = DIRECTION('',(0.,1.,0.));
#14322 = ORIENTED_EDGE('',*,*,#14323,.F.);
#14323 = EDGE_CURVE('',#14324,#14316,#14326,.T.);
#14324 = VERTEX_POINT('',#14325);
#14325 = CARTESIAN_POINT('',(1.85,0.375,1.4));
#14326 = LINE('',#14327,#14328);
#14327 = CARTESIAN_POINT('',(1.95,0.375,1.4));
#14328 = VECTOR('',#14329,1.);
#14329 = DIRECTION('',(-1.,0.,0.));
#14330 = ORIENTED_EDGE('',*,*,#14331,.T.);
#14331 = EDGE_CURVE('',#14324,#13679,#14332,.T.);
#14332 = LINE('',#14333,#14334);
#14333 = CARTESIAN_POINT('',(0.925,0.375,1.4));
#14334 = VECTOR('',#14335,1.);
#14335 = DIRECTION('',(1.,0.,-0.));
#14336 = PLANE('',#14337);
#14337 = AXIS2_PLACEMENT_3D('',#14338,#14339,#14340);
#14338 = CARTESIAN_POINT('',(0.,0.,1.4));
#14339 = DIRECTION('',(0.,0.,1.));
#14340 = DIRECTION('',(1.,0.,-0.));
#14341 = ADVANCED_FACE('',(#14342),#14367,.T.);
#14342 = FACE_BOUND('',#14343,.T.);
#14343 = EDGE_LOOP('',(#14344,#14352,#14360,#14366));
#14344 = ORIENTED_EDGE('',*,*,#14345,.T.);
#14345 = EDGE_CURVE('',#13695,#14346,#14348,.T.);
#14346 = VERTEX_POINT('',#14347);
#14347 = CARTESIAN_POINT('',(1.95,1.3,1.5));
#14348 = LINE('',#14349,#14350);
#14349 = CARTESIAN_POINT('',(1.95,1.3,1.4));
#14350 = VECTOR('',#14351,1.);
#14351 = DIRECTION('',(0.,0.,1.));
#14352 = ORIENTED_EDGE('',*,*,#14353,.T.);
#14353 = EDGE_CURVE('',#14346,#14354,#14356,.T.);
#14354 = VERTEX_POINT('',#14355);
#14355 = CARTESIAN_POINT('',(1.95,0.9,1.5));
#14356 = LINE('',#14357,#14358);
#14357 = CARTESIAN_POINT('',(1.95,1.3,1.5));
#14358 = VECTOR('',#14359,1.);
#14359 = DIRECTION('',(0.,-1.,0.));
#14360 = ORIENTED_EDGE('',*,*,#14361,.F.);
#14361 = EDGE_CURVE('',#13687,#14354,#14362,.T.);
#14362 = LINE('',#14363,#14364);
#14363 = CARTESIAN_POINT('',(1.95,0.9,1.4));
#14364 = VECTOR('',#14365,1.);
#14365 = DIRECTION('',(0.,0.,1.));
#14366 = ORIENTED_EDGE('',*,*,#13694,.F.);
#14367 = PLANE('',#14368);
#14368 = AXIS2_PLACEMENT_3D('',#14369,#14370,#14371);
#14369 = CARTESIAN_POINT('',(1.95,1.3,1.4));
#14370 = DIRECTION('',(1.,0.,-0.));
#14371 = DIRECTION('',(0.,-1.,0.));
#14372 = ADVANCED_FACE('',(#14373),#14397,.T.);
#14373 = FACE_BOUND('',#14374,.T.);
#14374 = EDGE_LOOP('',(#14375,#14381,#14389,#14395,#14396));
#14375 = ORIENTED_EDGE('',*,*,#14376,.T.);
#14376 = EDGE_CURVE('',#14284,#14189,#14377,.T.);
#14377 = LINE('',#14378,#14379);
#14378 = CARTESIAN_POINT('',(1.3,1.4,1.4));
#14379 = VECTOR('',#14380,1.);
#14380 = DIRECTION('',(-1.110223024625E-16,-1.,-0.));
#14381 = ORIENTED_EDGE('',*,*,#14382,.T.);
#14382 = EDGE_CURVE('',#14189,#14383,#14385,.T.);
#14383 = VERTEX_POINT('',#14384);
#14384 = CARTESIAN_POINT('',(1.3,1.3,1.4));
#14385 = LINE('',#14386,#14387);
#14386 = CARTESIAN_POINT('',(1.3,1.5,1.4));
#14387 = VECTOR('',#14388,1.);
#14388 = DIRECTION('',(-1.110223024625E-16,-1.,-0.));
#14389 = ORIENTED_EDGE('',*,*,#14390,.F.);
#14390 = EDGE_CURVE('',#13695,#14383,#14391,.T.);
#14391 = LINE('',#14392,#14393);
#14392 = CARTESIAN_POINT('',(1.95,1.3,1.4));
#14393 = VECTOR('',#14394,1.);
#14394 = DIRECTION('',(-1.,0.,0.));
#14395 = ORIENTED_EDGE('',*,*,#13702,.T.);
#14396 = ORIENTED_EDGE('',*,*,#14291,.T.);
#14397 = PLANE('',#14398);
#14398 = AXIS2_PLACEMENT_3D('',#14399,#14400,#14401);
#14399 = CARTESIAN_POINT('',(0.,0.,1.4));
#14400 = DIRECTION('',(0.,0.,1.));
#14401 = DIRECTION('',(1.,0.,-0.));
#14402 = ADVANCED_FACE('',(#14403),#14414,.F.);
#14403 = FACE_BOUND('',#14404,.T.);
#14404 = EDGE_LOOP('',(#14405,#14406,#14407,#14408));
#14405 = ORIENTED_EDGE('',*,*,#13662,.T.);
#14406 = ORIENTED_EDGE('',*,*,#13670,.T.);
#14407 = ORIENTED_EDGE('',*,*,#13678,.T.);
#14408 = ORIENTED_EDGE('',*,*,#14409,.F.);
#14409 = EDGE_CURVE('',#13655,#13679,#14410,.T.);
#14410 = LINE('',#14411,#14412);
#14411 = CARTESIAN_POINT('',(1.95,-0.375,1.4));
#14412 = VECTOR('',#14413,1.);
#14413 = DIRECTION('',(0.,1.,0.));
#14414 = PLANE('',#14415);
#14415 = AXIS2_PLACEMENT_3D('',#14416,#14417,#14418);
#14416 = CARTESIAN_POINT('',(1.95,-0.1875,1.2));
#14417 = DIRECTION('',(-1.,0.,0.));
#14418 = DIRECTION('',(0.,0.,1.));
#14419 = ADVANCED_FACE('',(#14420),#14453,.T.);
#14420 = FACE_BOUND('',#14421,.T.);
#14421 = EDGE_LOOP('',(#14422,#14430,#14438,#14446,#14452));
#14422 = ORIENTED_EDGE('',*,*,#14423,.T.);
#14423 = EDGE_CURVE('',#13655,#14424,#14426,.T.);
#14424 = VERTEX_POINT('',#14425);
#14425 = CARTESIAN_POINT('',(1.85,-0.375,1.4));
#14426 = LINE('',#14427,#14428);
#14427 = CARTESIAN_POINT('',(0.925,-0.375,1.4));
#14428 = VECTOR('',#14429,1.);
#14429 = DIRECTION('',(-1.,0.,0.));
#14430 = ORIENTED_EDGE('',*,*,#14431,.T.);
#14431 = EDGE_CURVE('',#14424,#14432,#14434,.T.);
#14432 = VERTEX_POINT('',#14433);
#14433 = CARTESIAN_POINT('',(1.75,-0.375,1.4));
#14434 = LINE('',#14435,#14436);
#14435 = CARTESIAN_POINT('',(1.95,-0.375,1.4));
#14436 = VECTOR('',#14437,1.);
#14437 = DIRECTION('',(-1.,-0.,-0.));
#14438 = ORIENTED_EDGE('',*,*,#14439,.F.);
#14439 = EDGE_CURVE('',#14440,#14432,#14442,.T.);
#14440 = VERTEX_POINT('',#14441);
#14441 = CARTESIAN_POINT('',(1.75,-0.9,1.4));
#14442 = LINE('',#14443,#14444);
#14443 = CARTESIAN_POINT('',(1.75,-1.3,1.4));
#14444 = VECTOR('',#14445,1.);
#14445 = DIRECTION('',(0.,1.,0.));
#14446 = ORIENTED_EDGE('',*,*,#14447,.T.);
#14447 = EDGE_CURVE('',#14440,#13647,#14448,.T.);
#14448 = LINE('',#14449,#14450);
#14449 = CARTESIAN_POINT('',(1.75,-0.9,1.4));
#14450 = VECTOR('',#14451,1.);
#14451 = DIRECTION('',(1.,0.,0.));
#14452 = ORIENTED_EDGE('',*,*,#13654,.F.);
#14453 = PLANE('',#14454);
#14454 = AXIS2_PLACEMENT_3D('',#14455,#14456,#14457);
#14455 = CARTESIAN_POINT('',(0.,0.,1.4));
#14456 = DIRECTION('',(0.,0.,1.));
#14457 = DIRECTION('',(1.,0.,-0.));
#14458 = ADVANCED_FACE('',(#14459),#14484,.T.);
#14459 = FACE_BOUND('',#14460,.T.);
#14460 = EDGE_LOOP('',(#14461,#14469,#14477,#14483));
#14461 = ORIENTED_EDGE('',*,*,#14462,.T.);
#14462 = EDGE_CURVE('',#13647,#14463,#14465,.T.);
#14463 = VERTEX_POINT('',#14464);
#14464 = CARTESIAN_POINT('',(1.95,-0.9,1.5));
#14465 = LINE('',#14466,#14467);
#14466 = CARTESIAN_POINT('',(1.95,-0.9,1.4));
#14467 = VECTOR('',#14468,1.);
#14468 = DIRECTION('',(0.,0.,1.));
#14469 = ORIENTED_EDGE('',*,*,#14470,.T.);
#14470 = EDGE_CURVE('',#14463,#14471,#14473,.T.);
#14471 = VERTEX_POINT('',#14472);
#14472 = CARTESIAN_POINT('',(1.95,-1.3,1.5));
#14473 = LINE('',#14474,#14475);
#14474 = CARTESIAN_POINT('',(1.95,-0.9,1.5));
#14475 = VECTOR('',#14476,1.);
#14476 = DIRECTION('',(0.,-1.,0.));
#14477 = ORIENTED_EDGE('',*,*,#14478,.F.);
#14478 = EDGE_CURVE('',#13639,#14471,#14479,.T.);
#14479 = LINE('',#14480,#14481);
#14480 = CARTESIAN_POINT('',(1.95,-1.3,1.4));
#14481 = VECTOR('',#14482,1.);
#14482 = DIRECTION('',(0.,0.,1.));
#14483 = ORIENTED_EDGE('',*,*,#13646,.F.);
#14484 = PLANE('',#14485);
#14485 = AXIS2_PLACEMENT_3D('',#14486,#14487,#14488);
#14486 = CARTESIAN_POINT('',(1.95,-0.9,1.4));
#14487 = DIRECTION('',(1.,0.,-0.));
#14488 = DIRECTION('',(0.,-1.,0.));
#14489 = ADVANCED_FACE('',(#14490),#14509,.T.);
#14490 = FACE_BOUND('',#14491,.T.);
#14491 = EDGE_LOOP('',(#14492,#14493,#14501,#14507,#14508));
#14492 = ORIENTED_EDGE('',*,*,#13638,.F.);
#14493 = ORIENTED_EDGE('',*,*,#14494,.T.);
#14494 = EDGE_CURVE('',#13639,#14495,#14497,.T.);
#14495 = VERTEX_POINT('',#14496);
#14496 = CARTESIAN_POINT('',(1.3,-1.3,1.4));
#14497 = LINE('',#14498,#14499);
#14498 = CARTESIAN_POINT('',(1.95,-1.3,1.4));
#14499 = VECTOR('',#14500,1.);
#14500 = DIRECTION('',(-1.,0.,0.));
#14501 = ORIENTED_EDGE('',*,*,#14502,.F.);
#14502 = EDGE_CURVE('',#13948,#14495,#14503,.T.);
#14503 = LINE('',#14504,#14505);
#14504 = CARTESIAN_POINT('',(1.3,-1.5,1.4));
#14505 = VECTOR('',#14506,1.);
#14506 = DIRECTION('',(2.22044604925E-16,1.,0.));
#14507 = ORIENTED_EDGE('',*,*,#13957,.F.);
#14508 = ORIENTED_EDGE('',*,*,#13797,.F.);
#14509 = PLANE('',#14510);
#14510 = AXIS2_PLACEMENT_3D('',#14511,#14512,#14513);
#14511 = CARTESIAN_POINT('',(0.,0.,1.4));
#14512 = DIRECTION('',(0.,0.,1.));
#14513 = DIRECTION('',(1.,0.,-0.));
#14514 = ADVANCED_FACE('',(#14515),#14615,.F.);
#14515 = FACE_BOUND('',#14516,.T.);
#14516 = EDGE_LOOP('',(#14517,#14527,#14536,#14544,#14552,#14560,#14568,
    #14576,#14583,#14584,#14585,#14593,#14601,#14609));
#14517 = ORIENTED_EDGE('',*,*,#14518,.T.);
#14518 = EDGE_CURVE('',#14519,#14521,#14523,.T.);
#14519 = VERTEX_POINT('',#14520);
#14520 = CARTESIAN_POINT('',(-1.8,-1.5,0.6));
#14521 = VERTEX_POINT('',#14522);
#14522 = CARTESIAN_POINT('',(-1.8,-1.5,0.3));
#14523 = LINE('',#14524,#14525);
#14524 = CARTESIAN_POINT('',(-1.8,-1.5,0.6));
#14525 = VECTOR('',#14526,1.);
#14526 = DIRECTION('',(0.,0.,-1.));
#14527 = ORIENTED_EDGE('',*,*,#14528,.T.);
#14528 = EDGE_CURVE('',#14521,#14529,#14531,.T.);
#14529 = VERTEX_POINT('',#14530);
#14530 = CARTESIAN_POINT('',(-1.7,-1.5,0.2));
#14531 = CIRCLE('',#14532,0.1);
#14532 = AXIS2_PLACEMENT_3D('',#14533,#14534,#14535);
#14533 = CARTESIAN_POINT('',(-1.7,-1.5,0.3));
#14534 = DIRECTION('',(-2.22044604925E-16,-1.,0.));
#14535 = DIRECTION('',(0.,0.,1.));
#14536 = ORIENTED_EDGE('',*,*,#14537,.T.);
#14537 = EDGE_CURVE('',#14529,#14538,#14540,.T.);
#14538 = VERTEX_POINT('',#14539);
#14539 = CARTESIAN_POINT('',(-0.9,-1.5,0.2));
#14540 = LINE('',#14541,#14542);
#14541 = CARTESIAN_POINT('',(-1.8,-1.5,0.2));
#14542 = VECTOR('',#14543,1.);
#14543 = DIRECTION('',(1.,-2.22044604925E-16,0.));
#14544 = ORIENTED_EDGE('',*,*,#14545,.T.);
#14545 = EDGE_CURVE('',#14538,#14546,#14548,.T.);
#14546 = VERTEX_POINT('',#14547);
#14547 = CARTESIAN_POINT('',(-0.9,-1.5,1.));
#14548 = LINE('',#14549,#14550);
#14549 = CARTESIAN_POINT('',(-0.9,-1.5,0.2));
#14550 = VECTOR('',#14551,1.);
#14551 = DIRECTION('',(0.,0.,1.));
#14552 = ORIENTED_EDGE('',*,*,#14553,.T.);
#14553 = EDGE_CURVE('',#14546,#14554,#14556,.T.);
#14554 = VERTEX_POINT('',#14555);
#14555 = CARTESIAN_POINT('',(0.9,-1.5,1.));
#14556 = LINE('',#14557,#14558);
#14557 = CARTESIAN_POINT('',(-0.9,-1.5,1.));
#14558 = VECTOR('',#14559,1.);
#14559 = DIRECTION('',(1.,-2.22044604925E-16,0.));
#14560 = ORIENTED_EDGE('',*,*,#14561,.F.);
#14561 = EDGE_CURVE('',#14562,#14554,#14564,.T.);
#14562 = VERTEX_POINT('',#14563);
#14563 = CARTESIAN_POINT('',(0.9,-1.5,0.2));
#14564 = LINE('',#14565,#14566);
#14565 = CARTESIAN_POINT('',(0.9,-1.5,0.2));
#14566 = VECTOR('',#14567,1.);
#14567 = DIRECTION('',(0.,0.,1.));
#14568 = ORIENTED_EDGE('',*,*,#14569,.F.);
#14569 = EDGE_CURVE('',#14570,#14562,#14572,.T.);
#14570 = VERTEX_POINT('',#14571);
#14571 = CARTESIAN_POINT('',(1.7,-1.5,0.2));
#14572 = LINE('',#14573,#14574);
#14573 = CARTESIAN_POINT('',(1.8,-1.5,0.2));
#14574 = VECTOR('',#14575,1.);
#14575 = DIRECTION('',(-1.,2.22044604925E-16,0.));
#14576 = ORIENTED_EDGE('',*,*,#14577,.F.);
#14577 = EDGE_CURVE('',#13822,#14570,#14578,.T.);
#14578 = CIRCLE('',#14579,0.1);
#14579 = AXIS2_PLACEMENT_3D('',#14580,#14581,#14582);
#14580 = CARTESIAN_POINT('',(1.7,-1.5,0.3));
#14581 = DIRECTION('',(2.22044604925E-16,1.,-0.));
#14582 = DIRECTION('',(0.,0.,1.));
#14583 = ORIENTED_EDGE('',*,*,#13821,.F.);
#14584 = ORIENTED_EDGE('',*,*,#13781,.T.);
#14585 = ORIENTED_EDGE('',*,*,#14586,.F.);
#14586 = EDGE_CURVE('',#14587,#13782,#14589,.T.);
#14587 = VERTEX_POINT('',#14588);
#14588 = CARTESIAN_POINT('',(1.3,-1.5,1.4));
#14589 = LINE('',#14590,#14591);
#14590 = CARTESIAN_POINT('',(1.3,-1.5,1.4));
#14591 = VECTOR('',#14592,1.);
#14592 = DIRECTION('',(0.,-0.,-1.));
#14593 = ORIENTED_EDGE('',*,*,#14594,.F.);
#14594 = EDGE_CURVE('',#14595,#14587,#14597,.T.);
#14595 = VERTEX_POINT('',#14596);
#14596 = CARTESIAN_POINT('',(-1.3,-1.5,1.4));
#14597 = LINE('',#14598,#14599);
#14598 = CARTESIAN_POINT('',(-1.3,-1.5,1.4));
#14599 = VECTOR('',#14600,1.);
#14600 = DIRECTION('',(1.,-2.22044604925E-16,0.));
#14601 = ORIENTED_EDGE('',*,*,#14602,.T.);
#14602 = EDGE_CURVE('',#14595,#14603,#14605,.T.);
#14603 = VERTEX_POINT('',#14604);
#14604 = CARTESIAN_POINT('',(-1.3,-1.5,0.6));
#14605 = LINE('',#14606,#14607);
#14606 = CARTESIAN_POINT('',(-1.3,-1.5,1.4));
#14607 = VECTOR('',#14608,1.);
#14608 = DIRECTION('',(0.,0.,-1.));
#14609 = ORIENTED_EDGE('',*,*,#14610,.F.);
#14610 = EDGE_CURVE('',#14519,#14603,#14611,.T.);
#14611 = LINE('',#14612,#14613);
#14612 = CARTESIAN_POINT('',(-1.95,-1.5,0.6));
#14613 = VECTOR('',#14614,1.);
#14614 = DIRECTION('',(1.,-2.22044604925E-16,0.));
#14615 = PLANE('',#14616);
#14616 = AXIS2_PLACEMENT_3D('',#14617,#14618,#14619);
#14617 = CARTESIAN_POINT('',(-0.953333333333,-1.5,0.853333333333));
#14618 = DIRECTION('',(2.22044604925E-16,1.,0.));
#14619 = DIRECTION('',(0.,-0.,1.));
#14620 = ADVANCED_FACE('',(#14621),#14650,.T.);
#14621 = FACE_BOUND('',#14622,.T.);
#14622 = EDGE_LOOP('',(#14623,#14624,#14632,#14640,#14647,#14648,#14649)
  );
#14623 = ORIENTED_EDGE('',*,*,#14502,.T.);
#14624 = ORIENTED_EDGE('',*,*,#14625,.T.);
#14625 = EDGE_CURVE('',#14495,#14626,#14628,.T.);
#14626 = VERTEX_POINT('',#14627);
#14627 = CARTESIAN_POINT('',(1.3,-1.3,1.5));
#14628 = LINE('',#14629,#14630);
#14629 = CARTESIAN_POINT('',(1.3,-1.3,1.4));
#14630 = VECTOR('',#14631,1.);
#14631 = DIRECTION('',(0.,0.,1.));
#14632 = ORIENTED_EDGE('',*,*,#14633,.T.);
#14633 = EDGE_CURVE('',#14626,#14634,#14636,.T.);
#14634 = VERTEX_POINT('',#14635);
#14635 = CARTESIAN_POINT('',(1.3,-1.4,1.5));
#14636 = LINE('',#14637,#14638);
#14637 = CARTESIAN_POINT('',(1.3,-1.3,1.5));
#14638 = VECTOR('',#14639,1.);
#14639 = DIRECTION('',(-2.22044604925E-16,-1.,0.));
#14640 = ORIENTED_EDGE('',*,*,#14641,.T.);
#14641 = EDGE_CURVE('',#14634,#14587,#14642,.T.);
#14642 = CIRCLE('',#14643,0.1);
#14643 = AXIS2_PLACEMENT_3D('',#14644,#14645,#14646);
#14644 = CARTESIAN_POINT('',(1.3,-1.4,1.4));
#14645 = DIRECTION('',(1.,-2.22044604925E-16,0.));
#14646 = DIRECTION('',(-4.93038065763E-31,-2.22044604925E-15,1.));
#14647 = ORIENTED_EDGE('',*,*,#14586,.T.);
#14648 = ORIENTED_EDGE('',*,*,#13789,.T.);
#14649 = ORIENTED_EDGE('',*,*,#13957,.T.);
#14650 = PLANE('',#14651);
#14651 = AXIS2_PLACEMENT_3D('',#14652,#14653,#14654);
#14652 = CARTESIAN_POINT('',(1.3,-1.390382092219,1.44440777772));
#14653 = DIRECTION('',(1.,-2.22044604925E-16,0.));
#14654 = DIRECTION('',(0.,0.,1.));
#14655 = ADVANCED_FACE('',(#14656),#14667,.T.);
#14656 = FACE_BOUND('',#14657,.T.);
#14657 = EDGE_LOOP('',(#14658,#14659,#14660,#14666));
#14658 = ORIENTED_EDGE('',*,*,#13829,.T.);
#14659 = ORIENTED_EDGE('',*,*,#14577,.T.);
#14660 = ORIENTED_EDGE('',*,*,#14661,.F.);
#14661 = EDGE_CURVE('',#13895,#14570,#14662,.T.);
#14662 = LINE('',#14663,#14664);
#14663 = CARTESIAN_POINT('',(1.7,-1.4,0.2));
#14664 = VECTOR('',#14665,1.);
#14665 = DIRECTION('',(-2.22044604925E-16,-1.,0.));
#14666 = ORIENTED_EDGE('',*,*,#13902,.F.);
#14667 = CYLINDRICAL_SURFACE('',#14668,0.1);
#14668 = AXIS2_PLACEMENT_3D('',#14669,#14670,#14671);
#14669 = CARTESIAN_POINT('',(1.7,-1.4,0.3));
#14670 = DIRECTION('',(-2.22044604925E-16,-1.,0.));
#14671 = DIRECTION('',(1.,-2.22044604925E-16,0.));
#14672 = ADVANCED_FACE('',(#14673),#14689,.T.);
#14673 = FACE_BOUND('',#14674,.F.);
#14674 = EDGE_LOOP('',(#14675,#14676,#14682,#14683));
#14675 = ORIENTED_EDGE('',*,*,#13843,.F.);
#14676 = ORIENTED_EDGE('',*,*,#14677,.T.);
#14677 = EDGE_CURVE('',#13844,#14519,#14678,.T.);
#14678 = LINE('',#14679,#14680);
#14679 = CARTESIAN_POINT('',(-1.8,-1.4,0.6));
#14680 = VECTOR('',#14681,1.);
#14681 = DIRECTION('',(-2.22044604925E-16,-1.,0.));
#14682 = ORIENTED_EDGE('',*,*,#14518,.T.);
#14683 = ORIENTED_EDGE('',*,*,#14684,.F.);
#14684 = EDGE_CURVE('',#13846,#14521,#14685,.T.);
#14685 = LINE('',#14686,#14687);
#14686 = CARTESIAN_POINT('',(-1.8,-1.4,0.3));
#14687 = VECTOR('',#14688,1.);
#14688 = DIRECTION('',(-2.22044604925E-16,-1.,0.));
#14689 = PLANE('',#14690);
#14690 = AXIS2_PLACEMENT_3D('',#14691,#14692,#14693);
#14691 = CARTESIAN_POINT('',(-1.8,-1.4,0.6));
#14692 = DIRECTION('',(-1.,2.22044604925E-16,-0.));
#14693 = DIRECTION('',(0.,0.,1.));
#14694 = ADVANCED_FACE('',(#14695),#14706,.T.);
#14695 = FACE_BOUND('',#14696,.T.);
#14696 = EDGE_LOOP('',(#14697,#14698,#14704,#14705));
#14697 = ORIENTED_EDGE('',*,*,#13853,.T.);
#14698 = ORIENTED_EDGE('',*,*,#14699,.T.);
#14699 = EDGE_CURVE('',#13854,#14529,#14700,.T.);
#14700 = LINE('',#14701,#14702);
#14701 = CARTESIAN_POINT('',(-1.7,-1.4,0.2));
#14702 = VECTOR('',#14703,1.);
#14703 = DIRECTION('',(-2.22044604925E-16,-1.,0.));
#14704 = ORIENTED_EDGE('',*,*,#14528,.F.);
#14705 = ORIENTED_EDGE('',*,*,#14684,.F.);
#14706 = CYLINDRICAL_SURFACE('',#14707,0.1);
#14707 = AXIS2_PLACEMENT_3D('',#14708,#14709,#14710);
#14708 = CARTESIAN_POINT('',(-1.7,-1.4,0.3));
#14709 = DIRECTION('',(-2.22044604925E-16,-1.,0.));
#14710 = DIRECTION('',(-1.,2.22044604925E-16,0.));
#14711 = ADVANCED_FACE('',(#14712),#14723,.T.);
#14712 = FACE_BOUND('',#14713,.F.);
#14713 = EDGE_LOOP('',(#14714,#14715,#14716,#14717));
#14714 = ORIENTED_EDGE('',*,*,#13862,.F.);
#14715 = ORIENTED_EDGE('',*,*,#14699,.T.);
#14716 = ORIENTED_EDGE('',*,*,#14537,.T.);
#14717 = ORIENTED_EDGE('',*,*,#14718,.F.);
#14718 = EDGE_CURVE('',#13863,#14538,#14719,.T.);
#14719 = LINE('',#14720,#14721);
#14720 = CARTESIAN_POINT('',(-0.9,-1.4,0.2));
#14721 = VECTOR('',#14722,1.);
#14722 = DIRECTION('',(-2.22044604925E-16,-1.,0.));
#14723 = PLANE('',#14724);
#14724 = AXIS2_PLACEMENT_3D('',#14725,#14726,#14727);
#14725 = CARTESIAN_POINT('',(-1.8,-1.4,0.2));
#14726 = DIRECTION('',(0.,0.,-1.));
#14727 = DIRECTION('',(-1.,2.22044604925E-16,0.));
#14728 = ADVANCED_FACE('',(#14729),#14740,.T.);
#14729 = FACE_BOUND('',#14730,.F.);
#14730 = EDGE_LOOP('',(#14731,#14732,#14733,#14739));
#14731 = ORIENTED_EDGE('',*,*,#14718,.T.);
#14732 = ORIENTED_EDGE('',*,*,#14545,.T.);
#14733 = ORIENTED_EDGE('',*,*,#14734,.F.);
#14734 = EDGE_CURVE('',#13871,#14546,#14735,.T.);
#14735 = LINE('',#14736,#14737);
#14736 = CARTESIAN_POINT('',(-0.9,-1.4,1.));
#14737 = VECTOR('',#14738,1.);
#14738 = DIRECTION('',(-2.22044604925E-16,-1.,0.));
#14739 = ORIENTED_EDGE('',*,*,#13870,.F.);
#14740 = PLANE('',#14741);
#14741 = AXIS2_PLACEMENT_3D('',#14742,#14743,#14744);
#14742 = CARTESIAN_POINT('',(-0.9,-1.4,0.2));
#14743 = DIRECTION('',(1.,-2.22044604925E-16,0.));
#14744 = DIRECTION('',(0.,-0.,-1.));
#14745 = ADVANCED_FACE('',(#14746),#14757,.T.);
#14746 = FACE_BOUND('',#14747,.F.);
#14747 = EDGE_LOOP('',(#14748,#14749,#14750,#14756));
#14748 = ORIENTED_EDGE('',*,*,#14734,.T.);
#14749 = ORIENTED_EDGE('',*,*,#14553,.T.);
#14750 = ORIENTED_EDGE('',*,*,#14751,.F.);
#14751 = EDGE_CURVE('',#13879,#14554,#14752,.T.);
#14752 = LINE('',#14753,#14754);
#14753 = CARTESIAN_POINT('',(0.9,-1.4,1.));
#14754 = VECTOR('',#14755,1.);
#14755 = DIRECTION('',(-2.22044604925E-16,-1.,0.));
#14756 = ORIENTED_EDGE('',*,*,#13878,.T.);
#14757 = PLANE('',#14758);
#14758 = AXIS2_PLACEMENT_3D('',#14759,#14760,#14761);
#14759 = CARTESIAN_POINT('',(-0.9,-1.4,1.));
#14760 = DIRECTION('',(0.,0.,-1.));
#14761 = DIRECTION('',(-1.,2.22044604925E-16,0.));
#14762 = ADVANCED_FACE('',(#14763),#14774,.T.);
#14763 = FACE_BOUND('',#14764,.T.);
#14764 = EDGE_LOOP('',(#14765,#14771,#14772,#14773));
#14765 = ORIENTED_EDGE('',*,*,#14766,.T.);
#14766 = EDGE_CURVE('',#13887,#14562,#14767,.T.);
#14767 = LINE('',#14768,#14769);
#14768 = CARTESIAN_POINT('',(0.9,-1.4,0.2));
#14769 = VECTOR('',#14770,1.);
#14770 = DIRECTION('',(-2.22044604925E-16,-1.,0.));
#14771 = ORIENTED_EDGE('',*,*,#14561,.T.);
#14772 = ORIENTED_EDGE('',*,*,#14751,.F.);
#14773 = ORIENTED_EDGE('',*,*,#13886,.F.);
#14774 = PLANE('',#14775);
#14775 = AXIS2_PLACEMENT_3D('',#14776,#14777,#14778);
#14776 = CARTESIAN_POINT('',(0.9,-1.4,0.2));
#14777 = DIRECTION('',(-1.,2.22044604925E-16,0.));
#14778 = DIRECTION('',(0.,0.,1.));
#14779 = ADVANCED_FACE('',(#14780),#14786,.T.);
#14780 = FACE_BOUND('',#14781,.T.);
#14781 = EDGE_LOOP('',(#14782,#14783,#14784,#14785));
#14782 = ORIENTED_EDGE('',*,*,#13894,.F.);
#14783 = ORIENTED_EDGE('',*,*,#14661,.T.);
#14784 = ORIENTED_EDGE('',*,*,#14569,.T.);
#14785 = ORIENTED_EDGE('',*,*,#14766,.F.);
#14786 = PLANE('',#14787);
#14787 = AXIS2_PLACEMENT_3D('',#14788,#14789,#14790);
#14788 = CARTESIAN_POINT('',(1.8,-1.4,0.2));
#14789 = DIRECTION('',(0.,-0.,-1.));
#14790 = DIRECTION('',(-1.,2.22044604925E-16,-0.));
#14791 = ADVANCED_FACE('',(#14792),#14803,.T.);
#14792 = FACE_BOUND('',#14793,.F.);
#14793 = EDGE_LOOP('',(#14794,#14795,#14801,#14802));
#14794 = ORIENTED_EDGE('',*,*,#14003,.F.);
#14795 = ORIENTED_EDGE('',*,*,#14796,.F.);
#14796 = EDGE_CURVE('',#13918,#13996,#14797,.T.);
#14797 = LINE('',#14798,#14799);
#14798 = CARTESIAN_POINT('',(-1.3,-1.4,1.4));
#14799 = VECTOR('',#14800,1.);
#14800 = DIRECTION('',(2.22044604925E-16,1.,-0.));
#14801 = ORIENTED_EDGE('',*,*,#13917,.F.);
#14802 = ORIENTED_EDGE('',*,*,#13957,.T.);
#14803 = PLANE('',#14804);
#14804 = AXIS2_PLACEMENT_3D('',#14805,#14806,#14807);
#14805 = CARTESIAN_POINT('',(-1.85,-1.1,1.4));
#14806 = DIRECTION('',(0.,-0.,-1.));
#14807 = DIRECTION('',(-1.,-0.,0.));
#14808 = ADVANCED_FACE('',(#14809),#14820,.T.);
#14809 = FACE_BOUND('',#14810,.F.);
#14810 = EDGE_LOOP('',(#14811,#14812,#14818,#14819));
#14811 = ORIENTED_EDGE('',*,*,#13995,.T.);
#14812 = ORIENTED_EDGE('',*,*,#14813,.T.);
#14813 = EDGE_CURVE('',#13988,#13926,#14814,.T.);
#14814 = LINE('',#14815,#14816);
#14815 = CARTESIAN_POINT('',(-1.3,-1.35,0.6));
#14816 = VECTOR('',#14817,1.);
#14817 = DIRECTION('',(-2.22044604925E-16,-1.,0.));
#14818 = ORIENTED_EDGE('',*,*,#13925,.F.);
#14819 = ORIENTED_EDGE('',*,*,#14796,.T.);
#14820 = PLANE('',#14821);
#14821 = AXIS2_PLACEMENT_3D('',#14822,#14823,#14824);
#14822 = CARTESIAN_POINT('',(-1.3,-1.401556443707,0.977854374266));
#14823 = DIRECTION('',(1.,-2.22044604925E-16,0.));
#14824 = DIRECTION('',(-0.,0.,1.));
#14825 = ADVANCED_FACE('',(#14826),#14846,.F.);
#14826 = FACE_BOUND('',#14827,.T.);
#14827 = EDGE_LOOP('',(#14828,#14836,#14837,#14838,#14839,#14840));
#14828 = ORIENTED_EDGE('',*,*,#14829,.F.);
#14829 = EDGE_CURVE('',#13980,#14830,#14832,.T.);
#14830 = VERTEX_POINT('',#14831);
#14831 = CARTESIAN_POINT('',(-1.95,-1.5,0.6));
#14832 = LINE('',#14833,#14834);
#14833 = CARTESIAN_POINT('',(-1.95,-1.35,0.6));
#14834 = VECTOR('',#14835,1.);
#14835 = DIRECTION('',(-2.22044604925E-16,-1.,0.));
#14836 = ORIENTED_EDGE('',*,*,#13987,.T.);
#14837 = ORIENTED_EDGE('',*,*,#14813,.T.);
#14838 = ORIENTED_EDGE('',*,*,#13933,.T.);
#14839 = ORIENTED_EDGE('',*,*,#14677,.T.);
#14840 = ORIENTED_EDGE('',*,*,#14841,.F.);
#14841 = EDGE_CURVE('',#14830,#14519,#14842,.T.);
#14842 = LINE('',#14843,#14844);
#14843 = CARTESIAN_POINT('',(-1.95,-1.5,0.6));
#14844 = VECTOR('',#14845,1.);
#14845 = DIRECTION('',(1.,-2.22044604925E-16,0.));
#14846 = PLANE('',#14847);
#14847 = AXIS2_PLACEMENT_3D('',#14848,#14849,#14850);
#14848 = CARTESIAN_POINT('',(-1.95,-1.35,0.6));
#14849 = DIRECTION('',(0.,0.,1.));
#14850 = DIRECTION('',(2.22044604925E-16,1.,-0.));
#14851 = ADVANCED_FACE('',(#14852),#14975,.F.);
#14852 = FACE_BOUND('',#14853,.F.);
#14853 = EDGE_LOOP('',(#14854,#14855,#14863,#14871,#14879,#14887,#14895,
    #14903,#14911,#14919,#14927,#14935,#14943,#14949,#14950,#14951,
    #14952,#14960,#14968,#14974));
#14854 = ORIENTED_EDGE('',*,*,#14220,.T.);
#14855 = ORIENTED_EDGE('',*,*,#14856,.T.);
#14856 = EDGE_CURVE('',#14213,#14857,#14859,.T.);
#14857 = VERTEX_POINT('',#14858);
#14858 = CARTESIAN_POINT('',(-1.95,1.5,0.6));
#14859 = LINE('',#14860,#14861);
#14860 = CARTESIAN_POINT('',(-1.95,1.35,0.6));
#14861 = VECTOR('',#14862,1.);
#14862 = DIRECTION('',(1.110223024625E-16,1.,0.));
#14863 = ORIENTED_EDGE('',*,*,#14864,.T.);
#14864 = EDGE_CURVE('',#14857,#14865,#14867,.T.);
#14865 = VERTEX_POINT('',#14866);
#14866 = CARTESIAN_POINT('',(-1.95,1.4,1.4));
#14867 = LINE('',#14868,#14869);
#14868 = CARTESIAN_POINT('',(-1.95,1.5,0.6));
#14869 = VECTOR('',#14870,1.);
#14870 = DIRECTION('',(-1.377062181942E-17,-0.124034734589,
    0.992277876714));
#14871 = ORIENTED_EDGE('',*,*,#14872,.F.);
#14872 = EDGE_CURVE('',#14873,#14865,#14875,.T.);
#14873 = VERTEX_POINT('',#14874);
#14874 = CARTESIAN_POINT('',(-1.95,1.3,1.4));
#14875 = LINE('',#14876,#14877);
#14876 = CARTESIAN_POINT('',(-1.95,0.375,1.4));
#14877 = VECTOR('',#14878,1.);
#14878 = DIRECTION('',(2.166288828537E-16,1.,0.));
#14879 = ORIENTED_EDGE('',*,*,#14880,.T.);
#14880 = EDGE_CURVE('',#14873,#14881,#14883,.T.);
#14881 = VERTEX_POINT('',#14882);
#14882 = CARTESIAN_POINT('',(-1.95,0.9,1.4));
#14883 = LINE('',#14884,#14885);
#14884 = CARTESIAN_POINT('',(-1.95,1.3,1.4));
#14885 = VECTOR('',#14886,1.);
#14886 = DIRECTION('',(-0.,-1.,-0.));
#14887 = ORIENTED_EDGE('',*,*,#14888,.F.);
#14888 = EDGE_CURVE('',#14889,#14881,#14891,.T.);
#14889 = VERTEX_POINT('',#14890);
#14890 = CARTESIAN_POINT('',(-1.95,0.375,1.4));
#14891 = LINE('',#14892,#14893);
#14892 = CARTESIAN_POINT('',(-1.95,0.375,1.4));
#14893 = VECTOR('',#14894,1.);
#14894 = DIRECTION('',(2.166288828537E-16,1.,0.));
#14895 = ORIENTED_EDGE('',*,*,#14896,.T.);
#14896 = EDGE_CURVE('',#14889,#14897,#14899,.T.);
#14897 = VERTEX_POINT('',#14898);
#14898 = CARTESIAN_POINT('',(-1.95,0.375,1.));
#14899 = LINE('',#14900,#14901);
#14900 = CARTESIAN_POINT('',(-1.95,0.375,1.5));
#14901 = VECTOR('',#14902,1.);
#14902 = DIRECTION('',(-0.,0.,-1.));
#14903 = ORIENTED_EDGE('',*,*,#14904,.T.);
#14904 = EDGE_CURVE('',#14897,#14905,#14907,.T.);
#14905 = VERTEX_POINT('',#14906);
#14906 = CARTESIAN_POINT('',(-1.95,-0.375,1.));
#14907 = LINE('',#14908,#14909);
#14908 = CARTESIAN_POINT('',(-1.95,0.375,1.));
#14909 = VECTOR('',#14910,1.);
#14910 = DIRECTION('',(-1.224646799147E-16,-1.,0.));
#14911 = ORIENTED_EDGE('',*,*,#14912,.T.);
#14912 = EDGE_CURVE('',#14905,#14913,#14915,.T.);
#14913 = VERTEX_POINT('',#14914);
#14914 = CARTESIAN_POINT('',(-1.95,-0.375,1.4));
#14915 = LINE('',#14916,#14917);
#14916 = CARTESIAN_POINT('',(-1.95,-0.375,1.));
#14917 = VECTOR('',#14918,1.);
#14918 = DIRECTION('',(0.,0.,1.));
#14919 = ORIENTED_EDGE('',*,*,#14920,.T.);
#14920 = EDGE_CURVE('',#14913,#14921,#14923,.T.);
#14921 = VERTEX_POINT('',#14922);
#14922 = CARTESIAN_POINT('',(-1.95,-0.9,1.4));
#14923 = LINE('',#14924,#14925);
#14924 = CARTESIAN_POINT('',(-1.95,-0.375,1.4));
#14925 = VECTOR('',#14926,1.);
#14926 = DIRECTION('',(-2.166288828537E-16,-1.,0.));
#14927 = ORIENTED_EDGE('',*,*,#14928,.T.);
#14928 = EDGE_CURVE('',#14921,#14929,#14931,.T.);
#14929 = VERTEX_POINT('',#14930);
#14930 = CARTESIAN_POINT('',(-1.95,-1.3,1.4));
#14931 = LINE('',#14932,#14933);
#14932 = CARTESIAN_POINT('',(-1.95,-0.9,1.4));
#14933 = VECTOR('',#14934,1.);
#14934 = DIRECTION('',(-0.,-1.,-0.));
#14935 = ORIENTED_EDGE('',*,*,#14936,.T.);
#14936 = EDGE_CURVE('',#14929,#14937,#14939,.T.);
#14937 = VERTEX_POINT('',#14938);
#14938 = CARTESIAN_POINT('',(-1.95,-1.4,1.4));
#14939 = LINE('',#14940,#14941);
#14940 = CARTESIAN_POINT('',(-1.95,-0.375,1.4));
#14941 = VECTOR('',#14942,1.);
#14942 = DIRECTION('',(-2.166288828537E-16,-1.,0.));
#14943 = ORIENTED_EDGE('',*,*,#14944,.F.);
#14944 = EDGE_CURVE('',#14830,#14937,#14945,.T.);
#14945 = LINE('',#14946,#14947);
#14946 = CARTESIAN_POINT('',(-1.95,-1.5,0.6));
#14947 = VECTOR('',#14948,1.);
#14948 = DIRECTION('',(2.754124363883E-17,0.124034734589,0.992277876714)
  );
#14949 = ORIENTED_EDGE('',*,*,#14829,.F.);
#14950 = ORIENTED_EDGE('',*,*,#13979,.F.);
#14951 = ORIENTED_EDGE('',*,*,#14030,.F.);
#14952 = ORIENTED_EDGE('',*,*,#14953,.T.);
#14953 = EDGE_CURVE('',#14021,#14954,#14956,.T.);
#14954 = VERTEX_POINT('',#14955);
#14955 = CARTESIAN_POINT('',(-1.95,-0.65,0.1));
#14956 = LINE('',#14957,#14958);
#14957 = CARTESIAN_POINT('',(-1.95,-0.65,0.488927187133));
#14958 = VECTOR('',#14959,1.);
#14959 = DIRECTION('',(0.,-0.,1.));
#14960 = ORIENTED_EDGE('',*,*,#14961,.F.);
#14961 = EDGE_CURVE('',#14962,#14954,#14964,.T.);
#14962 = VERTEX_POINT('',#14963);
#14963 = CARTESIAN_POINT('',(-1.95,0.65,0.1));
#14964 = LINE('',#14965,#14966);
#14965 = CARTESIAN_POINT('',(-1.95,0.700778221854,0.1));
#14966 = VECTOR('',#14967,1.);
#14967 = DIRECTION('',(-1.110223024625E-16,-1.,0.));
#14968 = ORIENTED_EDGE('',*,*,#14969,.T.);
#14969 = EDGE_CURVE('',#14962,#14070,#14970,.T.);
#14970 = LINE('',#14971,#14972);
#14971 = CARTESIAN_POINT('',(-1.95,0.65,0.488927187133));
#14972 = VECTOR('',#14973,1.);
#14973 = DIRECTION('',(-0.,0.,-1.));
#14974 = ORIENTED_EDGE('',*,*,#14069,.F.);
#14975 = PLANE('',#14976);
#14976 = AXIS2_PLACEMENT_3D('',#14977,#14978,#14979);
#14977 = CARTESIAN_POINT('',(-1.95,1.401556443707,0.977854374266));
#14978 = DIRECTION('',(1.,-1.110223024625E-16,-0.));
#14979 = DIRECTION('',(0.,0.,-1.));
#14980 = ADVANCED_FACE('',(#14981),#15008,.F.);
#14981 = FACE_BOUND('',#14982,.F.);
#14982 = EDGE_LOOP('',(#14983,#14984,#14992,#15000,#15006,#15007));
#14983 = ORIENTED_EDGE('',*,*,#14077,.T.);
#14984 = ORIENTED_EDGE('',*,*,#14985,.T.);
#14985 = EDGE_CURVE('',#14070,#14986,#14988,.T.);
#14986 = VERTEX_POINT('',#14987);
#14987 = CARTESIAN_POINT('',(-2.5,0.65,0.));
#14988 = LINE('',#14989,#14990);
#14989 = CARTESIAN_POINT('',(-1.85,0.65,0.));
#14990 = VECTOR('',#14991,1.);
#14991 = DIRECTION('',(-1.,1.224646799147E-16,0.));
#14992 = ORIENTED_EDGE('',*,*,#14993,.T.);
#14993 = EDGE_CURVE('',#14986,#14994,#14996,.T.);
#14994 = VERTEX_POINT('',#14995);
#14995 = CARTESIAN_POINT('',(-2.5,-0.65,0.));
#14996 = LINE('',#14997,#14998);
#14997 = CARTESIAN_POINT('',(-2.5,0.65,0.));
#14998 = VECTOR('',#14999,1.);
#14999 = DIRECTION('',(-1.224646799147E-16,-1.,0.));
#15000 = ORIENTED_EDGE('',*,*,#15001,.T.);
#15001 = EDGE_CURVE('',#14994,#14021,#15002,.T.);
#15002 = LINE('',#15003,#15004);
#15003 = CARTESIAN_POINT('',(-2.5,-0.65,0.));
#15004 = VECTOR('',#15005,1.);
#15005 = DIRECTION('',(1.,-1.224646799147E-16,0.));
#15006 = ORIENTED_EDGE('',*,*,#14020,.T.);
#15007 = ORIENTED_EDGE('',*,*,#14085,.T.);
#15008 = PLANE('',#15009);
#15009 = AXIS2_PLACEMENT_3D('',#15010,#15011,#15012);
#15010 = CARTESIAN_POINT('',(-2.175,-3.980102097229E-17,0.));
#15011 = DIRECTION('',(0.,0.,1.));
#15012 = DIRECTION('',(-1.,1.224646799147E-16,0.));
#15013 = ADVANCED_FACE('',(#15014),#15027,.F.);
#15014 = FACE_BOUND('',#15015,.F.);
#15015 = EDGE_LOOP('',(#15016,#15017,#15018,#15024,#15025,#15026));
#15016 = ORIENTED_EDGE('',*,*,#14038,.T.);
#15017 = ORIENTED_EDGE('',*,*,#14099,.T.);
#15018 = ORIENTED_EDGE('',*,*,#15019,.T.);
#15019 = EDGE_CURVE('',#14100,#14155,#15020,.T.);
#15020 = LINE('',#15021,#15022);
#15021 = CARTESIAN_POINT('',(2.5,-0.65,0.));
#15022 = VECTOR('',#15023,1.);
#15023 = DIRECTION('',(0.,1.,0.));
#15024 = ORIENTED_EDGE('',*,*,#14154,.T.);
#15025 = ORIENTED_EDGE('',*,*,#14054,.T.);
#15026 = ORIENTED_EDGE('',*,*,#14046,.T.);
#15027 = PLANE('',#15028);
#15028 = AXIS2_PLACEMENT_3D('',#15029,#15030,#15031);
#15029 = CARTESIAN_POINT('',(2.175,0.,0.));
#15030 = DIRECTION('',(0.,0.,1.));
#15031 = DIRECTION('',(1.,0.,-0.));
#15032 = ADVANCED_FACE('',(#15033),#15039,.F.);
#15033 = FACE_BOUND('',#15034,.F.);
#15034 = EDGE_LOOP('',(#15035,#15036,#15037,#15038));
#15035 = ORIENTED_EDGE('',*,*,#14116,.T.);
#15036 = ORIENTED_EDGE('',*,*,#14132,.T.);
#15037 = ORIENTED_EDGE('',*,*,#14162,.F.);
#15038 = ORIENTED_EDGE('',*,*,#15019,.F.);
#15039 = PLANE('',#15040);
#15040 = AXIS2_PLACEMENT_3D('',#15041,#15042,#15043);
#15041 = CARTESIAN_POINT('',(2.5,-0.65,0.));
#15042 = DIRECTION('',(-1.,0.,0.));
#15043 = DIRECTION('',(0.,1.,0.));
#15044 = ADVANCED_FACE('',(#15045),#15079,.F.);
#15045 = FACE_BOUND('',#15046,.F.);
#15046 = EDGE_LOOP('',(#15047,#15048,#15049,#15057,#15065,#15073));
#15047 = ORIENTED_EDGE('',*,*,#14856,.F.);
#15048 = ORIENTED_EDGE('',*,*,#14212,.T.);
#15049 = ORIENTED_EDGE('',*,*,#15050,.T.);
#15050 = EDGE_CURVE('',#14205,#15051,#15053,.T.);
#15051 = VERTEX_POINT('',#15052);
#15052 = CARTESIAN_POINT('',(-1.3,1.4,0.6));
#15053 = LINE('',#15054,#15055);
#15054 = CARTESIAN_POINT('',(-1.3,1.35,0.6));
#15055 = VECTOR('',#15056,1.);
#15056 = DIRECTION('',(1.110223024625E-16,1.,0.));
#15057 = ORIENTED_EDGE('',*,*,#15058,.T.);
#15058 = EDGE_CURVE('',#15051,#15059,#15061,.T.);
#15059 = VERTEX_POINT('',#15060);
#15060 = CARTESIAN_POINT('',(-1.8,1.4,0.6));
#15061 = LINE('',#15062,#15063);
#15062 = CARTESIAN_POINT('',(-1.3,1.4,0.6));
#15063 = VECTOR('',#15064,1.);
#15064 = DIRECTION('',(-1.,1.110223024625E-16,0.));
#15065 = ORIENTED_EDGE('',*,*,#15066,.T.);
#15066 = EDGE_CURVE('',#15059,#15067,#15069,.T.);
#15067 = VERTEX_POINT('',#15068);
#15068 = CARTESIAN_POINT('',(-1.8,1.5,0.6));
#15069 = LINE('',#15070,#15071);
#15070 = CARTESIAN_POINT('',(-1.8,1.4,0.6));
#15071 = VECTOR('',#15072,1.);
#15072 = DIRECTION('',(1.110223024625E-16,1.,0.));
#15073 = ORIENTED_EDGE('',*,*,#15074,.F.);
#15074 = EDGE_CURVE('',#14857,#15067,#15075,.T.);
#15075 = LINE('',#15076,#15077);
#15076 = CARTESIAN_POINT('',(-1.95,1.5,0.6));
#15077 = VECTOR('',#15078,1.);
#15078 = DIRECTION('',(1.,-1.110223024625E-16,0.));
#15079 = PLANE('',#15080);
#15080 = AXIS2_PLACEMENT_3D('',#15081,#15082,#15083);
#15081 = CARTESIAN_POINT('',(-1.95,1.35,0.6));
#15082 = DIRECTION('',(0.,0.,1.));
#15083 = DIRECTION('',(1.110223024625E-16,1.,-0.));
#15084 = ADVANCED_FACE('',(#15085),#15103,.T.);
#15085 = FACE_BOUND('',#15086,.T.);
#15086 = EDGE_LOOP('',(#15087,#15088,#15089,#15097));
#15087 = ORIENTED_EDGE('',*,*,#14204,.T.);
#15088 = ORIENTED_EDGE('',*,*,#15050,.T.);
#15089 = ORIENTED_EDGE('',*,*,#15090,.F.);
#15090 = EDGE_CURVE('',#15091,#15051,#15093,.T.);
#15091 = VERTEX_POINT('',#15092);
#15092 = CARTESIAN_POINT('',(-1.3,1.4,1.4));
#15093 = LINE('',#15094,#15095);
#15094 = CARTESIAN_POINT('',(-1.3,1.4,1.4));
#15095 = VECTOR('',#15096,1.);
#15096 = DIRECTION('',(0.,0.,-1.));
#15097 = ORIENTED_EDGE('',*,*,#15098,.T.);
#15098 = EDGE_CURVE('',#15091,#14197,#15099,.T.);
#15099 = LINE('',#15100,#15101);
#15100 = CARTESIAN_POINT('',(-1.3,1.4,1.4));
#15101 = VECTOR('',#15102,1.);
#15102 = DIRECTION('',(-1.110223024625E-16,-1.,0.));
#15103 = PLANE('',#15104);
#15104 = AXIS2_PLACEMENT_3D('',#15105,#15106,#15107);
#15105 = CARTESIAN_POINT('',(-1.3,1.401556443707,0.977854374266));
#15106 = DIRECTION('',(1.,-1.110223024625E-16,-0.));
#15107 = DIRECTION('',(0.,0.,-1.));
#15108 = ADVANCED_FACE('',(#15109),#15120,.T.);
#15109 = FACE_BOUND('',#15110,.F.);
#15110 = EDGE_LOOP('',(#15111,#15112,#15113,#15114));
#15111 = ORIENTED_EDGE('',*,*,#15098,.T.);
#15112 = ORIENTED_EDGE('',*,*,#14196,.F.);
#15113 = ORIENTED_EDGE('',*,*,#14376,.F.);
#15114 = ORIENTED_EDGE('',*,*,#15115,.F.);
#15115 = EDGE_CURVE('',#15091,#14284,#15116,.T.);
#15116 = LINE('',#15117,#15118);
#15117 = CARTESIAN_POINT('',(-1.3,1.4,1.4));
#15118 = VECTOR('',#15119,1.);
#15119 = DIRECTION('',(1.,-1.110223024625E-16,0.));
#15120 = PLANE('',#15121);
#15121 = AXIS2_PLACEMENT_3D('',#15122,#15123,#15124);
#15122 = CARTESIAN_POINT('',(-1.85,-1.1,1.4));
#15123 = DIRECTION('',(0.,-0.,-1.));
#15124 = DIRECTION('',(-1.,-0.,0.));
#15125 = ADVANCED_FACE('',(#15126),#15137,.T.);
#15126 = FACE_BOUND('',#15127,.F.);
#15127 = EDGE_LOOP('',(#15128,#15129,#15130,#15136));
#15128 = ORIENTED_EDGE('',*,*,#14188,.T.);
#15129 = ORIENTED_EDGE('',*,*,#14236,.T.);
#15130 = ORIENTED_EDGE('',*,*,#15131,.F.);
#15131 = EDGE_CURVE('',#14284,#14237,#15132,.T.);
#15132 = LINE('',#15133,#15134);
#15133 = CARTESIAN_POINT('',(1.3,1.4,1.4));
#15134 = VECTOR('',#15135,1.);
#15135 = DIRECTION('',(0.,-0.,-1.));
#15136 = ORIENTED_EDGE('',*,*,#14376,.T.);
#15137 = PLANE('',#15138);
#15138 = AXIS2_PLACEMENT_3D('',#15139,#15140,#15141);
#15139 = CARTESIAN_POINT('',(1.3,1.401556443707,0.977854374266));
#15140 = DIRECTION('',(-1.,1.110223024625E-16,0.));
#15141 = DIRECTION('',(0.,0.,1.));
#15142 = ADVANCED_FACE('',(#15143),#15168,.T.);
#15143 = FACE_BOUND('',#15144,.F.);
#15144 = EDGE_LOOP('',(#15145,#15153,#15154,#15162));
#15145 = ORIENTED_EDGE('',*,*,#15146,.F.);
#15146 = EDGE_CURVE('',#14245,#15147,#15149,.T.);
#15147 = VERTEX_POINT('',#15148);
#15148 = CARTESIAN_POINT('',(1.8,1.4,0.3));
#15149 = LINE('',#15150,#15151);
#15150 = CARTESIAN_POINT('',(1.8,1.4,0.6));
#15151 = VECTOR('',#15152,1.);
#15152 = DIRECTION('',(0.,-0.,-1.));
#15153 = ORIENTED_EDGE('',*,*,#14252,.T.);
#15154 = ORIENTED_EDGE('',*,*,#15155,.T.);
#15155 = EDGE_CURVE('',#14253,#15156,#15158,.T.);
#15156 = VERTEX_POINT('',#15157);
#15157 = CARTESIAN_POINT('',(1.8,1.5,0.3));
#15158 = LINE('',#15159,#15160);
#15159 = CARTESIAN_POINT('',(1.8,1.5,0.6));
#15160 = VECTOR('',#15161,1.);
#15161 = DIRECTION('',(0.,-0.,-1.));
#15162 = ORIENTED_EDGE('',*,*,#15163,.F.);
#15163 = EDGE_CURVE('',#15147,#15156,#15164,.T.);
#15164 = LINE('',#15165,#15166);
#15165 = CARTESIAN_POINT('',(1.8,1.4,0.3));
#15166 = VECTOR('',#15167,1.);
#15167 = DIRECTION('',(1.110223024625E-16,1.,0.));
#15168 = PLANE('',#15169);
#15169 = AXIS2_PLACEMENT_3D('',#15170,#15171,#15172);
#15170 = CARTESIAN_POINT('',(1.8,1.4,0.6));
#15171 = DIRECTION('',(1.,-1.110223024625E-16,-0.));
#15172 = DIRECTION('',(0.,-0.,1.));
#15173 = ADVANCED_FACE('',(#15174),#15246,.T.);
#15174 = FACE_BOUND('',#15175,.F.);
#15175 = EDGE_LOOP('',(#15176,#15177,#15186,#15194,#15202,#15210,#15218,
    #15226,#15235,#15241,#15242,#15243,#15244,#15245));
#15176 = ORIENTED_EDGE('',*,*,#15146,.T.);
#15177 = ORIENTED_EDGE('',*,*,#15178,.T.);
#15178 = EDGE_CURVE('',#15147,#15179,#15181,.T.);
#15179 = VERTEX_POINT('',#15180);
#15180 = CARTESIAN_POINT('',(1.7,1.4,0.2));
#15181 = CIRCLE('',#15182,0.1);
#15182 = AXIS2_PLACEMENT_3D('',#15183,#15184,#15185);
#15183 = CARTESIAN_POINT('',(1.7,1.4,0.3));
#15184 = DIRECTION('',(1.110223024625E-16,1.,-0.));
#15185 = DIRECTION('',(0.,0.,1.));
#15186 = ORIENTED_EDGE('',*,*,#15187,.T.);
#15187 = EDGE_CURVE('',#15179,#15188,#15190,.T.);
#15188 = VERTEX_POINT('',#15189);
#15189 = CARTESIAN_POINT('',(0.9,1.4,0.2));
#15190 = LINE('',#15191,#15192);
#15191 = CARTESIAN_POINT('',(1.8,1.4,0.2));
#15192 = VECTOR('',#15193,1.);
#15193 = DIRECTION('',(-1.,1.110223024625E-16,0.));
#15194 = ORIENTED_EDGE('',*,*,#15195,.T.);
#15195 = EDGE_CURVE('',#15188,#15196,#15198,.T.);
#15196 = VERTEX_POINT('',#15197);
#15197 = CARTESIAN_POINT('',(0.9,1.4,1.));
#15198 = LINE('',#15199,#15200);
#15199 = CARTESIAN_POINT('',(0.9,1.4,0.2));
#15200 = VECTOR('',#15201,1.);
#15201 = DIRECTION('',(0.,0.,1.));
#15202 = ORIENTED_EDGE('',*,*,#15203,.F.);
#15203 = EDGE_CURVE('',#15204,#15196,#15206,.T.);
#15204 = VERTEX_POINT('',#15205);
#15205 = CARTESIAN_POINT('',(-0.9,1.4,1.));
#15206 = LINE('',#15207,#15208);
#15207 = CARTESIAN_POINT('',(-0.9,1.4,1.));
#15208 = VECTOR('',#15209,1.);
#15209 = DIRECTION('',(1.,-1.110223024625E-16,0.));
#15210 = ORIENTED_EDGE('',*,*,#15211,.F.);
#15211 = EDGE_CURVE('',#15212,#15204,#15214,.T.);
#15212 = VERTEX_POINT('',#15213);
#15213 = CARTESIAN_POINT('',(-0.9,1.4,0.2));
#15214 = LINE('',#15215,#15216);
#15215 = CARTESIAN_POINT('',(-0.9,1.4,0.2));
#15216 = VECTOR('',#15217,1.);
#15217 = DIRECTION('',(0.,0.,1.));
#15218 = ORIENTED_EDGE('',*,*,#15219,.F.);
#15219 = EDGE_CURVE('',#15220,#15212,#15222,.T.);
#15220 = VERTEX_POINT('',#15221);
#15221 = CARTESIAN_POINT('',(-1.7,1.4,0.2));
#15222 = LINE('',#15223,#15224);
#15223 = CARTESIAN_POINT('',(-1.8,1.4,0.2));
#15224 = VECTOR('',#15225,1.);
#15225 = DIRECTION('',(1.,-1.110223024625E-16,0.));
#15226 = ORIENTED_EDGE('',*,*,#15227,.F.);
#15227 = EDGE_CURVE('',#15228,#15220,#15230,.T.);
#15228 = VERTEX_POINT('',#15229);
#15229 = CARTESIAN_POINT('',(-1.8,1.4,0.3));
#15230 = CIRCLE('',#15231,0.1);
#15231 = AXIS2_PLACEMENT_3D('',#15232,#15233,#15234);
#15232 = CARTESIAN_POINT('',(-1.7,1.4,0.3));
#15233 = DIRECTION('',(-1.110223024625E-16,-1.,0.));
#15234 = DIRECTION('',(0.,0.,1.));
#15235 = ORIENTED_EDGE('',*,*,#15236,.F.);
#15236 = EDGE_CURVE('',#15059,#15228,#15237,.T.);
#15237 = LINE('',#15238,#15239);
#15238 = CARTESIAN_POINT('',(-1.8,1.4,0.6));
#15239 = VECTOR('',#15240,1.);
#15240 = DIRECTION('',(0.,0.,-1.));
#15241 = ORIENTED_EDGE('',*,*,#15058,.F.);
#15242 = ORIENTED_EDGE('',*,*,#15090,.F.);
#15243 = ORIENTED_EDGE('',*,*,#15115,.T.);
#15244 = ORIENTED_EDGE('',*,*,#15131,.T.);
#15245 = ORIENTED_EDGE('',*,*,#14244,.T.);
#15246 = PLANE('',#15247);
#15247 = AXIS2_PLACEMENT_3D('',#15248,#15249,#15250);
#15248 = CARTESIAN_POINT('',(0.953333333333,1.4,0.853333333333));
#15249 = DIRECTION('',(-1.110223024625E-16,-1.,0.));
#15250 = DIRECTION('',(0.,0.,1.));
#15251 = ADVANCED_FACE('',(#15252),#15350,.F.);
#15252 = FACE_BOUND('',#15253,.T.);
#15253 = EDGE_LOOP('',(#15254,#15255,#15264,#15272,#15280,#15288,#15296,
    #15304,#15313,#15319,#15327,#15335,#15343,#15349));
#15254 = ORIENTED_EDGE('',*,*,#15155,.T.);
#15255 = ORIENTED_EDGE('',*,*,#15256,.T.);
#15256 = EDGE_CURVE('',#15156,#15257,#15259,.T.);
#15257 = VERTEX_POINT('',#15258);
#15258 = CARTESIAN_POINT('',(1.7,1.5,0.2));
#15259 = CIRCLE('',#15260,0.1);
#15260 = AXIS2_PLACEMENT_3D('',#15261,#15262,#15263);
#15261 = CARTESIAN_POINT('',(1.7,1.5,0.3));
#15262 = DIRECTION('',(1.110223024625E-16,1.,-0.));
#15263 = DIRECTION('',(0.,0.,1.));
#15264 = ORIENTED_EDGE('',*,*,#15265,.T.);
#15265 = EDGE_CURVE('',#15257,#15266,#15268,.T.);
#15266 = VERTEX_POINT('',#15267);
#15267 = CARTESIAN_POINT('',(0.9,1.5,0.2));
#15268 = LINE('',#15269,#15270);
#15269 = CARTESIAN_POINT('',(1.8,1.5,0.2));
#15270 = VECTOR('',#15271,1.);
#15271 = DIRECTION('',(-1.,1.110223024625E-16,0.));
#15272 = ORIENTED_EDGE('',*,*,#15273,.T.);
#15273 = EDGE_CURVE('',#15266,#15274,#15276,.T.);
#15274 = VERTEX_POINT('',#15275);
#15275 = CARTESIAN_POINT('',(0.9,1.5,1.));
#15276 = LINE('',#15277,#15278);
#15277 = CARTESIAN_POINT('',(0.9,1.5,0.2));
#15278 = VECTOR('',#15279,1.);
#15279 = DIRECTION('',(0.,0.,1.));
#15280 = ORIENTED_EDGE('',*,*,#15281,.T.);
#15281 = EDGE_CURVE('',#15274,#15282,#15284,.T.);
#15282 = VERTEX_POINT('',#15283);
#15283 = CARTESIAN_POINT('',(-0.9,1.5,1.));
#15284 = LINE('',#15285,#15286);
#15285 = CARTESIAN_POINT('',(0.9,1.5,1.));
#15286 = VECTOR('',#15287,1.);
#15287 = DIRECTION('',(-1.,1.110223024625E-16,0.));
#15288 = ORIENTED_EDGE('',*,*,#15289,.F.);
#15289 = EDGE_CURVE('',#15290,#15282,#15292,.T.);
#15290 = VERTEX_POINT('',#15291);
#15291 = CARTESIAN_POINT('',(-0.9,1.5,0.2));
#15292 = LINE('',#15293,#15294);
#15293 = CARTESIAN_POINT('',(-0.9,1.5,0.2));
#15294 = VECTOR('',#15295,1.);
#15295 = DIRECTION('',(0.,0.,1.));
#15296 = ORIENTED_EDGE('',*,*,#15297,.F.);
#15297 = EDGE_CURVE('',#15298,#15290,#15300,.T.);
#15298 = VERTEX_POINT('',#15299);
#15299 = CARTESIAN_POINT('',(-1.7,1.5,0.2));
#15300 = LINE('',#15301,#15302);
#15301 = CARTESIAN_POINT('',(-1.8,1.5,0.2));
#15302 = VECTOR('',#15303,1.);
#15303 = DIRECTION('',(1.,-1.110223024625E-16,0.));
#15304 = ORIENTED_EDGE('',*,*,#15305,.F.);
#15305 = EDGE_CURVE('',#15306,#15298,#15308,.T.);
#15306 = VERTEX_POINT('',#15307);
#15307 = CARTESIAN_POINT('',(-1.8,1.5,0.3));
#15308 = CIRCLE('',#15309,0.1);
#15309 = AXIS2_PLACEMENT_3D('',#15310,#15311,#15312);
#15310 = CARTESIAN_POINT('',(-1.7,1.5,0.3));
#15311 = DIRECTION('',(-1.110223024625E-16,-1.,0.));
#15312 = DIRECTION('',(0.,0.,1.));
#15313 = ORIENTED_EDGE('',*,*,#15314,.F.);
#15314 = EDGE_CURVE('',#15067,#15306,#15315,.T.);
#15315 = LINE('',#15316,#15317);
#15316 = CARTESIAN_POINT('',(-1.8,1.5,0.6));
#15317 = VECTOR('',#15318,1.);
#15318 = DIRECTION('',(0.,0.,-1.));
#15319 = ORIENTED_EDGE('',*,*,#15320,.T.);
#15320 = EDGE_CURVE('',#15067,#15321,#15323,.T.);
#15321 = VERTEX_POINT('',#15322);
#15322 = CARTESIAN_POINT('',(-1.3,1.5,0.6));
#15323 = LINE('',#15324,#15325);
#15324 = CARTESIAN_POINT('',(-1.95,1.5,0.6));
#15325 = VECTOR('',#15326,1.);
#15326 = DIRECTION('',(1.,-1.110223024625E-16,0.));
#15327 = ORIENTED_EDGE('',*,*,#15328,.F.);
#15328 = EDGE_CURVE('',#15329,#15321,#15331,.T.);
#15329 = VERTEX_POINT('',#15330);
#15330 = CARTESIAN_POINT('',(-1.3,1.5,1.4));
#15331 = LINE('',#15332,#15333);
#15332 = CARTESIAN_POINT('',(-1.3,1.5,1.4));
#15333 = VECTOR('',#15334,1.);
#15334 = DIRECTION('',(0.,0.,-1.));
#15335 = ORIENTED_EDGE('',*,*,#15336,.F.);
#15336 = EDGE_CURVE('',#15337,#15329,#15339,.T.);
#15337 = VERTEX_POINT('',#15338);
#15338 = CARTESIAN_POINT('',(1.3,1.5,1.4));
#15339 = LINE('',#15340,#15341);
#15340 = CARTESIAN_POINT('',(1.3,1.5,1.4));
#15341 = VECTOR('',#15342,1.);
#15342 = DIRECTION('',(-1.,1.110223024625E-16,0.));
#15343 = ORIENTED_EDGE('',*,*,#15344,.T.);
#15344 = EDGE_CURVE('',#15337,#14276,#15345,.T.);
#15345 = LINE('',#15346,#15347);
#15346 = CARTESIAN_POINT('',(1.3,1.5,1.4));
#15347 = VECTOR('',#15348,1.);
#15348 = DIRECTION('',(0.,-0.,-1.));
#15349 = ORIENTED_EDGE('',*,*,#14275,.F.);
#15350 = PLANE('',#15351);
#15351 = AXIS2_PLACEMENT_3D('',#15352,#15353,#15354);
#15352 = CARTESIAN_POINT('',(0.953333333333,1.5,0.853333333333));
#15353 = DIRECTION('',(-1.110223024625E-16,-1.,0.));
#15354 = DIRECTION('',(0.,0.,1.));
#15355 = ADVANCED_FACE('',(#15356),#15385,.T.);
#15356 = FACE_BOUND('',#15357,.F.);
#15357 = EDGE_LOOP('',(#15358,#15359,#15367,#15375,#15382,#15383,#15384)
  );
#15358 = ORIENTED_EDGE('',*,*,#14382,.T.);
#15359 = ORIENTED_EDGE('',*,*,#15360,.T.);
#15360 = EDGE_CURVE('',#14383,#15361,#15363,.T.);
#15361 = VERTEX_POINT('',#15362);
#15362 = CARTESIAN_POINT('',(1.3,1.3,1.5));
#15363 = LINE('',#15364,#15365);
#15364 = CARTESIAN_POINT('',(1.3,1.3,1.4));
#15365 = VECTOR('',#15366,1.);
#15366 = DIRECTION('',(0.,0.,1.));
#15367 = ORIENTED_EDGE('',*,*,#15368,.T.);
#15368 = EDGE_CURVE('',#15361,#15369,#15371,.T.);
#15369 = VERTEX_POINT('',#15370);
#15370 = CARTESIAN_POINT('',(1.3,1.4,1.5));
#15371 = LINE('',#15372,#15373);
#15372 = CARTESIAN_POINT('',(1.3,1.3,1.5));
#15373 = VECTOR('',#15374,1.);
#15374 = DIRECTION('',(1.110223024625E-16,1.,0.));
#15375 = ORIENTED_EDGE('',*,*,#15376,.T.);
#15376 = EDGE_CURVE('',#15369,#15337,#15377,.T.);
#15377 = CIRCLE('',#15378,0.1);
#15378 = AXIS2_PLACEMENT_3D('',#15379,#15380,#15381);
#15379 = CARTESIAN_POINT('',(1.3,1.4,1.4));
#15380 = DIRECTION('',(-1.,1.110223024625E-16,0.));
#15381 = DIRECTION('',(2.465190328815E-31,2.22044604925E-15,1.));
#15382 = ORIENTED_EDGE('',*,*,#15344,.T.);
#15383 = ORIENTED_EDGE('',*,*,#14283,.T.);
#15384 = ORIENTED_EDGE('',*,*,#14376,.T.);
#15385 = PLANE('',#15386);
#15386 = AXIS2_PLACEMENT_3D('',#15387,#15388,#15389);
#15387 = CARTESIAN_POINT('',(1.3,1.390382092219,1.44440777772));
#15388 = DIRECTION('',(1.,-1.110223024625E-16,-0.));
#15389 = DIRECTION('',(-0.,0.,-1.));
#15390 = ADVANCED_FACE('',(#15391),#15418,.T.);
#15391 = FACE_BOUND('',#15392,.T.);
#15392 = EDGE_LOOP('',(#15393,#15394,#15395,#15403,#15411));
#15393 = ORIENTED_EDGE('',*,*,#14331,.F.);
#15394 = ORIENTED_EDGE('',*,*,#14323,.T.);
#15395 = ORIENTED_EDGE('',*,*,#15396,.T.);
#15396 = EDGE_CURVE('',#14316,#15397,#15399,.T.);
#15397 = VERTEX_POINT('',#15398);
#15398 = CARTESIAN_POINT('',(1.75,0.375,1.5));
#15399 = LINE('',#15400,#15401);
#15400 = CARTESIAN_POINT('',(1.75,0.375,1.4));
#15401 = VECTOR('',#15402,1.);
#15402 = DIRECTION('',(0.,0.,1.));
#15403 = ORIENTED_EDGE('',*,*,#15404,.T.);
#15404 = EDGE_CURVE('',#15397,#15405,#15407,.T.);
#15405 = VERTEX_POINT('',#15406);
#15406 = CARTESIAN_POINT('',(1.85,0.375,1.5));
#15407 = LINE('',#15408,#15409);
#15408 = CARTESIAN_POINT('',(1.75,0.375,1.5));
#15409 = VECTOR('',#15410,1.);
#15410 = DIRECTION('',(1.,0.,0.));
#15411 = ORIENTED_EDGE('',*,*,#15412,.T.);
#15412 = EDGE_CURVE('',#15405,#13679,#15413,.T.);
#15413 = CIRCLE('',#15414,0.1);
#15414 = AXIS2_PLACEMENT_3D('',#15415,#15416,#15417);
#15415 = CARTESIAN_POINT('',(1.85,0.375,1.4));
#15416 = DIRECTION('',(0.,1.,-0.));
#15417 = DIRECTION('',(-2.22044604925E-15,0.,1.));
#15418 = PLANE('',#15419);
#15419 = AXIS2_PLACEMENT_3D('',#15420,#15421,#15422);
#15420 = CARTESIAN_POINT('',(1.85,0.375,1.4));
#15421 = DIRECTION('',(0.,1.,0.));
#15422 = DIRECTION('',(0.,0.,-1.));
#15423 = ADVANCED_FACE('',(#15424),#15442,.F.);
#15424 = FACE_BOUND('',#15425,.F.);
#15425 = EDGE_LOOP('',(#15426,#15427,#15428,#15436));
#15426 = ORIENTED_EDGE('',*,*,#14315,.F.);
#15427 = ORIENTED_EDGE('',*,*,#15396,.T.);
#15428 = ORIENTED_EDGE('',*,*,#15429,.T.);
#15429 = EDGE_CURVE('',#15397,#15430,#15432,.T.);
#15430 = VERTEX_POINT('',#15431);
#15431 = CARTESIAN_POINT('',(1.75,0.9,1.5));
#15432 = LINE('',#15433,#15434);
#15433 = CARTESIAN_POINT('',(1.75,-1.3,1.5));
#15434 = VECTOR('',#15435,1.);
#15435 = DIRECTION('',(0.,1.,0.));
#15436 = ORIENTED_EDGE('',*,*,#15437,.F.);
#15437 = EDGE_CURVE('',#14308,#15430,#15438,.T.);
#15438 = LINE('',#15439,#15440);
#15439 = CARTESIAN_POINT('',(1.75,0.9,1.4));
#15440 = VECTOR('',#15441,1.);
#15441 = DIRECTION('',(0.,0.,1.));
#15442 = PLANE('',#15443);
#15443 = AXIS2_PLACEMENT_3D('',#15444,#15445,#15446);
#15444 = CARTESIAN_POINT('',(1.75,-1.3,1.4));
#15445 = DIRECTION('',(-1.,0.,0.));
#15446 = DIRECTION('',(0.,1.,0.));
#15447 = ADVANCED_FACE('',(#15448),#15459,.T.);
#15448 = FACE_BOUND('',#15449,.T.);
#15449 = EDGE_LOOP('',(#15450,#15451,#15457,#15458));
#15450 = ORIENTED_EDGE('',*,*,#14361,.T.);
#15451 = ORIENTED_EDGE('',*,*,#15452,.T.);
#15452 = EDGE_CURVE('',#14354,#15430,#15453,.T.);
#15453 = LINE('',#15454,#15455);
#15454 = CARTESIAN_POINT('',(1.95,0.9,1.5));
#15455 = VECTOR('',#15456,1.);
#15456 = DIRECTION('',(-1.,0.,0.));
#15457 = ORIENTED_EDGE('',*,*,#15437,.F.);
#15458 = ORIENTED_EDGE('',*,*,#14307,.F.);
#15459 = PLANE('',#15460);
#15460 = AXIS2_PLACEMENT_3D('',#15461,#15462,#15463);
#15461 = CARTESIAN_POINT('',(1.95,0.9,1.4));
#15462 = DIRECTION('',(0.,-1.,0.));
#15463 = DIRECTION('',(-1.,0.,0.));
#15464 = ADVANCED_FACE('',(#15465),#15476,.T.);
#15465 = FACE_BOUND('',#15466,.F.);
#15466 = EDGE_LOOP('',(#15467,#15468,#15469,#15470));
#15467 = ORIENTED_EDGE('',*,*,#15360,.F.);
#15468 = ORIENTED_EDGE('',*,*,#14390,.F.);
#15469 = ORIENTED_EDGE('',*,*,#14345,.T.);
#15470 = ORIENTED_EDGE('',*,*,#15471,.F.);
#15471 = EDGE_CURVE('',#15361,#14346,#15472,.T.);
#15472 = LINE('',#15473,#15474);
#15473 = CARTESIAN_POINT('',(-1.95,1.3,1.5));
#15474 = VECTOR('',#15475,1.);
#15475 = DIRECTION('',(1.,0.,0.));
#15476 = PLANE('',#15477);
#15477 = AXIS2_PLACEMENT_3D('',#15478,#15479,#15480);
#15478 = CARTESIAN_POINT('',(-1.75,1.3,1.4));
#15479 = DIRECTION('',(-0.,1.,-0.));
#15480 = DIRECTION('',(1.,0.,0.));
#15481 = ADVANCED_FACE('',(#15482,#15646),#15657,.F.);
#15482 = FACE_BOUND('',#15483,.T.);
#15483 = EDGE_LOOP('',(#15484,#15494,#15502,#15510,#15518,#15524,#15525,
    #15531,#15532,#15540,#15548,#15556,#15562,#15563,#15564,#15565,
    #15566,#15567,#15568,#15576,#15584,#15592,#15600,#15608,#15616,
    #15624,#15632,#15640));
#15484 = ORIENTED_EDGE('',*,*,#15485,.T.);
#15485 = EDGE_CURVE('',#15486,#15488,#15490,.T.);
#15486 = VERTEX_POINT('',#15487);
#15487 = CARTESIAN_POINT('',(-1.75,-0.9,1.5));
#15488 = VERTEX_POINT('',#15489);
#15489 = CARTESIAN_POINT('',(-1.95,-0.9,1.5));
#15490 = LINE('',#15491,#15492);
#15491 = CARTESIAN_POINT('',(-1.75,-0.9,1.5));
#15492 = VECTOR('',#15493,1.);
#15493 = DIRECTION('',(-1.,-0.,-0.));
#15494 = ORIENTED_EDGE('',*,*,#15495,.T.);
#15495 = EDGE_CURVE('',#15488,#15496,#15498,.T.);
#15496 = VERTEX_POINT('',#15497);
#15497 = CARTESIAN_POINT('',(-1.95,-1.3,1.5));
#15498 = LINE('',#15499,#15500);
#15499 = CARTESIAN_POINT('',(-1.95,-0.9,1.5));
#15500 = VECTOR('',#15501,1.);
#15501 = DIRECTION('',(-0.,-1.,-0.));
#15502 = ORIENTED_EDGE('',*,*,#15503,.T.);
#15503 = EDGE_CURVE('',#15496,#15504,#15506,.T.);
#15504 = VERTEX_POINT('',#15505);
#15505 = CARTESIAN_POINT('',(-1.3,-1.3,1.5));
#15506 = LINE('',#15507,#15508);
#15507 = CARTESIAN_POINT('',(-1.95,-1.3,1.5));
#15508 = VECTOR('',#15509,1.);
#15509 = DIRECTION('',(1.,0.,0.));
#15510 = ORIENTED_EDGE('',*,*,#15511,.T.);
#15511 = EDGE_CURVE('',#15504,#15512,#15514,.T.);
#15512 = VERTEX_POINT('',#15513);
#15513 = CARTESIAN_POINT('',(-1.3,-1.4,1.5));
#15514 = LINE('',#15515,#15516);
#15515 = CARTESIAN_POINT('',(-1.3,-1.3,1.5));
#15516 = VECTOR('',#15517,1.);
#15517 = DIRECTION('',(-2.22044604925E-16,-1.,0.));
#15518 = ORIENTED_EDGE('',*,*,#15519,.T.);
#15519 = EDGE_CURVE('',#15512,#14634,#15520,.T.);
#15520 = LINE('',#15521,#15522);
#15521 = CARTESIAN_POINT('',(-1.3,-1.4,1.5));
#15522 = VECTOR('',#15523,1.);
#15523 = DIRECTION('',(1.,-2.22044604925E-16,0.));
#15524 = ORIENTED_EDGE('',*,*,#14633,.F.);
#15525 = ORIENTED_EDGE('',*,*,#15526,.T.);
#15526 = EDGE_CURVE('',#14626,#14471,#15527,.T.);
#15527 = LINE('',#15528,#15529);
#15528 = CARTESIAN_POINT('',(-1.95,-1.3,1.5));
#15529 = VECTOR('',#15530,1.);
#15530 = DIRECTION('',(1.,0.,0.));
#15531 = ORIENTED_EDGE('',*,*,#14470,.F.);
#15532 = ORIENTED_EDGE('',*,*,#15533,.F.);
#15533 = EDGE_CURVE('',#15534,#14463,#15536,.T.);
#15534 = VERTEX_POINT('',#15535);
#15535 = CARTESIAN_POINT('',(1.75,-0.9,1.5));
#15536 = LINE('',#15537,#15538);
#15537 = CARTESIAN_POINT('',(1.75,-0.9,1.5));
#15538 = VECTOR('',#15539,1.);
#15539 = DIRECTION('',(1.,0.,0.));
#15540 = ORIENTED_EDGE('',*,*,#15541,.T.);
#15541 = EDGE_CURVE('',#15534,#15542,#15544,.T.);
#15542 = VERTEX_POINT('',#15543);
#15543 = CARTESIAN_POINT('',(1.75,-0.375,1.5));
#15544 = LINE('',#15545,#15546);
#15545 = CARTESIAN_POINT('',(1.75,-1.3,1.5));
#15546 = VECTOR('',#15547,1.);
#15547 = DIRECTION('',(0.,1.,0.));
#15548 = ORIENTED_EDGE('',*,*,#15549,.T.);
#15549 = EDGE_CURVE('',#15542,#15550,#15552,.T.);
#15550 = VERTEX_POINT('',#15551);
#15551 = CARTESIAN_POINT('',(1.85,-0.375,1.5));
#15552 = LINE('',#15553,#15554);
#15553 = CARTESIAN_POINT('',(1.75,-0.375,1.5));
#15554 = VECTOR('',#15555,1.);
#15555 = DIRECTION('',(1.,0.,0.));
#15556 = ORIENTED_EDGE('',*,*,#15557,.T.);
#15557 = EDGE_CURVE('',#15550,#15405,#15558,.T.);
#15558 = LINE('',#15559,#15560);
#15559 = CARTESIAN_POINT('',(1.85,-0.375,1.5));
#15560 = VECTOR('',#15561,1.);
#15561 = DIRECTION('',(0.,1.,0.));
#15562 = ORIENTED_EDGE('',*,*,#15404,.F.);
#15563 = ORIENTED_EDGE('',*,*,#15429,.T.);
#15564 = ORIENTED_EDGE('',*,*,#15452,.F.);
#15565 = ORIENTED_EDGE('',*,*,#14353,.F.);
#15566 = ORIENTED_EDGE('',*,*,#15471,.F.);
#15567 = ORIENTED_EDGE('',*,*,#15368,.T.);
#15568 = ORIENTED_EDGE('',*,*,#15569,.T.);
#15569 = EDGE_CURVE('',#15369,#15570,#15572,.T.);
#15570 = VERTEX_POINT('',#15571);
#15571 = CARTESIAN_POINT('',(-1.3,1.4,1.5));
#15572 = LINE('',#15573,#15574);
#15573 = CARTESIAN_POINT('',(1.3,1.4,1.5));
#15574 = VECTOR('',#15575,1.);
#15575 = DIRECTION('',(-1.,1.110223024625E-16,0.));
#15576 = ORIENTED_EDGE('',*,*,#15577,.F.);
#15577 = EDGE_CURVE('',#15578,#15570,#15580,.T.);
#15578 = VERTEX_POINT('',#15579);
#15579 = CARTESIAN_POINT('',(-1.3,1.3,1.5));
#15580 = LINE('',#15581,#15582);
#15581 = CARTESIAN_POINT('',(-1.3,1.3,1.5));
#15582 = VECTOR('',#15583,1.);
#15583 = DIRECTION('',(1.110223024625E-16,1.,0.));
#15584 = ORIENTED_EDGE('',*,*,#15585,.F.);
#15585 = EDGE_CURVE('',#15586,#15578,#15588,.T.);
#15586 = VERTEX_POINT('',#15587);
#15587 = CARTESIAN_POINT('',(-1.95,1.3,1.5));
#15588 = LINE('',#15589,#15590);
#15589 = CARTESIAN_POINT('',(-1.95,1.3,1.5));
#15590 = VECTOR('',#15591,1.);
#15591 = DIRECTION('',(1.,0.,0.));
#15592 = ORIENTED_EDGE('',*,*,#15593,.T.);
#15593 = EDGE_CURVE('',#15586,#15594,#15596,.T.);
#15594 = VERTEX_POINT('',#15595);
#15595 = CARTESIAN_POINT('',(-1.95,0.9,1.5));
#15596 = LINE('',#15597,#15598);
#15597 = CARTESIAN_POINT('',(-1.95,1.3,1.5));
#15598 = VECTOR('',#15599,1.);
#15599 = DIRECTION('',(-0.,-1.,-0.));
#15600 = ORIENTED_EDGE('',*,*,#15601,.T.);
#15601 = EDGE_CURVE('',#15594,#15602,#15604,.T.);
#15602 = VERTEX_POINT('',#15603);
#15603 = CARTESIAN_POINT('',(-1.75,0.9,1.5));
#15604 = LINE('',#15605,#15606);
#15605 = CARTESIAN_POINT('',(-1.95,0.9,1.5));
#15606 = VECTOR('',#15607,1.);
#15607 = DIRECTION('',(1.,-0.,-0.));
#15608 = ORIENTED_EDGE('',*,*,#15609,.T.);
#15609 = EDGE_CURVE('',#15602,#15610,#15612,.T.);
#15610 = VERTEX_POINT('',#15611);
#15611 = CARTESIAN_POINT('',(-1.75,0.375,1.5));
#15612 = LINE('',#15613,#15614);
#15613 = CARTESIAN_POINT('',(-1.75,1.3,1.5));
#15614 = VECTOR('',#15615,1.);
#15615 = DIRECTION('',(0.,-1.,0.));
#15616 = ORIENTED_EDGE('',*,*,#15617,.T.);
#15617 = EDGE_CURVE('',#15610,#15618,#15620,.T.);
#15618 = VERTEX_POINT('',#15619);
#15619 = CARTESIAN_POINT('',(-1.85,0.375,1.5));
#15620 = LINE('',#15621,#15622);
#15621 = CARTESIAN_POINT('',(-1.75,0.375,1.5));
#15622 = VECTOR('',#15623,1.);
#15623 = DIRECTION('',(-1.,1.224646799147E-16,0.));
#15624 = ORIENTED_EDGE('',*,*,#15625,.T.);
#15625 = EDGE_CURVE('',#15618,#15626,#15628,.T.);
#15626 = VERTEX_POINT('',#15627);
#15627 = CARTESIAN_POINT('',(-1.85,-0.375,1.5));
#15628 = LINE('',#15629,#15630);
#15629 = CARTESIAN_POINT('',(-1.85,0.375,1.5));
#15630 = VECTOR('',#15631,1.);
#15631 = DIRECTION('',(-1.224646799147E-16,-1.,0.));
#15632 = ORIENTED_EDGE('',*,*,#15633,.F.);
#15633 = EDGE_CURVE('',#15634,#15626,#15636,.T.);
#15634 = VERTEX_POINT('',#15635);
#15635 = CARTESIAN_POINT('',(-1.75,-0.375,1.5));
#15636 = LINE('',#15637,#15638);
#15637 = CARTESIAN_POINT('',(-1.75,-0.375,1.5));
#15638 = VECTOR('',#15639,1.);
#15639 = DIRECTION('',(-1.,1.224646799147E-16,0.));
#15640 = ORIENTED_EDGE('',*,*,#15641,.T.);
#15641 = EDGE_CURVE('',#15634,#15486,#15642,.T.);
#15642 = LINE('',#15643,#15644);
#15643 = CARTESIAN_POINT('',(-1.75,1.3,1.5));
#15644 = VECTOR('',#15645,1.);
#15645 = DIRECTION('',(0.,-1.,0.));
#15646 = FACE_BOUND('',#15647,.T.);
#15647 = EDGE_LOOP('',(#15648));
#15648 = ORIENTED_EDGE('',*,*,#15649,.F.);
#15649 = EDGE_CURVE('',#15650,#15650,#15652,.T.);
#15650 = VERTEX_POINT('',#15651);
#15651 = CARTESIAN_POINT('',(0.95,-2.32682891838E-16,1.5));
#15652 = CIRCLE('',#15653,0.95);
#15653 = AXIS2_PLACEMENT_3D('',#15654,#15655,#15656);
#15654 = CARTESIAN_POINT('',(0.,0.,1.5));
#15655 = DIRECTION('',(0.,0.,1.));
#15656 = DIRECTION('',(1.,0.,-0.));
#15657 = PLANE('',#15658);
#15658 = AXIS2_PLACEMENT_3D('',#15659,#15660,#15661);
#15659 = CARTESIAN_POINT('',(-1.85,-1.1,1.5));
#15660 = DIRECTION('',(0.,-0.,-1.));
#15661 = DIRECTION('',(-1.,-0.,0.));
#15662 = ADVANCED_FACE('',(#15663),#15675,.T.);
#15663 = FACE_BOUND('',#15664,.T.);
#15664 = EDGE_LOOP('',(#15665,#15672,#15673,#15674));
#15665 = ORIENTED_EDGE('',*,*,#15666,.T.);
#15666 = EDGE_CURVE('',#15550,#13655,#15667,.T.);
#15667 = CIRCLE('',#15668,0.1);
#15668 = AXIS2_PLACEMENT_3D('',#15669,#15670,#15671);
#15669 = CARTESIAN_POINT('',(1.85,-0.375,1.4));
#15670 = DIRECTION('',(0.,1.,-0.));
#15671 = DIRECTION('',(-2.22044604925E-15,0.,1.));
#15672 = ORIENTED_EDGE('',*,*,#14409,.T.);
#15673 = ORIENTED_EDGE('',*,*,#15412,.F.);
#15674 = ORIENTED_EDGE('',*,*,#15557,.F.);
#15675 = CYLINDRICAL_SURFACE('',#15676,0.1);
#15676 = AXIS2_PLACEMENT_3D('',#15677,#15678,#15679);
#15677 = CARTESIAN_POINT('',(1.85,-0.1875,1.4));
#15678 = DIRECTION('',(-0.,-1.,-0.));
#15679 = DIRECTION('',(-2.22044604925E-15,0.,1.));
#15680 = ADVANCED_FACE('',(#15681),#15693,.T.);
#15681 = FACE_BOUND('',#15682,.F.);
#15682 = EDGE_LOOP('',(#15683,#15684,#15685,#15691,#15692));
#15683 = ORIENTED_EDGE('',*,*,#14423,.T.);
#15684 = ORIENTED_EDGE('',*,*,#14431,.T.);
#15685 = ORIENTED_EDGE('',*,*,#15686,.T.);
#15686 = EDGE_CURVE('',#14432,#15542,#15687,.T.);
#15687 = LINE('',#15688,#15689);
#15688 = CARTESIAN_POINT('',(1.75,-0.375,1.4));
#15689 = VECTOR('',#15690,1.);
#15690 = DIRECTION('',(0.,0.,1.));
#15691 = ORIENTED_EDGE('',*,*,#15549,.T.);
#15692 = ORIENTED_EDGE('',*,*,#15666,.T.);
#15693 = PLANE('',#15694);
#15694 = AXIS2_PLACEMENT_3D('',#15695,#15696,#15697);
#15695 = CARTESIAN_POINT('',(1.85,-0.375,1.4));
#15696 = DIRECTION('',(-0.,-1.,-0.));
#15697 = DIRECTION('',(0.,0.,1.));
#15698 = ADVANCED_FACE('',(#15699),#15710,.T.);
#15699 = FACE_BOUND('',#15700,.T.);
#15700 = EDGE_LOOP('',(#15701,#15707,#15708,#15709));
#15701 = ORIENTED_EDGE('',*,*,#15702,.T.);
#15702 = EDGE_CURVE('',#14440,#15534,#15703,.T.);
#15703 = LINE('',#15704,#15705);
#15704 = CARTESIAN_POINT('',(1.75,-0.9,1.4));
#15705 = VECTOR('',#15706,1.);
#15706 = DIRECTION('',(0.,0.,1.));
#15707 = ORIENTED_EDGE('',*,*,#15533,.T.);
#15708 = ORIENTED_EDGE('',*,*,#14462,.F.);
#15709 = ORIENTED_EDGE('',*,*,#14447,.F.);
#15710 = PLANE('',#15711);
#15711 = AXIS2_PLACEMENT_3D('',#15712,#15713,#15714);
#15712 = CARTESIAN_POINT('',(1.75,-0.9,1.4));
#15713 = DIRECTION('',(0.,1.,0.));
#15714 = DIRECTION('',(1.,0.,0.));
#15715 = ADVANCED_FACE('',(#15716),#15722,.F.);
#15716 = FACE_BOUND('',#15717,.F.);
#15717 = EDGE_LOOP('',(#15718,#15719,#15720,#15721));
#15718 = ORIENTED_EDGE('',*,*,#14439,.F.);
#15719 = ORIENTED_EDGE('',*,*,#15702,.T.);
#15720 = ORIENTED_EDGE('',*,*,#15541,.T.);
#15721 = ORIENTED_EDGE('',*,*,#15686,.F.);
#15722 = PLANE('',#15723);
#15723 = AXIS2_PLACEMENT_3D('',#15724,#15725,#15726);
#15724 = CARTESIAN_POINT('',(1.75,-1.3,1.4));
#15725 = DIRECTION('',(-1.,0.,0.));
#15726 = DIRECTION('',(0.,1.,0.));
#15727 = ADVANCED_FACE('',(#15728),#15734,.T.);
#15728 = FACE_BOUND('',#15729,.F.);
#15729 = EDGE_LOOP('',(#15730,#15731,#15732,#15733));
#15730 = ORIENTED_EDGE('',*,*,#14494,.T.);
#15731 = ORIENTED_EDGE('',*,*,#14625,.T.);
#15732 = ORIENTED_EDGE('',*,*,#15526,.T.);
#15733 = ORIENTED_EDGE('',*,*,#14478,.F.);
#15734 = PLANE('',#15735);
#15735 = AXIS2_PLACEMENT_3D('',#15736,#15737,#15738);
#15736 = CARTESIAN_POINT('',(-1.95,-1.3,1.4));
#15737 = DIRECTION('',(-0.,-1.,-0.));
#15738 = DIRECTION('',(-1.,0.,0.));
#15739 = ADVANCED_FACE('',(#15740),#15752,.T.);
#15740 = FACE_BOUND('',#15741,.T.);
#15741 = EDGE_LOOP('',(#15742,#15749,#15750,#15751));
#15742 = ORIENTED_EDGE('',*,*,#15743,.T.);
#15743 = EDGE_CURVE('',#15512,#14595,#15744,.T.);
#15744 = CIRCLE('',#15745,0.1);
#15745 = AXIS2_PLACEMENT_3D('',#15746,#15747,#15748);
#15746 = CARTESIAN_POINT('',(-1.3,-1.4,1.4));
#15747 = DIRECTION('',(1.,-2.22044604925E-16,0.));
#15748 = DIRECTION('',(-4.93038065763E-31,-2.22044604925E-15,1.));
#15749 = ORIENTED_EDGE('',*,*,#14594,.T.);
#15750 = ORIENTED_EDGE('',*,*,#14641,.F.);
#15751 = ORIENTED_EDGE('',*,*,#15519,.F.);
#15752 = CYLINDRICAL_SURFACE('',#15753,0.1);
#15753 = AXIS2_PLACEMENT_3D('',#15754,#15755,#15756);
#15754 = CARTESIAN_POINT('',(-0.65,-1.4,1.4));
#15755 = DIRECTION('',(-1.,2.22044604925E-16,-0.));
#15756 = DIRECTION('',(-4.93038065763E-31,-2.22044604925E-15,1.));
#15757 = ADVANCED_FACE('',(#15758),#15784,.T.);
#15758 = FACE_BOUND('',#15759,.F.);
#15759 = EDGE_LOOP('',(#15760,#15768,#15774,#15775,#15776,#15777,#15783)
  );
#15760 = ORIENTED_EDGE('',*,*,#15761,.T.);
#15761 = EDGE_CURVE('',#13996,#15762,#15764,.T.);
#15762 = VERTEX_POINT('',#15763);
#15763 = CARTESIAN_POINT('',(-1.3,-1.3,1.4));
#15764 = LINE('',#15765,#15766);
#15765 = CARTESIAN_POINT('',(-1.3,-1.5,1.4));
#15766 = VECTOR('',#15767,1.);
#15767 = DIRECTION('',(2.22044604925E-16,1.,-0.));
#15768 = ORIENTED_EDGE('',*,*,#15769,.T.);
#15769 = EDGE_CURVE('',#15762,#15504,#15770,.T.);
#15770 = LINE('',#15771,#15772);
#15771 = CARTESIAN_POINT('',(-1.3,-1.3,1.4));
#15772 = VECTOR('',#15773,1.);
#15773 = DIRECTION('',(0.,0.,1.));
#15774 = ORIENTED_EDGE('',*,*,#15511,.T.);
#15775 = ORIENTED_EDGE('',*,*,#15743,.T.);
#15776 = ORIENTED_EDGE('',*,*,#14602,.T.);
#15777 = ORIENTED_EDGE('',*,*,#15778,.T.);
#15778 = EDGE_CURVE('',#14603,#13918,#15779,.T.);
#15779 = LINE('',#15780,#15781);
#15780 = CARTESIAN_POINT('',(-1.3,-1.5,0.6));
#15781 = VECTOR('',#15782,1.);
#15782 = DIRECTION('',(2.754124363883E-17,0.124034734589,0.992277876714)
  );
#15783 = ORIENTED_EDGE('',*,*,#14796,.T.);
#15784 = PLANE('',#15785);
#15785 = AXIS2_PLACEMENT_3D('',#15786,#15787,#15788);
#15786 = CARTESIAN_POINT('',(-1.3,-1.390382092219,1.44440777772));
#15787 = DIRECTION('',(-1.,2.22044604925E-16,-0.));
#15788 = DIRECTION('',(0.,0.,-1.));
#15789 = ADVANCED_FACE('',(#15790),#15802,.F.);
#15790 = FACE_BOUND('',#15791,.T.);
#15791 = EDGE_LOOP('',(#15792,#15793,#15794,#15795,#15801));
#15792 = ORIENTED_EDGE('',*,*,#14841,.T.);
#15793 = ORIENTED_EDGE('',*,*,#14610,.T.);
#15794 = ORIENTED_EDGE('',*,*,#15778,.T.);
#15795 = ORIENTED_EDGE('',*,*,#15796,.F.);
#15796 = EDGE_CURVE('',#14937,#13918,#15797,.T.);
#15797 = LINE('',#15798,#15799);
#15798 = CARTESIAN_POINT('',(-1.95,-1.4,1.4));
#15799 = VECTOR('',#15800,1.);
#15800 = DIRECTION('',(1.,-2.22044604925E-16,0.));
#15801 = ORIENTED_EDGE('',*,*,#14944,.F.);
#15802 = PLANE('',#15803);
#15803 = AXIS2_PLACEMENT_3D('',#15804,#15805,#15806);
#15804 = CARTESIAN_POINT('',(-1.95,-1.5,0.6));
#15805 = DIRECTION('',(2.203299491106E-16,0.992277876714,-0.124034734589
    ));
#15806 = DIRECTION('',(-2.754124363883E-17,-0.124034734589,
    -0.992277876714));
#15807 = ADVANCED_FACE('',(#15808),#15826,.F.);
#15808 = FACE_BOUND('',#15809,.F.);
#15809 = EDGE_LOOP('',(#15810,#15811,#15812,#15820));
#15810 = ORIENTED_EDGE('',*,*,#14985,.F.);
#15811 = ORIENTED_EDGE('',*,*,#14969,.F.);
#15812 = ORIENTED_EDGE('',*,*,#15813,.T.);
#15813 = EDGE_CURVE('',#14962,#15814,#15816,.T.);
#15814 = VERTEX_POINT('',#15815);
#15815 = CARTESIAN_POINT('',(-2.5,0.65,0.1));
#15816 = LINE('',#15817,#15818);
#15817 = CARTESIAN_POINT('',(-1.85,0.65,0.1));
#15818 = VECTOR('',#15819,1.);
#15819 = DIRECTION('',(-1.,1.224646799147E-16,0.));
#15820 = ORIENTED_EDGE('',*,*,#15821,.F.);
#15821 = EDGE_CURVE('',#14986,#15814,#15822,.T.);
#15822 = LINE('',#15823,#15824);
#15823 = CARTESIAN_POINT('',(-2.5,0.65,0.));
#15824 = VECTOR('',#15825,1.);
#15825 = DIRECTION('',(0.,0.,1.));
#15826 = PLANE('',#15827);
#15827 = AXIS2_PLACEMENT_3D('',#15828,#15829,#15830);
#15828 = CARTESIAN_POINT('',(-1.85,0.65,0.));
#15829 = DIRECTION('',(-1.224646799147E-16,-1.,0.));
#15830 = DIRECTION('',(-1.,1.224646799147E-16,0.));
#15831 = ADVANCED_FACE('',(#15832),#15850,.T.);
#15832 = FACE_BOUND('',#15833,.T.);
#15833 = EDGE_LOOP('',(#15834,#15835,#15836,#15844));
#15834 = ORIENTED_EDGE('',*,*,#14961,.F.);
#15835 = ORIENTED_EDGE('',*,*,#15813,.T.);
#15836 = ORIENTED_EDGE('',*,*,#15837,.T.);
#15837 = EDGE_CURVE('',#15814,#15838,#15840,.T.);
#15838 = VERTEX_POINT('',#15839);
#15839 = CARTESIAN_POINT('',(-2.5,-0.65,0.1));
#15840 = LINE('',#15841,#15842);
#15841 = CARTESIAN_POINT('',(-2.5,0.65,0.1));
#15842 = VECTOR('',#15843,1.);
#15843 = DIRECTION('',(-1.224646799147E-16,-1.,0.));
#15844 = ORIENTED_EDGE('',*,*,#15845,.T.);
#15845 = EDGE_CURVE('',#15838,#14954,#15846,.T.);
#15846 = LINE('',#15847,#15848);
#15847 = CARTESIAN_POINT('',(-2.5,-0.65,0.1));
#15848 = VECTOR('',#15849,1.);
#15849 = DIRECTION('',(1.,-1.224646799147E-16,0.));
#15850 = PLANE('',#15851);
#15851 = AXIS2_PLACEMENT_3D('',#15852,#15853,#15854);
#15852 = CARTESIAN_POINT('',(-2.175,-3.980102097229E-17,0.1));
#15853 = DIRECTION('',(0.,0.,1.));
#15854 = DIRECTION('',(-1.,1.224646799147E-16,0.));
#15855 = ADVANCED_FACE('',(#15856),#15867,.F.);
#15856 = FACE_BOUND('',#15857,.F.);
#15857 = EDGE_LOOP('',(#15858,#15859,#15865,#15866));
#15858 = ORIENTED_EDGE('',*,*,#15001,.F.);
#15859 = ORIENTED_EDGE('',*,*,#15860,.T.);
#15860 = EDGE_CURVE('',#14994,#15838,#15861,.T.);
#15861 = LINE('',#15862,#15863);
#15862 = CARTESIAN_POINT('',(-2.5,-0.65,0.));
#15863 = VECTOR('',#15864,1.);
#15864 = DIRECTION('',(0.,0.,1.));
#15865 = ORIENTED_EDGE('',*,*,#15845,.T.);
#15866 = ORIENTED_EDGE('',*,*,#14953,.F.);
#15867 = PLANE('',#15868);
#15868 = AXIS2_PLACEMENT_3D('',#15869,#15870,#15871);
#15869 = CARTESIAN_POINT('',(-2.5,-0.65,0.));
#15870 = DIRECTION('',(1.224646799147E-16,1.,0.));
#15871 = DIRECTION('',(1.,-1.224646799147E-16,0.));
#15872 = ADVANCED_FACE('',(#15873),#15906,.T.);
#15873 = FACE_BOUND('',#15874,.T.);
#15874 = EDGE_LOOP('',(#15875,#15885,#15891,#15892,#15900));
#15875 = ORIENTED_EDGE('',*,*,#15876,.F.);
#15876 = EDGE_CURVE('',#15877,#15879,#15881,.T.);
#15877 = VERTEX_POINT('',#15878);
#15878 = CARTESIAN_POINT('',(-1.85,-0.375,1.4));
#15879 = VERTEX_POINT('',#15880);
#15880 = CARTESIAN_POINT('',(-1.75,-0.375,1.4));
#15881 = LINE('',#15882,#15883);
#15882 = CARTESIAN_POINT('',(-1.95,-0.375,1.4));
#15883 = VECTOR('',#15884,1.);
#15884 = DIRECTION('',(1.,-1.224646799147E-16,0.));
#15885 = ORIENTED_EDGE('',*,*,#15886,.T.);
#15886 = EDGE_CURVE('',#15877,#14913,#15887,.T.);
#15887 = LINE('',#15888,#15889);
#15888 = CARTESIAN_POINT('',(-0.925,-0.375,1.4));
#15889 = VECTOR('',#15890,1.);
#15890 = DIRECTION('',(-1.,1.224646799147E-16,0.));
#15891 = ORIENTED_EDGE('',*,*,#14920,.T.);
#15892 = ORIENTED_EDGE('',*,*,#15893,.F.);
#15893 = EDGE_CURVE('',#15894,#14921,#15896,.T.);
#15894 = VERTEX_POINT('',#15895);
#15895 = CARTESIAN_POINT('',(-1.75,-0.9,1.4));
#15896 = LINE('',#15897,#15898);
#15897 = CARTESIAN_POINT('',(-1.75,-0.9,1.4));
#15898 = VECTOR('',#15899,1.);
#15899 = DIRECTION('',(-1.,-0.,-0.));
#15900 = ORIENTED_EDGE('',*,*,#15901,.F.);
#15901 = EDGE_CURVE('',#15879,#15894,#15902,.T.);
#15902 = LINE('',#15903,#15904);
#15903 = CARTESIAN_POINT('',(-1.75,1.3,1.4));
#15904 = VECTOR('',#15905,1.);
#15905 = DIRECTION('',(0.,-1.,0.));
#15906 = PLANE('',#15907);
#15907 = AXIS2_PLACEMENT_3D('',#15908,#15909,#15910);
#15908 = CARTESIAN_POINT('',(0.,0.,1.4));
#15909 = DIRECTION('',(0.,0.,1.));
#15910 = DIRECTION('',(1.,0.,-0.));
#15911 = ADVANCED_FACE('',(#15912),#15928,.T.);
#15912 = FACE_BOUND('',#15913,.F.);
#15913 = EDGE_LOOP('',(#15914,#15920,#15921,#15927));
#15914 = ORIENTED_EDGE('',*,*,#15915,.T.);
#15915 = EDGE_CURVE('',#14921,#15488,#15916,.T.);
#15916 = LINE('',#15917,#15918);
#15917 = CARTESIAN_POINT('',(-1.95,-0.9,1.4));
#15918 = VECTOR('',#15919,1.);
#15919 = DIRECTION('',(-0.,-0.,1.));
#15920 = ORIENTED_EDGE('',*,*,#15495,.T.);
#15921 = ORIENTED_EDGE('',*,*,#15922,.F.);
#15922 = EDGE_CURVE('',#14929,#15496,#15923,.T.);
#15923 = LINE('',#15924,#15925);
#15924 = CARTESIAN_POINT('',(-1.95,-1.3,1.4));
#15925 = VECTOR('',#15926,1.);
#15926 = DIRECTION('',(-0.,-0.,1.));
#15927 = ORIENTED_EDGE('',*,*,#14928,.F.);
#15928 = PLANE('',#15929);
#15929 = AXIS2_PLACEMENT_3D('',#15930,#15931,#15932);
#15930 = CARTESIAN_POINT('',(-1.95,-0.9,1.4));
#15931 = DIRECTION('',(-1.,-0.,-0.));
#15932 = DIRECTION('',(0.,1.,0.));
#15933 = ADVANCED_FACE('',(#15934),#15946,.T.);
#15934 = FACE_BOUND('',#15935,.T.);
#15935 = EDGE_LOOP('',(#15936,#15942,#15943,#15944,#15945));
#15936 = ORIENTED_EDGE('',*,*,#15937,.T.);
#15937 = EDGE_CURVE('',#15762,#14929,#15938,.T.);
#15938 = LINE('',#15939,#15940);
#15939 = CARTESIAN_POINT('',(1.95,-1.3,1.4));
#15940 = VECTOR('',#15941,1.);
#15941 = DIRECTION('',(-1.,0.,0.));
#15942 = ORIENTED_EDGE('',*,*,#14936,.T.);
#15943 = ORIENTED_EDGE('',*,*,#15796,.T.);
#15944 = ORIENTED_EDGE('',*,*,#14796,.T.);
#15945 = ORIENTED_EDGE('',*,*,#15761,.T.);
#15946 = PLANE('',#15947);
#15947 = AXIS2_PLACEMENT_3D('',#15948,#15949,#15950);
#15948 = CARTESIAN_POINT('',(0.,0.,1.4));
#15949 = DIRECTION('',(0.,0.,1.));
#15950 = DIRECTION('',(1.,0.,-0.));
#15951 = ADVANCED_FACE('',(#15952),#15963,.F.);
#15952 = FACE_BOUND('',#15953,.T.);
#15953 = EDGE_LOOP('',(#15954,#15955,#15956,#15957));
#15954 = ORIENTED_EDGE('',*,*,#14896,.T.);
#15955 = ORIENTED_EDGE('',*,*,#14904,.T.);
#15956 = ORIENTED_EDGE('',*,*,#14912,.T.);
#15957 = ORIENTED_EDGE('',*,*,#15958,.F.);
#15958 = EDGE_CURVE('',#14889,#14913,#15959,.T.);
#15959 = LINE('',#15960,#15961);
#15960 = CARTESIAN_POINT('',(-1.95,0.375,1.4));
#15961 = VECTOR('',#15962,1.);
#15962 = DIRECTION('',(-1.224646799147E-16,-1.,0.));
#15963 = PLANE('',#15964);
#15964 = AXIS2_PLACEMENT_3D('',#15965,#15966,#15967);
#15965 = CARTESIAN_POINT('',(-1.95,0.1875,1.2));
#15966 = DIRECTION('',(1.,-1.224646799147E-16,0.));
#15967 = DIRECTION('',(-0.,0.,1.));
#15968 = ADVANCED_FACE('',(#15969),#16002,.T.);
#15969 = FACE_BOUND('',#15970,.T.);
#15970 = EDGE_LOOP('',(#15971,#15979,#15980,#15988,#15996));
#15971 = ORIENTED_EDGE('',*,*,#15972,.F.);
#15972 = EDGE_CURVE('',#14881,#15973,#15975,.T.);
#15973 = VERTEX_POINT('',#15974);
#15974 = CARTESIAN_POINT('',(-1.75,0.9,1.4));
#15975 = LINE('',#15976,#15977);
#15976 = CARTESIAN_POINT('',(-1.95,0.9,1.4));
#15977 = VECTOR('',#15978,1.);
#15978 = DIRECTION('',(1.,-0.,-0.));
#15979 = ORIENTED_EDGE('',*,*,#14888,.F.);
#15980 = ORIENTED_EDGE('',*,*,#15981,.T.);
#15981 = EDGE_CURVE('',#14889,#15982,#15984,.T.);
#15982 = VERTEX_POINT('',#15983);
#15983 = CARTESIAN_POINT('',(-1.85,0.375,1.4));
#15984 = LINE('',#15985,#15986);
#15985 = CARTESIAN_POINT('',(-0.925,0.375,1.4));
#15986 = VECTOR('',#15987,1.);
#15987 = DIRECTION('',(1.,-1.224646799147E-16,0.));
#15988 = ORIENTED_EDGE('',*,*,#15989,.T.);
#15989 = EDGE_CURVE('',#15982,#15990,#15992,.T.);
#15990 = VERTEX_POINT('',#15991);
#15991 = CARTESIAN_POINT('',(-1.75,0.375,1.4));
#15992 = LINE('',#15993,#15994);
#15993 = CARTESIAN_POINT('',(-1.95,0.375,1.4));
#15994 = VECTOR('',#15995,1.);
#15995 = DIRECTION('',(1.,-1.224646799147E-16,-0.));
#15996 = ORIENTED_EDGE('',*,*,#15997,.F.);
#15997 = EDGE_CURVE('',#15973,#15990,#15998,.T.);
#15998 = LINE('',#15999,#16000);
#15999 = CARTESIAN_POINT('',(-1.75,1.3,1.4));
#16000 = VECTOR('',#16001,1.);
#16001 = DIRECTION('',(0.,-1.,0.));
#16002 = PLANE('',#16003);
#16003 = AXIS2_PLACEMENT_3D('',#16004,#16005,#16006);
#16004 = CARTESIAN_POINT('',(0.,0.,1.4));
#16005 = DIRECTION('',(0.,0.,1.));
#16006 = DIRECTION('',(1.,0.,-0.));
#16007 = ADVANCED_FACE('',(#16008),#16024,.T.);
#16008 = FACE_BOUND('',#16009,.F.);
#16009 = EDGE_LOOP('',(#16010,#16016,#16017,#16023));
#16010 = ORIENTED_EDGE('',*,*,#16011,.T.);
#16011 = EDGE_CURVE('',#14873,#15586,#16012,.T.);
#16012 = LINE('',#16013,#16014);
#16013 = CARTESIAN_POINT('',(-1.95,1.3,1.4));
#16014 = VECTOR('',#16015,1.);
#16015 = DIRECTION('',(-0.,-0.,1.));
#16016 = ORIENTED_EDGE('',*,*,#15593,.T.);
#16017 = ORIENTED_EDGE('',*,*,#16018,.F.);
#16018 = EDGE_CURVE('',#14881,#15594,#16019,.T.);
#16019 = LINE('',#16020,#16021);
#16020 = CARTESIAN_POINT('',(-1.95,0.9,1.4));
#16021 = VECTOR('',#16022,1.);
#16022 = DIRECTION('',(-0.,-0.,1.));
#16023 = ORIENTED_EDGE('',*,*,#14880,.F.);
#16024 = PLANE('',#16025);
#16025 = AXIS2_PLACEMENT_3D('',#16026,#16027,#16028);
#16026 = CARTESIAN_POINT('',(-1.95,1.3,1.4));
#16027 = DIRECTION('',(-1.,-0.,-0.));
#16028 = DIRECTION('',(0.,1.,0.));
#16029 = ADVANCED_FACE('',(#16030),#16054,.T.);
#16030 = FACE_BOUND('',#16031,.T.);
#16031 = EDGE_LOOP('',(#16032,#16040,#16041,#16047,#16048));
#16032 = ORIENTED_EDGE('',*,*,#16033,.F.);
#16033 = EDGE_CURVE('',#14197,#16034,#16036,.T.);
#16034 = VERTEX_POINT('',#16035);
#16035 = CARTESIAN_POINT('',(-1.3,1.3,1.4));
#16036 = LINE('',#16037,#16038);
#16037 = CARTESIAN_POINT('',(-1.3,1.5,1.4));
#16038 = VECTOR('',#16039,1.);
#16039 = DIRECTION('',(-1.110223024625E-16,-1.,0.));
#16040 = ORIENTED_EDGE('',*,*,#15098,.F.);
#16041 = ORIENTED_EDGE('',*,*,#16042,.F.);
#16042 = EDGE_CURVE('',#14865,#15091,#16043,.T.);
#16043 = LINE('',#16044,#16045);
#16044 = CARTESIAN_POINT('',(-1.95,1.4,1.4));
#16045 = VECTOR('',#16046,1.);
#16046 = DIRECTION('',(1.,-1.110223024625E-16,0.));
#16047 = ORIENTED_EDGE('',*,*,#14872,.F.);
#16048 = ORIENTED_EDGE('',*,*,#16049,.F.);
#16049 = EDGE_CURVE('',#16034,#14873,#16050,.T.);
#16050 = LINE('',#16051,#16052);
#16051 = CARTESIAN_POINT('',(1.95,1.3,1.4));
#16052 = VECTOR('',#16053,1.);
#16053 = DIRECTION('',(-1.,0.,0.));
#16054 = PLANE('',#16055);
#16055 = AXIS2_PLACEMENT_3D('',#16056,#16057,#16058);
#16056 = CARTESIAN_POINT('',(0.,0.,1.4));
#16057 = DIRECTION('',(0.,0.,1.));
#16058 = DIRECTION('',(1.,0.,-0.));
#16059 = ADVANCED_FACE('',(#16060),#16072,.F.);
#16060 = FACE_BOUND('',#16061,.F.);
#16061 = EDGE_LOOP('',(#16062,#16063,#16064,#16070,#16071));
#16062 = ORIENTED_EDGE('',*,*,#15074,.T.);
#16063 = ORIENTED_EDGE('',*,*,#15320,.T.);
#16064 = ORIENTED_EDGE('',*,*,#16065,.T.);
#16065 = EDGE_CURVE('',#15321,#15091,#16066,.T.);
#16066 = LINE('',#16067,#16068);
#16067 = CARTESIAN_POINT('',(-1.3,1.5,0.6));
#16068 = VECTOR('',#16069,1.);
#16069 = DIRECTION('',(-1.377062181942E-17,-0.124034734589,
    0.992277876714));
#16070 = ORIENTED_EDGE('',*,*,#16042,.F.);
#16071 = ORIENTED_EDGE('',*,*,#14864,.F.);
#16072 = PLANE('',#16073);
#16073 = AXIS2_PLACEMENT_3D('',#16074,#16075,#16076);
#16074 = CARTESIAN_POINT('',(-1.95,1.5,0.6));
#16075 = DIRECTION('',(-1.101649745554E-16,-0.992277876714,
    -0.124034734589));
#16076 = DIRECTION('',(-1.377062181942E-17,-0.124034734589,
    0.992277876714));
#16077 = ADVANCED_FACE('',(#16078),#16084,.F.);
#16078 = FACE_BOUND('',#16079,.F.);
#16079 = EDGE_LOOP('',(#16080,#16081,#16082,#16083));
#16080 = ORIENTED_EDGE('',*,*,#15821,.T.);
#16081 = ORIENTED_EDGE('',*,*,#15837,.T.);
#16082 = ORIENTED_EDGE('',*,*,#15860,.F.);
#16083 = ORIENTED_EDGE('',*,*,#14993,.F.);
#16084 = PLANE('',#16085);
#16085 = AXIS2_PLACEMENT_3D('',#16086,#16087,#16088);
#16086 = CARTESIAN_POINT('',(-2.5,0.65,0.));
#16087 = DIRECTION('',(1.,-1.224646799147E-16,0.));
#16088 = DIRECTION('',(-1.224646799147E-16,-1.,0.));
#16089 = ADVANCED_FACE('',(#16090),#16101,.T.);
#16090 = FACE_BOUND('',#16091,.T.);
#16091 = EDGE_LOOP('',(#16092,#16093,#16094,#16095));
#16092 = ORIENTED_EDGE('',*,*,#15236,.F.);
#16093 = ORIENTED_EDGE('',*,*,#15066,.T.);
#16094 = ORIENTED_EDGE('',*,*,#15314,.T.);
#16095 = ORIENTED_EDGE('',*,*,#16096,.F.);
#16096 = EDGE_CURVE('',#15228,#15306,#16097,.T.);
#16097 = LINE('',#16098,#16099);
#16098 = CARTESIAN_POINT('',(-1.8,1.4,0.3));
#16099 = VECTOR('',#16100,1.);
#16100 = DIRECTION('',(1.110223024625E-16,1.,0.));
#16101 = PLANE('',#16102);
#16102 = AXIS2_PLACEMENT_3D('',#16103,#16104,#16105);
#16103 = CARTESIAN_POINT('',(-1.8,1.4,0.6));
#16104 = DIRECTION('',(-1.,1.110223024625E-16,0.));
#16105 = DIRECTION('',(0.,0.,-1.));
#16106 = ADVANCED_FACE('',(#16107),#16118,.T.);
#16107 = FACE_BOUND('',#16108,.T.);
#16108 = EDGE_LOOP('',(#16109,#16110,#16116,#16117));
#16109 = ORIENTED_EDGE('',*,*,#15178,.T.);
#16110 = ORIENTED_EDGE('',*,*,#16111,.T.);
#16111 = EDGE_CURVE('',#15179,#15257,#16112,.T.);
#16112 = LINE('',#16113,#16114);
#16113 = CARTESIAN_POINT('',(1.7,1.4,0.2));
#16114 = VECTOR('',#16115,1.);
#16115 = DIRECTION('',(1.110223024625E-16,1.,0.));
#16116 = ORIENTED_EDGE('',*,*,#15256,.F.);
#16117 = ORIENTED_EDGE('',*,*,#15163,.F.);
#16118 = CYLINDRICAL_SURFACE('',#16119,0.1);
#16119 = AXIS2_PLACEMENT_3D('',#16120,#16121,#16122);
#16120 = CARTESIAN_POINT('',(1.7,1.4,0.3));
#16121 = DIRECTION('',(1.110223024625E-16,1.,0.));
#16122 = DIRECTION('',(1.,-1.110223024625E-16,-0.));
#16123 = ADVANCED_FACE('',(#16124),#16135,.T.);
#16124 = FACE_BOUND('',#16125,.F.);
#16125 = EDGE_LOOP('',(#16126,#16127,#16128,#16129));
#16126 = ORIENTED_EDGE('',*,*,#15187,.F.);
#16127 = ORIENTED_EDGE('',*,*,#16111,.T.);
#16128 = ORIENTED_EDGE('',*,*,#15265,.T.);
#16129 = ORIENTED_EDGE('',*,*,#16130,.F.);
#16130 = EDGE_CURVE('',#15188,#15266,#16131,.T.);
#16131 = LINE('',#16132,#16133);
#16132 = CARTESIAN_POINT('',(0.9,1.4,0.2));
#16133 = VECTOR('',#16134,1.);
#16134 = DIRECTION('',(1.110223024625E-16,1.,0.));
#16135 = PLANE('',#16136);
#16136 = AXIS2_PLACEMENT_3D('',#16137,#16138,#16139);
#16137 = CARTESIAN_POINT('',(1.8,1.4,0.2));
#16138 = DIRECTION('',(0.,-0.,-1.));
#16139 = DIRECTION('',(1.,-1.110223024625E-16,0.));
#16140 = ADVANCED_FACE('',(#16141),#16152,.T.);
#16141 = FACE_BOUND('',#16142,.F.);
#16142 = EDGE_LOOP('',(#16143,#16144,#16145,#16151));
#16143 = ORIENTED_EDGE('',*,*,#16130,.T.);
#16144 = ORIENTED_EDGE('',*,*,#15273,.T.);
#16145 = ORIENTED_EDGE('',*,*,#16146,.F.);
#16146 = EDGE_CURVE('',#15196,#15274,#16147,.T.);
#16147 = LINE('',#16148,#16149);
#16148 = CARTESIAN_POINT('',(0.9,1.4,1.));
#16149 = VECTOR('',#16150,1.);
#16150 = DIRECTION('',(1.110223024625E-16,1.,0.));
#16151 = ORIENTED_EDGE('',*,*,#15195,.F.);
#16152 = PLANE('',#16153);
#16153 = AXIS2_PLACEMENT_3D('',#16154,#16155,#16156);
#16154 = CARTESIAN_POINT('',(0.9,1.4,0.2));
#16155 = DIRECTION('',(-1.,1.110223024625E-16,0.));
#16156 = DIRECTION('',(0.,0.,-1.));
#16157 = ADVANCED_FACE('',(#16158),#16169,.T.);
#16158 = FACE_BOUND('',#16159,.F.);
#16159 = EDGE_LOOP('',(#16160,#16161,#16162,#16168));
#16160 = ORIENTED_EDGE('',*,*,#16146,.T.);
#16161 = ORIENTED_EDGE('',*,*,#15281,.T.);
#16162 = ORIENTED_EDGE('',*,*,#16163,.F.);
#16163 = EDGE_CURVE('',#15204,#15282,#16164,.T.);
#16164 = LINE('',#16165,#16166);
#16165 = CARTESIAN_POINT('',(-0.9,1.4,1.));
#16166 = VECTOR('',#16167,1.);
#16167 = DIRECTION('',(1.110223024625E-16,1.,0.));
#16168 = ORIENTED_EDGE('',*,*,#15203,.T.);
#16169 = PLANE('',#16170);
#16170 = AXIS2_PLACEMENT_3D('',#16171,#16172,#16173);
#16171 = CARTESIAN_POINT('',(0.9,1.4,1.));
#16172 = DIRECTION('',(0.,-0.,-1.));
#16173 = DIRECTION('',(1.,-1.110223024625E-16,0.));
#16174 = ADVANCED_FACE('',(#16175),#16186,.T.);
#16175 = FACE_BOUND('',#16176,.T.);
#16176 = EDGE_LOOP('',(#16177,#16183,#16184,#16185));
#16177 = ORIENTED_EDGE('',*,*,#16178,.T.);
#16178 = EDGE_CURVE('',#15212,#15290,#16179,.T.);
#16179 = LINE('',#16180,#16181);
#16180 = CARTESIAN_POINT('',(-0.9,1.4,0.2));
#16181 = VECTOR('',#16182,1.);
#16182 = DIRECTION('',(1.110223024625E-16,1.,0.));
#16183 = ORIENTED_EDGE('',*,*,#15289,.T.);
#16184 = ORIENTED_EDGE('',*,*,#16163,.F.);
#16185 = ORIENTED_EDGE('',*,*,#15211,.F.);
#16186 = PLANE('',#16187);
#16187 = AXIS2_PLACEMENT_3D('',#16188,#16189,#16190);
#16188 = CARTESIAN_POINT('',(-0.9,1.4,0.2));
#16189 = DIRECTION('',(1.,-1.110223024625E-16,0.));
#16190 = DIRECTION('',(0.,0.,1.));
#16191 = ADVANCED_FACE('',(#16192),#16203,.T.);
#16192 = FACE_BOUND('',#16193,.T.);
#16193 = EDGE_LOOP('',(#16194,#16195,#16201,#16202));
#16194 = ORIENTED_EDGE('',*,*,#15219,.F.);
#16195 = ORIENTED_EDGE('',*,*,#16196,.T.);
#16196 = EDGE_CURVE('',#15220,#15298,#16197,.T.);
#16197 = LINE('',#16198,#16199);
#16198 = CARTESIAN_POINT('',(-1.7,1.4,0.2));
#16199 = VECTOR('',#16200,1.);
#16200 = DIRECTION('',(1.110223024625E-16,1.,0.));
#16201 = ORIENTED_EDGE('',*,*,#15297,.T.);
#16202 = ORIENTED_EDGE('',*,*,#16178,.F.);
#16203 = PLANE('',#16204);
#16204 = AXIS2_PLACEMENT_3D('',#16205,#16206,#16207);
#16205 = CARTESIAN_POINT('',(-1.8,1.4,0.2));
#16206 = DIRECTION('',(0.,0.,-1.));
#16207 = DIRECTION('',(1.,-1.110223024625E-16,0.));
#16208 = ADVANCED_FACE('',(#16209),#16215,.T.);
#16209 = FACE_BOUND('',#16210,.T.);
#16210 = EDGE_LOOP('',(#16211,#16212,#16213,#16214));
#16211 = ORIENTED_EDGE('',*,*,#16096,.T.);
#16212 = ORIENTED_EDGE('',*,*,#15305,.T.);
#16213 = ORIENTED_EDGE('',*,*,#16196,.F.);
#16214 = ORIENTED_EDGE('',*,*,#15227,.F.);
#16215 = CYLINDRICAL_SURFACE('',#16216,0.1);
#16216 = AXIS2_PLACEMENT_3D('',#16217,#16218,#16219);
#16217 = CARTESIAN_POINT('',(-1.7,1.4,0.3));
#16218 = DIRECTION('',(1.110223024625E-16,1.,0.));
#16219 = DIRECTION('',(-1.,1.110223024625E-16,0.));
#16220 = ADVANCED_FACE('',(#16221),#16241,.T.);
#16221 = FACE_BOUND('',#16222,.T.);
#16222 = EDGE_LOOP('',(#16223,#16224,#16230,#16231,#16238,#16239,#16240)
  );
#16223 = ORIENTED_EDGE('',*,*,#16033,.T.);
#16224 = ORIENTED_EDGE('',*,*,#16225,.T.);
#16225 = EDGE_CURVE('',#16034,#15578,#16226,.T.);
#16226 = LINE('',#16227,#16228);
#16227 = CARTESIAN_POINT('',(-1.3,1.3,1.4));
#16228 = VECTOR('',#16229,1.);
#16229 = DIRECTION('',(0.,0.,1.));
#16230 = ORIENTED_EDGE('',*,*,#15577,.T.);
#16231 = ORIENTED_EDGE('',*,*,#16232,.T.);
#16232 = EDGE_CURVE('',#15570,#15329,#16233,.T.);
#16233 = CIRCLE('',#16234,0.1);
#16234 = AXIS2_PLACEMENT_3D('',#16235,#16236,#16237);
#16235 = CARTESIAN_POINT('',(-1.3,1.4,1.4));
#16236 = DIRECTION('',(-1.,1.110223024625E-16,0.));
#16237 = DIRECTION('',(2.465190328815E-31,2.22044604925E-15,1.));
#16238 = ORIENTED_EDGE('',*,*,#15328,.T.);
#16239 = ORIENTED_EDGE('',*,*,#16065,.T.);
#16240 = ORIENTED_EDGE('',*,*,#15098,.T.);
#16241 = PLANE('',#16242);
#16242 = AXIS2_PLACEMENT_3D('',#16243,#16244,#16245);
#16243 = CARTESIAN_POINT('',(-1.3,1.390382092219,1.44440777772));
#16244 = DIRECTION('',(-1.,1.110223024625E-16,0.));
#16245 = DIRECTION('',(0.,0.,1.));
#16246 = ADVANCED_FACE('',(#16247),#16253,.T.);
#16247 = FACE_BOUND('',#16248,.T.);
#16248 = EDGE_LOOP('',(#16249,#16250,#16251,#16252));
#16249 = ORIENTED_EDGE('',*,*,#15376,.T.);
#16250 = ORIENTED_EDGE('',*,*,#15336,.T.);
#16251 = ORIENTED_EDGE('',*,*,#16232,.F.);
#16252 = ORIENTED_EDGE('',*,*,#15569,.F.);
#16253 = CYLINDRICAL_SURFACE('',#16254,0.1);
#16254 = AXIS2_PLACEMENT_3D('',#16255,#16256,#16257);
#16255 = CARTESIAN_POINT('',(0.65,1.4,1.4));
#16256 = DIRECTION('',(1.,-1.110223024625E-16,-0.));
#16257 = DIRECTION('',(2.465190328815E-31,2.22044604925E-15,1.));
#16258 = ADVANCED_FACE('',(#16259),#16270,.T.);
#16259 = FACE_BOUND('',#16260,.F.);
#16260 = EDGE_LOOP('',(#16261,#16267,#16268,#16269));
#16261 = ORIENTED_EDGE('',*,*,#16262,.T.);
#16262 = EDGE_CURVE('',#15894,#15486,#16263,.T.);
#16263 = LINE('',#16264,#16265);
#16264 = CARTESIAN_POINT('',(-1.75,-0.9,1.4));
#16265 = VECTOR('',#16266,1.);
#16266 = DIRECTION('',(-0.,-0.,1.));
#16267 = ORIENTED_EDGE('',*,*,#15485,.T.);
#16268 = ORIENTED_EDGE('',*,*,#15915,.F.);
#16269 = ORIENTED_EDGE('',*,*,#15893,.F.);
#16270 = PLANE('',#16271);
#16271 = AXIS2_PLACEMENT_3D('',#16272,#16273,#16274);
#16272 = CARTESIAN_POINT('',(-1.75,-0.9,1.4));
#16273 = DIRECTION('',(-0.,1.,-0.));
#16274 = DIRECTION('',(1.,0.,0.));
#16275 = ADVANCED_FACE('',(#16276),#16282,.T.);
#16276 = FACE_BOUND('',#16277,.F.);
#16277 = EDGE_LOOP('',(#16278,#16279,#16280,#16281));
#16278 = ORIENTED_EDGE('',*,*,#15937,.T.);
#16279 = ORIENTED_EDGE('',*,*,#15922,.T.);
#16280 = ORIENTED_EDGE('',*,*,#15503,.T.);
#16281 = ORIENTED_EDGE('',*,*,#15769,.F.);
#16282 = PLANE('',#16283);
#16283 = AXIS2_PLACEMENT_3D('',#16284,#16285,#16286);
#16284 = CARTESIAN_POINT('',(-1.95,-1.3,1.4));
#16285 = DIRECTION('',(-0.,-1.,-0.));
#16286 = DIRECTION('',(-1.,0.,0.));
#16287 = ADVANCED_FACE('',(#16288),#16294,.T.);
#16288 = FACE_BOUND('',#16289,.F.);
#16289 = EDGE_LOOP('',(#16290,#16291,#16292,#16293));
#16290 = ORIENTED_EDGE('',*,*,#16011,.F.);
#16291 = ORIENTED_EDGE('',*,*,#16049,.F.);
#16292 = ORIENTED_EDGE('',*,*,#16225,.T.);
#16293 = ORIENTED_EDGE('',*,*,#15585,.F.);
#16294 = PLANE('',#16295);
#16295 = AXIS2_PLACEMENT_3D('',#16296,#16297,#16298);
#16296 = CARTESIAN_POINT('',(-1.75,1.3,1.4));
#16297 = DIRECTION('',(-0.,1.,-0.));
#16298 = DIRECTION('',(1.,0.,0.));
#16299 = ADVANCED_FACE('',(#16300),#16311,.T.);
#16300 = FACE_BOUND('',#16301,.F.);
#16301 = EDGE_LOOP('',(#16302,#16303,#16304,#16310));
#16302 = ORIENTED_EDGE('',*,*,#16018,.T.);
#16303 = ORIENTED_EDGE('',*,*,#15601,.T.);
#16304 = ORIENTED_EDGE('',*,*,#16305,.F.);
#16305 = EDGE_CURVE('',#15973,#15602,#16306,.T.);
#16306 = LINE('',#16307,#16308);
#16307 = CARTESIAN_POINT('',(-1.75,0.9,1.4));
#16308 = VECTOR('',#16309,1.);
#16309 = DIRECTION('',(-0.,-0.,1.));
#16310 = ORIENTED_EDGE('',*,*,#15972,.F.);
#16311 = PLANE('',#16312);
#16312 = AXIS2_PLACEMENT_3D('',#16313,#16314,#16315);
#16313 = CARTESIAN_POINT('',(-1.95,0.9,1.4));
#16314 = DIRECTION('',(-0.,-1.,-0.));
#16315 = DIRECTION('',(-1.,0.,0.));
#16316 = ADVANCED_FACE('',(#16317),#16328,.F.);
#16317 = FACE_BOUND('',#16318,.F.);
#16318 = EDGE_LOOP('',(#16319,#16320,#16321,#16322));
#16319 = ORIENTED_EDGE('',*,*,#15997,.F.);
#16320 = ORIENTED_EDGE('',*,*,#16305,.T.);
#16321 = ORIENTED_EDGE('',*,*,#15609,.T.);
#16322 = ORIENTED_EDGE('',*,*,#16323,.F.);
#16323 = EDGE_CURVE('',#15990,#15610,#16324,.T.);
#16324 = LINE('',#16325,#16326);
#16325 = CARTESIAN_POINT('',(-1.75,0.375,1.4));
#16326 = VECTOR('',#16327,1.);
#16327 = DIRECTION('',(0.,0.,1.));
#16328 = PLANE('',#16329);
#16329 = AXIS2_PLACEMENT_3D('',#16330,#16331,#16332);
#16330 = CARTESIAN_POINT('',(-1.75,1.3,1.4));
#16331 = DIRECTION('',(1.,0.,-0.));
#16332 = DIRECTION('',(0.,-1.,0.));
#16333 = ADVANCED_FACE('',(#16334),#16347,.T.);
#16334 = FACE_BOUND('',#16335,.F.);
#16335 = EDGE_LOOP('',(#16336,#16337,#16338,#16339,#16340));
#16336 = ORIENTED_EDGE('',*,*,#15981,.T.);
#16337 = ORIENTED_EDGE('',*,*,#15989,.T.);
#16338 = ORIENTED_EDGE('',*,*,#16323,.T.);
#16339 = ORIENTED_EDGE('',*,*,#15617,.T.);
#16340 = ORIENTED_EDGE('',*,*,#16341,.T.);
#16341 = EDGE_CURVE('',#15618,#14889,#16342,.T.);
#16342 = CIRCLE('',#16343,0.1);
#16343 = AXIS2_PLACEMENT_3D('',#16344,#16345,#16346);
#16344 = CARTESIAN_POINT('',(-1.85,0.375,1.4));
#16345 = DIRECTION('',(-1.224646799147E-16,-1.,0.));
#16346 = DIRECTION('',(2.22044604925E-15,-2.719262146893E-31,1.));
#16347 = PLANE('',#16348);
#16348 = AXIS2_PLACEMENT_3D('',#16349,#16350,#16351);
#16349 = CARTESIAN_POINT('',(-1.85,0.375,1.4));
#16350 = DIRECTION('',(1.224646799147E-16,1.,-0.));
#16351 = DIRECTION('',(0.,0.,1.));
#16352 = ADVANCED_FACE('',(#16353),#16365,.T.);
#16353 = FACE_BOUND('',#16354,.T.);
#16354 = EDGE_LOOP('',(#16355,#16356,#16357,#16364));
#16355 = ORIENTED_EDGE('',*,*,#16341,.T.);
#16356 = ORIENTED_EDGE('',*,*,#15958,.T.);
#16357 = ORIENTED_EDGE('',*,*,#16358,.F.);
#16358 = EDGE_CURVE('',#15626,#14913,#16359,.T.);
#16359 = CIRCLE('',#16360,0.1);
#16360 = AXIS2_PLACEMENT_3D('',#16361,#16362,#16363);
#16361 = CARTESIAN_POINT('',(-1.85,-0.375,1.4));
#16362 = DIRECTION('',(-1.224646799147E-16,-1.,0.));
#16363 = DIRECTION('',(2.22044604925E-15,-2.719262146893E-31,1.));
#16364 = ORIENTED_EDGE('',*,*,#15625,.F.);
#16365 = CYLINDRICAL_SURFACE('',#16366,0.1);
#16366 = AXIS2_PLACEMENT_3D('',#16367,#16368,#16369);
#16367 = CARTESIAN_POINT('',(-1.85,0.1875,1.4));
#16368 = DIRECTION('',(1.224646799147E-16,1.,-0.));
#16369 = DIRECTION('',(2.22044604925E-15,-2.719262146893E-31,1.));
#16370 = ADVANCED_FACE('',(#16371),#16383,.T.);
#16371 = FACE_BOUND('',#16372,.T.);
#16372 = EDGE_LOOP('',(#16373,#16374,#16375,#16381,#16382));
#16373 = ORIENTED_EDGE('',*,*,#15886,.F.);
#16374 = ORIENTED_EDGE('',*,*,#15876,.T.);
#16375 = ORIENTED_EDGE('',*,*,#16376,.T.);
#16376 = EDGE_CURVE('',#15879,#15634,#16377,.T.);
#16377 = LINE('',#16378,#16379);
#16378 = CARTESIAN_POINT('',(-1.75,-0.375,1.4));
#16379 = VECTOR('',#16380,1.);
#16380 = DIRECTION('',(0.,0.,1.));
#16381 = ORIENTED_EDGE('',*,*,#15633,.T.);
#16382 = ORIENTED_EDGE('',*,*,#16358,.T.);
#16383 = PLANE('',#16384);
#16384 = AXIS2_PLACEMENT_3D('',#16385,#16386,#16387);
#16385 = CARTESIAN_POINT('',(-1.85,-0.375,1.4));
#16386 = DIRECTION('',(-1.224646799147E-16,-1.,0.));
#16387 = DIRECTION('',(-0.,0.,-1.));
#16388 = ADVANCED_FACE('',(#16389),#16395,.F.);
#16389 = FACE_BOUND('',#16390,.F.);
#16390 = EDGE_LOOP('',(#16391,#16392,#16393,#16394));
#16391 = ORIENTED_EDGE('',*,*,#15901,.F.);
#16392 = ORIENTED_EDGE('',*,*,#16376,.T.);
#16393 = ORIENTED_EDGE('',*,*,#15641,.T.);
#16394 = ORIENTED_EDGE('',*,*,#16262,.F.);
#16395 = PLANE('',#16396);
#16396 = AXIS2_PLACEMENT_3D('',#16397,#16398,#16399);
#16397 = CARTESIAN_POINT('',(-1.75,1.3,1.4));
#16398 = DIRECTION('',(1.,0.,-0.));
#16399 = DIRECTION('',(0.,-1.,0.));
#16400 = ADVANCED_FACE('',(#16401),#16420,.F.);
#16401 = FACE_BOUND('',#16402,.F.);
#16402 = EDGE_LOOP('',(#16403,#16404,#16412,#16419));
#16403 = ORIENTED_EDGE('',*,*,#15649,.F.);
#16404 = ORIENTED_EDGE('',*,*,#16405,.F.);
#16405 = EDGE_CURVE('',#16406,#15650,#16408,.T.);
#16406 = VERTEX_POINT('',#16407);
#16407 = CARTESIAN_POINT('',(0.95,-2.32682891838E-16,1.4));
#16408 = LINE('',#16409,#16410);
#16409 = CARTESIAN_POINT('',(0.95,-2.32682891838E-16,1.4));
#16410 = VECTOR('',#16411,1.);
#16411 = DIRECTION('',(0.,0.,1.));
#16412 = ORIENTED_EDGE('',*,*,#16413,.T.);
#16413 = EDGE_CURVE('',#16406,#16406,#16414,.T.);
#16414 = CIRCLE('',#16415,0.95);
#16415 = AXIS2_PLACEMENT_3D('',#16416,#16417,#16418);
#16416 = CARTESIAN_POINT('',(0.,0.,1.4));
#16417 = DIRECTION('',(0.,0.,1.));
#16418 = DIRECTION('',(1.,0.,-0.));
#16419 = ORIENTED_EDGE('',*,*,#16405,.T.);
#16420 = CYLINDRICAL_SURFACE('',#16421,0.95);
#16421 = AXIS2_PLACEMENT_3D('',#16422,#16423,#16424);
#16422 = CARTESIAN_POINT('',(0.,0.,1.4));
#16423 = DIRECTION('',(0.,0.,1.));
#16424 = DIRECTION('',(1.,0.,-0.));
#16425 = ADVANCED_FACE('',(#16426,#16429),#16440,.T.);
#16426 = FACE_BOUND('',#16427,.T.);
#16427 = EDGE_LOOP('',(#16428));
#16428 = ORIENTED_EDGE('',*,*,#16413,.T.);
#16429 = FACE_BOUND('',#16430,.T.);
#16430 = EDGE_LOOP('',(#16431));
#16431 = ORIENTED_EDGE('',*,*,#16432,.F.);
#16432 = EDGE_CURVE('',#16433,#16433,#16435,.T.);
#16433 = VERTEX_POINT('',#16434);
#16434 = CARTESIAN_POINT('',(0.9,0.,1.4));
#16435 = CIRCLE('',#16436,0.9);
#16436 = AXIS2_PLACEMENT_3D('',#16437,#16438,#16439);
#16437 = CARTESIAN_POINT('',(0.,0.,1.4));
#16438 = DIRECTION('',(0.,0.,1.));
#16439 = DIRECTION('',(1.,0.,-0.));
#16440 = PLANE('',#16441);
#16441 = AXIS2_PLACEMENT_3D('',#16442,#16443,#16444);
#16442 = CARTESIAN_POINT('',(0.,0.,1.4));
#16443 = DIRECTION('',(0.,0.,1.));
#16444 = DIRECTION('',(1.,0.,-0.));
#16445 = ADVANCED_FACE('',(#16446),#16465,.T.);
#16446 = FACE_BOUND('',#16447,.T.);
#16447 = EDGE_LOOP('',(#16448,#16449,#16457,#16464));
#16448 = ORIENTED_EDGE('',*,*,#16432,.T.);
#16449 = ORIENTED_EDGE('',*,*,#16450,.T.);
#16450 = EDGE_CURVE('',#16433,#16451,#16453,.T.);
#16451 = VERTEX_POINT('',#16452);
#16452 = CARTESIAN_POINT('',(0.9,0.,2.));
#16453 = LINE('',#16454,#16455);
#16454 = CARTESIAN_POINT('',(0.9,0.,1.4));
#16455 = VECTOR('',#16456,1.);
#16456 = DIRECTION('',(0.,0.,1.));
#16457 = ORIENTED_EDGE('',*,*,#16458,.F.);
#16458 = EDGE_CURVE('',#16451,#16451,#16459,.T.);
#16459 = CIRCLE('',#16460,0.9);
#16460 = AXIS2_PLACEMENT_3D('',#16461,#16462,#16463);
#16461 = CARTESIAN_POINT('',(0.,0.,2.));
#16462 = DIRECTION('',(0.,0.,1.));
#16463 = DIRECTION('',(1.,0.,-0.));
#16464 = ORIENTED_EDGE('',*,*,#16450,.F.);
#16465 = CYLINDRICAL_SURFACE('',#16466,0.9);
#16466 = AXIS2_PLACEMENT_3D('',#16467,#16468,#16469);
#16467 = CARTESIAN_POINT('',(0.,0.,1.4));
#16468 = DIRECTION('',(0.,0.,1.));
#16469 = DIRECTION('',(1.,0.,-0.));
#16470 = ADVANCED_FACE('',(#16471),#16474,.T.);
#16471 = FACE_BOUND('',#16472,.T.);
#16472 = EDGE_LOOP('',(#16473));
#16473 = ORIENTED_EDGE('',*,*,#16458,.T.);
#16474 = PLANE('',#16475);
#16475 = AXIS2_PLACEMENT_3D('',#16476,#16477,#16478);
#16476 = CARTESIAN_POINT('',(0.,0.,2.));
#16477 = DIRECTION('',(0.,0.,1.));
#16478 = DIRECTION('',(1.,0.,-0.));
#16479 = ( GEOMETRIC_REPRESENTATION_CONTEXT(3) 
GLOBAL_UNCERTAINTY_ASSIGNED_CONTEXT((#16483)) 
GLOBAL_UNIT_ASSIGNED_CONTEXT((#16480,#16481,#16482)) 
REPRESENTATION_CONTEXT('Context #1',
  '3D Context with UNIT and UNCERTAINTY') );
#16480 = ( LENGTH_UNIT() NAMED_UNIT(*) SI_UNIT(.MILLI.,.METRE.) );
#16481 = ( NAMED_UNIT(*) PLANE_ANGLE_UNIT() SI_UNIT($,.RADIAN.) );
#16482 = ( NAMED_UNIT(*) SI_UNIT($,.STERADIAN.) SOLID_ANGLE_UNIT() );
#16483 = UNCERTAINTY_MEASURE_WITH_UNIT(LENGTH_MEASURE(1.E-07),#16480,
  'distance_accuracy_value','confusion accuracy');
#16484 = CONTEXT_DEPENDENT_SHAPE_REPRESENTATION(#16485,#16487);
#16485 = ( REPRESENTATION_RELATIONSHIP('','',#13558,#13535) 
REPRESENTATION_RELATIONSHIP_WITH_TRANSFORMATION(#16486) 
SHAPE_REPRESENTATION_RELATIONSHIP() );
#16486 = ITEM_DEFINED_TRANSFORMATION('','',#11,#13536);
#16487 = PRODUCT_DEFINITION_SHAPE('Placement','Placement of an item',
  #16488);
#16488 = NEXT_ASSEMBLY_USAGE_OCCURRENCE('14','=>[0:1:1:15]','',#13530,
  #13553,$);
#16489 = PRODUCT_RELATED_PRODUCT_CATEGORY('part',$,(#13555));
#16490 = SHAPE_DEFINITION_REPRESENTATION(#16491,#16497);
#16491 = PRODUCT_DEFINITION_SHAPE('','',#16492);
#16492 = PRODUCT_DEFINITION('design','',#16493,#16496);
#16493 = PRODUCT_DEFINITION_FORMATION('','',#16494);
#16494 = PRODUCT('oled-stats-dongle-unsaved-export-sxc3Nu_PCB',
  'oled-stats-dongle-unsaved-export-sxc3Nu_PCB','',(#16495));
#16495 = PRODUCT_CONTEXT('',#2,'mechanical');
#16496 = PRODUCT_DEFINITION_CONTEXT('part definition',#2,'design');
#16497 = ADVANCED_BREP_SHAPE_REPRESENTATION('',(#11,#16498),#17041);
#16498 = MANIFOLD_SOLID_BREP('',#16499);
#16499 = CLOSED_SHELL('',(#16500,#16540,#16571,#16602,#16722,#16842,
    #16859,#16876,#16893,#16910,#16927,#16944,#16956,#16973,#16990,
    #17007,#17024));
#16500 = ADVANCED_FACE('',(#16501),#16535,.T.);
#16501 = FACE_BOUND('',#16502,.T.);
#16502 = EDGE_LOOP('',(#16503,#16513,#16521,#16529));
#16503 = ORIENTED_EDGE('',*,*,#16504,.T.);
#16504 = EDGE_CURVE('',#16505,#16507,#16509,.T.);
#16505 = VERTEX_POINT('',#16506);
#16506 = CARTESIAN_POINT('',(115.091839,-41.999889,0.));
#16507 = VERTEX_POINT('',#16508);
#16508 = CARTESIAN_POINT('',(115.091839,-41.999889,1.91));
#16509 = LINE('',#16510,#16511);
#16510 = CARTESIAN_POINT('',(115.091839,-41.999889,0.));
#16511 = VECTOR('',#16512,1.);
#16512 = DIRECTION('',(0.,0.,1.));
#16513 = ORIENTED_EDGE('',*,*,#16514,.T.);
#16514 = EDGE_CURVE('',#16507,#16515,#16517,.T.);
#16515 = VERTEX_POINT('',#16516);
#16516 = CARTESIAN_POINT('',(115.,-86.5,1.91));
#16517 = LINE('',#16518,#16519);
#16518 = CARTESIAN_POINT('',(115.091839,-41.999889,1.91));
#16519 = VECTOR('',#16520,1.);
#16520 = DIRECTION('',(-2.063788209842E-03,-0.999997870387,0.));
#16521 = ORIENTED_EDGE('',*,*,#16522,.F.);
#16522 = EDGE_CURVE('',#16523,#16515,#16525,.T.);
#16523 = VERTEX_POINT('',#16524);
#16524 = CARTESIAN_POINT('',(115.,-86.5,0.));
#16525 = LINE('',#16526,#16527);
#16526 = CARTESIAN_POINT('',(115.,-86.5,0.));
#16527 = VECTOR('',#16528,1.);
#16528 = DIRECTION('',(0.,0.,1.));
#16529 = ORIENTED_EDGE('',*,*,#16530,.F.);
#16530 = EDGE_CURVE('',#16505,#16523,#16531,.T.);
#16531 = LINE('',#16532,#16533);
#16532 = CARTESIAN_POINT('',(115.091839,-41.999889,0.));
#16533 = VECTOR('',#16534,1.);
#16534 = DIRECTION('',(-2.063788209842E-03,-0.999997870387,0.));
#16535 = PLANE('',#16536);
#16536 = AXIS2_PLACEMENT_3D('',#16537,#16538,#16539);
#16537 = CARTESIAN_POINT('',(115.091839,-41.999889,0.));
#16538 = DIRECTION('',(0.999997870387,-2.063788209842E-03,0.));
#16539 = DIRECTION('',(-2.063788209842E-03,-0.999997870387,0.));
#16540 = ADVANCED_FACE('',(#16541),#16566,.T.);
#16541 = FACE_BOUND('',#16542,.T.);
#16542 = EDGE_LOOP('',(#16543,#16553,#16559,#16560));
#16543 = ORIENTED_EDGE('',*,*,#16544,.T.);
#16544 = EDGE_CURVE('',#16545,#16547,#16549,.T.);
#16545 = VERTEX_POINT('',#16546);
#16546 = CARTESIAN_POINT('',(111.1369,-39.150145,0.));
#16547 = VERTEX_POINT('',#16548);
#16548 = CARTESIAN_POINT('',(111.1369,-39.150145,1.91));
#16549 = LINE('',#16550,#16551);
#16550 = CARTESIAN_POINT('',(111.1369,-39.150145,0.));
#16551 = VECTOR('',#16552,1.);
#16552 = DIRECTION('',(0.,0.,1.));
#16553 = ORIENTED_EDGE('',*,*,#16554,.T.);
#16554 = EDGE_CURVE('',#16547,#16507,#16555,.T.);
#16555 = LINE('',#16556,#16557);
#16556 = CARTESIAN_POINT('',(111.1369,-39.150145,1.91));
#16557 = VECTOR('',#16558,1.);
#16558 = DIRECTION('',(0.811321458564,-0.584600282991,0.));
#16559 = ORIENTED_EDGE('',*,*,#16504,.F.);
#16560 = ORIENTED_EDGE('',*,*,#16561,.F.);
#16561 = EDGE_CURVE('',#16545,#16505,#16562,.T.);
#16562 = LINE('',#16563,#16564);
#16563 = CARTESIAN_POINT('',(111.1369,-39.150145,0.));
#16564 = VECTOR('',#16565,1.);
#16565 = DIRECTION('',(0.811321458564,-0.584600282991,0.));
#16566 = PLANE('',#16567);
#16567 = AXIS2_PLACEMENT_3D('',#16568,#16569,#16570);
#16568 = CARTESIAN_POINT('',(111.1369,-39.150145,0.));
#16569 = DIRECTION('',(0.584600282991,0.811321458564,-0.));
#16570 = DIRECTION('',(0.811321458564,-0.584600282991,0.));
#16571 = ADVANCED_FACE('',(#16572),#16597,.T.);
#16572 = FACE_BOUND('',#16573,.T.);
#16573 = EDGE_LOOP('',(#16574,#16575,#16583,#16591));
#16574 = ORIENTED_EDGE('',*,*,#16522,.T.);
#16575 = ORIENTED_EDGE('',*,*,#16576,.T.);
#16576 = EDGE_CURVE('',#16515,#16577,#16579,.T.);
#16577 = VERTEX_POINT('',#16578);
#16578 = CARTESIAN_POINT('',(112.,-88.,1.91));
#16579 = LINE('',#16580,#16581);
#16580 = CARTESIAN_POINT('',(115.,-86.5,1.91));
#16581 = VECTOR('',#16582,1.);
#16582 = DIRECTION('',(-0.894427191,-0.4472135955,0.));
#16583 = ORIENTED_EDGE('',*,*,#16584,.F.);
#16584 = EDGE_CURVE('',#16585,#16577,#16587,.T.);
#16585 = VERTEX_POINT('',#16586);
#16586 = CARTESIAN_POINT('',(112.,-88.,0.));
#16587 = LINE('',#16588,#16589);
#16588 = CARTESIAN_POINT('',(112.,-88.,0.));
#16589 = VECTOR('',#16590,1.);
#16590 = DIRECTION('',(0.,0.,1.));
#16591 = ORIENTED_EDGE('',*,*,#16592,.F.);
#16592 = EDGE_CURVE('',#16523,#16585,#16593,.T.);
#16593 = LINE('',#16594,#16595);
#16594 = CARTESIAN_POINT('',(115.,-86.5,0.));
#16595 = VECTOR('',#16596,1.);
#16596 = DIRECTION('',(-0.894427191,-0.4472135955,0.));
#16597 = PLANE('',#16598);
#16598 = AXIS2_PLACEMENT_3D('',#16599,#16600,#16601);
#16599 = CARTESIAN_POINT('',(115.,-86.5,0.));
#16600 = DIRECTION('',(0.4472135955,-0.894427191,0.));
#16601 = DIRECTION('',(-0.894427191,-0.4472135955,0.));
#16602 = ADVANCED_FACE('',(#16603,#16662,#16673,#16684,#16695,#16706),
  #16717,.F.);
#16603 = FACE_BOUND('',#16604,.F.);
#16604 = EDGE_LOOP('',(#16605,#16606,#16607,#16615,#16623,#16631,#16639,
    #16647,#16655,#16661));
#16605 = ORIENTED_EDGE('',*,*,#16530,.F.);
#16606 = ORIENTED_EDGE('',*,*,#16561,.F.);
#16607 = ORIENTED_EDGE('',*,*,#16608,.F.);
#16608 = EDGE_CURVE('',#16609,#16545,#16611,.T.);
#16609 = VERTEX_POINT('',#16610);
#16610 = CARTESIAN_POINT('',(101.19405,-39.19995,0.));
#16611 = LINE('',#16612,#16613);
#16612 = CARTESIAN_POINT('',(101.19405,-39.19995,0.));
#16613 = VECTOR('',#16614,1.);
#16614 = DIRECTION('',(0.999987454559,5.009064320018E-03,0.));
#16615 = ORIENTED_EDGE('',*,*,#16616,.F.);
#16616 = EDGE_CURVE('',#16617,#16609,#16619,.T.);
#16617 = VERTEX_POINT('',#16618);
#16618 = CARTESIAN_POINT('',(97.406168,-41.929049,0.));
#16619 = LINE('',#16620,#16621);
#16620 = CARTESIAN_POINT('',(97.406168,-41.929049,0.));
#16621 = VECTOR('',#16622,1.);
#16622 = DIRECTION('',(0.8113490444,0.584561996842,0.));
#16623 = ORIENTED_EDGE('',*,*,#16624,.F.);
#16624 = EDGE_CURVE('',#16625,#16617,#16627,.T.);
#16625 = VERTEX_POINT('',#16626);
#16626 = CARTESIAN_POINT('',(97.5,-86.5,0.));
#16627 = LINE('',#16628,#16629);
#16628 = CARTESIAN_POINT('',(97.5,-86.5,0.));
#16629 = VECTOR('',#16630,1.);
#16630 = DIRECTION('',(-2.105223020028E-03,0.999997784016,0.));
#16631 = ORIENTED_EDGE('',*,*,#16632,.F.);
#16632 = EDGE_CURVE('',#16633,#16625,#16635,.T.);
#16633 = VERTEX_POINT('',#16634);
#16634 = CARTESIAN_POINT('',(100.,-88.,0.));
#16635 = LINE('',#16636,#16637);
#16636 = CARTESIAN_POINT('',(100.,-88.,0.));
#16637 = VECTOR('',#16638,1.);
#16638 = DIRECTION('',(-0.857492925713,0.514495755428,0.));
#16639 = ORIENTED_EDGE('',*,*,#16640,.F.);
#16640 = EDGE_CURVE('',#16641,#16633,#16643,.T.);
#16641 = VERTEX_POINT('',#16642);
#16642 = CARTESIAN_POINT('',(100.,-100.,0.));
#16643 = LINE('',#16644,#16645);
#16644 = CARTESIAN_POINT('',(100.,-100.,0.));
#16645 = VECTOR('',#16646,1.);
#16646 = DIRECTION('',(0.,1.,0.));
#16647 = ORIENTED_EDGE('',*,*,#16648,.F.);
#16648 = EDGE_CURVE('',#16649,#16641,#16651,.T.);
#16649 = VERTEX_POINT('',#16650);
#16650 = CARTESIAN_POINT('',(112.,-100.,0.));
#16651 = LINE('',#16652,#16653);
#16652 = CARTESIAN_POINT('',(112.,-100.,0.));
#16653 = VECTOR('',#16654,1.);
#16654 = DIRECTION('',(-1.,0.,0.));
#16655 = ORIENTED_EDGE('',*,*,#16656,.F.);
#16656 = EDGE_CURVE('',#16585,#16649,#16657,.T.);
#16657 = LINE('',#16658,#16659);
#16658 = CARTESIAN_POINT('',(112.,-88.,0.));
#16659 = VECTOR('',#16660,1.);
#16660 = DIRECTION('',(0.,-1.,0.));
#16661 = ORIENTED_EDGE('',*,*,#16592,.F.);
#16662 = FACE_BOUND('',#16663,.F.);
#16663 = EDGE_LOOP('',(#16664));
#16664 = ORIENTED_EDGE('',*,*,#16665,.T.);
#16665 = EDGE_CURVE('',#16666,#16666,#16668,.T.);
#16666 = VERTEX_POINT('',#16667);
#16667 = CARTESIAN_POINT('',(102.42,-50.865,0.));
#16668 = CIRCLE('',#16669,0.5);
#16669 = AXIS2_PLACEMENT_3D('',#16670,#16671,#16672);
#16670 = CARTESIAN_POINT('',(102.42,-50.365,0.));
#16671 = DIRECTION('',(-0.,0.,-1.));
#16672 = DIRECTION('',(-0.,-1.,0.));
#16673 = FACE_BOUND('',#16674,.F.);
#16674 = EDGE_LOOP('',(#16675));
#16675 = ORIENTED_EDGE('',*,*,#16676,.T.);
#16676 = EDGE_CURVE('',#16677,#16677,#16679,.T.);
#16677 = VERTEX_POINT('',#16678);
#16678 = CARTESIAN_POINT('',(104.96,-50.865,0.));
#16679 = CIRCLE('',#16680,0.5);
#16680 = AXIS2_PLACEMENT_3D('',#16681,#16682,#16683);
#16681 = CARTESIAN_POINT('',(104.96,-50.365,0.));
#16682 = DIRECTION('',(-0.,0.,-1.));
#16683 = DIRECTION('',(-0.,-1.,0.));
#16684 = FACE_BOUND('',#16685,.F.);
#16685 = EDGE_LOOP('',(#16686));
#16686 = ORIENTED_EDGE('',*,*,#16687,.T.);
#16687 = EDGE_CURVE('',#16688,#16688,#16690,.T.);
#16688 = VERTEX_POINT('',#16689);
#16689 = CARTESIAN_POINT('',(107.5,-50.865,0.));
#16690 = CIRCLE('',#16691,0.5);
#16691 = AXIS2_PLACEMENT_3D('',#16692,#16693,#16694);
#16692 = CARTESIAN_POINT('',(107.5,-50.365,0.));
#16693 = DIRECTION('',(-0.,0.,-1.));
#16694 = DIRECTION('',(-0.,-1.,0.));
#16695 = FACE_BOUND('',#16696,.F.);
#16696 = EDGE_LOOP('',(#16697));
#16697 = ORIENTED_EDGE('',*,*,#16698,.T.);
#16698 = EDGE_CURVE('',#16699,#16699,#16701,.T.);
#16699 = VERTEX_POINT('',#16700);
#16700 = CARTESIAN_POINT('',(110.04,-50.865,0.));
#16701 = CIRCLE('',#16702,0.5);
#16702 = AXIS2_PLACEMENT_3D('',#16703,#16704,#16705);
#16703 = CARTESIAN_POINT('',(110.04,-50.365,0.));
#16704 = DIRECTION('',(-0.,0.,-1.));
#16705 = DIRECTION('',(-0.,-1.,0.));
#16706 = FACE_BOUND('',#16707,.F.);
#16707 = EDGE_LOOP('',(#16708));
#16708 = ORIENTED_EDGE('',*,*,#16709,.F.);
#16709 = EDGE_CURVE('',#16710,#16710,#16712,.T.);
#16710 = VERTEX_POINT('',#16711);
#16711 = CARTESIAN_POINT('',(107.578554,-41.075,0.));
#16712 = CIRCLE('',#16713,1.303554);
#16713 = AXIS2_PLACEMENT_3D('',#16714,#16715,#16716);
#16714 = CARTESIAN_POINT('',(106.275,-41.075,0.));
#16715 = DIRECTION('',(0.,0.,1.));
#16716 = DIRECTION('',(1.,0.,-0.));
#16717 = PLANE('',#16718);
#16718 = AXIS2_PLACEMENT_3D('',#16719,#16720,#16721);
#16719 = CARTESIAN_POINT('',(0.,0.,0.));
#16720 = DIRECTION('',(0.,0.,1.));
#16721 = DIRECTION('',(1.,0.,-0.));
#16722 = ADVANCED_FACE('',(#16723,#16782,#16793,#16804,#16815,#16826),
  #16837,.T.);
#16723 = FACE_BOUND('',#16724,.T.);
#16724 = EDGE_LOOP('',(#16725,#16726,#16727,#16735,#16743,#16751,#16759,
    #16767,#16775,#16781));
#16725 = ORIENTED_EDGE('',*,*,#16514,.F.);
#16726 = ORIENTED_EDGE('',*,*,#16554,.F.);
#16727 = ORIENTED_EDGE('',*,*,#16728,.F.);
#16728 = EDGE_CURVE('',#16729,#16547,#16731,.T.);
#16729 = VERTEX_POINT('',#16730);
#16730 = CARTESIAN_POINT('',(101.19405,-39.19995,1.91));
#16731 = LINE('',#16732,#16733);
#16732 = CARTESIAN_POINT('',(101.19405,-39.19995,1.91));
#16733 = VECTOR('',#16734,1.);
#16734 = DIRECTION('',(0.999987454559,5.009064320018E-03,0.));
#16735 = ORIENTED_EDGE('',*,*,#16736,.F.);
#16736 = EDGE_CURVE('',#16737,#16729,#16739,.T.);
#16737 = VERTEX_POINT('',#16738);
#16738 = CARTESIAN_POINT('',(97.406168,-41.929049,1.91));
#16739 = LINE('',#16740,#16741);
#16740 = CARTESIAN_POINT('',(97.406168,-41.929049,1.91));
#16741 = VECTOR('',#16742,1.);
#16742 = DIRECTION('',(0.8113490444,0.584561996842,0.));
#16743 = ORIENTED_EDGE('',*,*,#16744,.F.);
#16744 = EDGE_CURVE('',#16745,#16737,#16747,.T.);
#16745 = VERTEX_POINT('',#16746);
#16746 = CARTESIAN_POINT('',(97.5,-86.5,1.91));
#16747 = LINE('',#16748,#16749);
#16748 = CARTESIAN_POINT('',(97.5,-86.5,1.91));
#16749 = VECTOR('',#16750,1.);
#16750 = DIRECTION('',(-2.105223020028E-03,0.999997784016,0.));
#16751 = ORIENTED_EDGE('',*,*,#16752,.F.);
#16752 = EDGE_CURVE('',#16753,#16745,#16755,.T.);
#16753 = VERTEX_POINT('',#16754);
#16754 = CARTESIAN_POINT('',(100.,-88.,1.91));
#16755 = LINE('',#16756,#16757);
#16756 = CARTESIAN_POINT('',(100.,-88.,1.91));
#16757 = VECTOR('',#16758,1.);
#16758 = DIRECTION('',(-0.857492925713,0.514495755428,0.));
#16759 = ORIENTED_EDGE('',*,*,#16760,.F.);
#16760 = EDGE_CURVE('',#16761,#16753,#16763,.T.);
#16761 = VERTEX_POINT('',#16762);
#16762 = CARTESIAN_POINT('',(100.,-100.,1.91));
#16763 = LINE('',#16764,#16765);
#16764 = CARTESIAN_POINT('',(100.,-100.,1.91));
#16765 = VECTOR('',#16766,1.);
#16766 = DIRECTION('',(0.,1.,0.));
#16767 = ORIENTED_EDGE('',*,*,#16768,.F.);
#16768 = EDGE_CURVE('',#16769,#16761,#16771,.T.);
#16769 = VERTEX_POINT('',#16770);
#16770 = CARTESIAN_POINT('',(112.,-100.,1.91));
#16771 = LINE('',#16772,#16773);
#16772 = CARTESIAN_POINT('',(112.,-100.,1.91));
#16773 = VECTOR('',#16774,1.);
#16774 = DIRECTION('',(-1.,0.,0.));
#16775 = ORIENTED_EDGE('',*,*,#16776,.F.);
#16776 = EDGE_CURVE('',#16577,#16769,#16777,.T.);
#16777 = LINE('',#16778,#16779);
#16778 = CARTESIAN_POINT('',(112.,-88.,1.91));
#16779 = VECTOR('',#16780,1.);
#16780 = DIRECTION('',(0.,-1.,0.));
#16781 = ORIENTED_EDGE('',*,*,#16576,.F.);
#16782 = FACE_BOUND('',#16783,.T.);
#16783 = EDGE_LOOP('',(#16784));
#16784 = ORIENTED_EDGE('',*,*,#16785,.T.);
#16785 = EDGE_CURVE('',#16786,#16786,#16788,.T.);
#16786 = VERTEX_POINT('',#16787);
#16787 = CARTESIAN_POINT('',(102.42,-50.865,1.91));
#16788 = CIRCLE('',#16789,0.5);
#16789 = AXIS2_PLACEMENT_3D('',#16790,#16791,#16792);
#16790 = CARTESIAN_POINT('',(102.42,-50.365,1.91));
#16791 = DIRECTION('',(-0.,0.,-1.));
#16792 = DIRECTION('',(-0.,-1.,0.));
#16793 = FACE_BOUND('',#16794,.T.);
#16794 = EDGE_LOOP('',(#16795));
#16795 = ORIENTED_EDGE('',*,*,#16796,.T.);
#16796 = EDGE_CURVE('',#16797,#16797,#16799,.T.);
#16797 = VERTEX_POINT('',#16798);
#16798 = CARTESIAN_POINT('',(104.96,-50.865,1.91));
#16799 = CIRCLE('',#16800,0.5);
#16800 = AXIS2_PLACEMENT_3D('',#16801,#16802,#16803);
#16801 = CARTESIAN_POINT('',(104.96,-50.365,1.91));
#16802 = DIRECTION('',(-0.,0.,-1.));
#16803 = DIRECTION('',(-0.,-1.,0.));
#16804 = FACE_BOUND('',#16805,.T.);
#16805 = EDGE_LOOP('',(#16806));
#16806 = ORIENTED_EDGE('',*,*,#16807,.T.);
#16807 = EDGE_CURVE('',#16808,#16808,#16810,.T.);
#16808 = VERTEX_POINT('',#16809);
#16809 = CARTESIAN_POINT('',(107.5,-50.865,1.91));
#16810 = CIRCLE('',#16811,0.5);
#16811 = AXIS2_PLACEMENT_3D('',#16812,#16813,#16814);
#16812 = CARTESIAN_POINT('',(107.5,-50.365,1.91));
#16813 = DIRECTION('',(-0.,0.,-1.));
#16814 = DIRECTION('',(-0.,-1.,0.));
#16815 = FACE_BOUND('',#16816,.T.);
#16816 = EDGE_LOOP('',(#16817));
#16817 = ORIENTED_EDGE('',*,*,#16818,.T.);
#16818 = EDGE_CURVE('',#16819,#16819,#16821,.T.);
#16819 = VERTEX_POINT('',#16820);
#16820 = CARTESIAN_POINT('',(110.04,-50.865,1.91));
#16821 = CIRCLE('',#16822,0.5);
#16822 = AXIS2_PLACEMENT_3D('',#16823,#16824,#16825);
#16823 = CARTESIAN_POINT('',(110.04,-50.365,1.91));
#16824 = DIRECTION('',(-0.,0.,-1.));
#16825 = DIRECTION('',(-0.,-1.,0.));
#16826 = FACE_BOUND('',#16827,.T.);
#16827 = EDGE_LOOP('',(#16828));
#16828 = ORIENTED_EDGE('',*,*,#16829,.F.);
#16829 = EDGE_CURVE('',#16830,#16830,#16832,.T.);
#16830 = VERTEX_POINT('',#16831);
#16831 = CARTESIAN_POINT('',(107.578554,-41.075,1.91));
#16832 = CIRCLE('',#16833,1.303554);
#16833 = AXIS2_PLACEMENT_3D('',#16834,#16835,#16836);
#16834 = CARTESIAN_POINT('',(106.275,-41.075,1.91));
#16835 = DIRECTION('',(0.,0.,1.));
#16836 = DIRECTION('',(1.,0.,-0.));
#16837 = PLANE('',#16838);
#16838 = AXIS2_PLACEMENT_3D('',#16839,#16840,#16841);
#16839 = CARTESIAN_POINT('',(0.,0.,1.91));
#16840 = DIRECTION('',(0.,0.,1.));
#16841 = DIRECTION('',(1.,0.,-0.));
#16842 = ADVANCED_FACE('',(#16843),#16854,.T.);
#16843 = FACE_BOUND('',#16844,.T.);
#16844 = EDGE_LOOP('',(#16845,#16851,#16852,#16853));
#16845 = ORIENTED_EDGE('',*,*,#16846,.T.);
#16846 = EDGE_CURVE('',#16609,#16729,#16847,.T.);
#16847 = LINE('',#16848,#16849);
#16848 = CARTESIAN_POINT('',(101.19405,-39.19995,0.));
#16849 = VECTOR('',#16850,1.);
#16850 = DIRECTION('',(0.,0.,1.));
#16851 = ORIENTED_EDGE('',*,*,#16728,.T.);
#16852 = ORIENTED_EDGE('',*,*,#16544,.F.);
#16853 = ORIENTED_EDGE('',*,*,#16608,.F.);
#16854 = PLANE('',#16855);
#16855 = AXIS2_PLACEMENT_3D('',#16856,#16857,#16858);
#16856 = CARTESIAN_POINT('',(101.19405,-39.19995,0.));
#16857 = DIRECTION('',(-5.009064320018E-03,0.999987454559,0.));
#16858 = DIRECTION('',(0.999987454559,5.009064320018E-03,0.));
#16859 = ADVANCED_FACE('',(#16860),#16871,.T.);
#16860 = FACE_BOUND('',#16861,.T.);
#16861 = EDGE_LOOP('',(#16862,#16863,#16864,#16870));
#16862 = ORIENTED_EDGE('',*,*,#16584,.T.);
#16863 = ORIENTED_EDGE('',*,*,#16776,.T.);
#16864 = ORIENTED_EDGE('',*,*,#16865,.F.);
#16865 = EDGE_CURVE('',#16649,#16769,#16866,.T.);
#16866 = LINE('',#16867,#16868);
#16867 = CARTESIAN_POINT('',(112.,-100.,0.));
#16868 = VECTOR('',#16869,1.);
#16869 = DIRECTION('',(0.,0.,1.));
#16870 = ORIENTED_EDGE('',*,*,#16656,.F.);
#16871 = PLANE('',#16872);
#16872 = AXIS2_PLACEMENT_3D('',#16873,#16874,#16875);
#16873 = CARTESIAN_POINT('',(112.,-88.,0.));
#16874 = DIRECTION('',(1.,0.,-0.));
#16875 = DIRECTION('',(0.,-1.,0.));
#16876 = ADVANCED_FACE('',(#16877),#16888,.T.);
#16877 = FACE_BOUND('',#16878,.T.);
#16878 = EDGE_LOOP('',(#16879,#16885,#16886,#16887));
#16879 = ORIENTED_EDGE('',*,*,#16880,.T.);
#16880 = EDGE_CURVE('',#16617,#16737,#16881,.T.);
#16881 = LINE('',#16882,#16883);
#16882 = CARTESIAN_POINT('',(97.406168,-41.929049,0.));
#16883 = VECTOR('',#16884,1.);
#16884 = DIRECTION('',(0.,0.,1.));
#16885 = ORIENTED_EDGE('',*,*,#16736,.T.);
#16886 = ORIENTED_EDGE('',*,*,#16846,.F.);
#16887 = ORIENTED_EDGE('',*,*,#16616,.F.);
#16888 = PLANE('',#16889);
#16889 = AXIS2_PLACEMENT_3D('',#16890,#16891,#16892);
#16890 = CARTESIAN_POINT('',(97.406168,-41.929049,0.));
#16891 = DIRECTION('',(-0.584561996842,0.8113490444,0.));
#16892 = DIRECTION('',(0.8113490444,0.584561996842,0.));
#16893 = ADVANCED_FACE('',(#16894),#16905,.T.);
#16894 = FACE_BOUND('',#16895,.T.);
#16895 = EDGE_LOOP('',(#16896,#16897,#16898,#16904));
#16896 = ORIENTED_EDGE('',*,*,#16865,.T.);
#16897 = ORIENTED_EDGE('',*,*,#16768,.T.);
#16898 = ORIENTED_EDGE('',*,*,#16899,.F.);
#16899 = EDGE_CURVE('',#16641,#16761,#16900,.T.);
#16900 = LINE('',#16901,#16902);
#16901 = CARTESIAN_POINT('',(100.,-100.,0.));
#16902 = VECTOR('',#16903,1.);
#16903 = DIRECTION('',(0.,0.,1.));
#16904 = ORIENTED_EDGE('',*,*,#16648,.F.);
#16905 = PLANE('',#16906);
#16906 = AXIS2_PLACEMENT_3D('',#16907,#16908,#16909);
#16907 = CARTESIAN_POINT('',(112.,-100.,0.));
#16908 = DIRECTION('',(0.,-1.,0.));
#16909 = DIRECTION('',(-1.,0.,0.));
#16910 = ADVANCED_FACE('',(#16911),#16922,.T.);
#16911 = FACE_BOUND('',#16912,.T.);
#16912 = EDGE_LOOP('',(#16913,#16919,#16920,#16921));
#16913 = ORIENTED_EDGE('',*,*,#16914,.T.);
#16914 = EDGE_CURVE('',#16625,#16745,#16915,.T.);
#16915 = LINE('',#16916,#16917);
#16916 = CARTESIAN_POINT('',(97.5,-86.5,0.));
#16917 = VECTOR('',#16918,1.);
#16918 = DIRECTION('',(0.,0.,1.));
#16919 = ORIENTED_EDGE('',*,*,#16744,.T.);
#16920 = ORIENTED_EDGE('',*,*,#16880,.F.);
#16921 = ORIENTED_EDGE('',*,*,#16624,.F.);
#16922 = PLANE('',#16923);
#16923 = AXIS2_PLACEMENT_3D('',#16924,#16925,#16926);
#16924 = CARTESIAN_POINT('',(97.5,-86.5,0.));
#16925 = DIRECTION('',(-0.999997784016,-2.105223020028E-03,0.));
#16926 = DIRECTION('',(-2.105223020028E-03,0.999997784016,0.));
#16927 = ADVANCED_FACE('',(#16928),#16939,.T.);
#16928 = FACE_BOUND('',#16929,.T.);
#16929 = EDGE_LOOP('',(#16930,#16931,#16932,#16938));
#16930 = ORIENTED_EDGE('',*,*,#16899,.T.);
#16931 = ORIENTED_EDGE('',*,*,#16760,.T.);
#16932 = ORIENTED_EDGE('',*,*,#16933,.F.);
#16933 = EDGE_CURVE('',#16633,#16753,#16934,.T.);
#16934 = LINE('',#16935,#16936);
#16935 = CARTESIAN_POINT('',(100.,-88.,0.));
#16936 = VECTOR('',#16937,1.);
#16937 = DIRECTION('',(0.,0.,1.));
#16938 = ORIENTED_EDGE('',*,*,#16640,.F.);
#16939 = PLANE('',#16940);
#16940 = AXIS2_PLACEMENT_3D('',#16941,#16942,#16943);
#16941 = CARTESIAN_POINT('',(100.,-100.,0.));
#16942 = DIRECTION('',(-1.,0.,0.));
#16943 = DIRECTION('',(0.,1.,0.));
#16944 = ADVANCED_FACE('',(#16945),#16951,.T.);
#16945 = FACE_BOUND('',#16946,.T.);
#16946 = EDGE_LOOP('',(#16947,#16948,#16949,#16950));
#16947 = ORIENTED_EDGE('',*,*,#16933,.T.);
#16948 = ORIENTED_EDGE('',*,*,#16752,.T.);
#16949 = ORIENTED_EDGE('',*,*,#16914,.F.);
#16950 = ORIENTED_EDGE('',*,*,#16632,.F.);
#16951 = PLANE('',#16952);
#16952 = AXIS2_PLACEMENT_3D('',#16953,#16954,#16955);
#16953 = CARTESIAN_POINT('',(100.,-88.,0.));
#16954 = DIRECTION('',(-0.514495755428,-0.857492925713,0.));
#16955 = DIRECTION('',(-0.857492925713,0.514495755428,0.));
#16956 = ADVANCED_FACE('',(#16957),#16968,.F.);
#16957 = FACE_BOUND('',#16958,.T.);
#16958 = EDGE_LOOP('',(#16959,#16960,#16966,#16967));
#16959 = ORIENTED_EDGE('',*,*,#16665,.T.);
#16960 = ORIENTED_EDGE('',*,*,#16961,.T.);
#16961 = EDGE_CURVE('',#16666,#16786,#16962,.T.);
#16962 = LINE('',#16963,#16964);
#16963 = CARTESIAN_POINT('',(102.42,-50.865,-4.6E-02));
#16964 = VECTOR('',#16965,1.);
#16965 = DIRECTION('',(0.,0.,1.));
#16966 = ORIENTED_EDGE('',*,*,#16785,.F.);
#16967 = ORIENTED_EDGE('',*,*,#16961,.F.);
#16968 = CYLINDRICAL_SURFACE('',#16969,0.5);
#16969 = AXIS2_PLACEMENT_3D('',#16970,#16971,#16972);
#16970 = CARTESIAN_POINT('',(102.42,-50.365,-4.6E-02));
#16971 = DIRECTION('',(-0.,-0.,-1.));
#16972 = DIRECTION('',(-0.,-1.,0.));
#16973 = ADVANCED_FACE('',(#16974),#16985,.F.);
#16974 = FACE_BOUND('',#16975,.T.);
#16975 = EDGE_LOOP('',(#16976,#16977,#16983,#16984));
#16976 = ORIENTED_EDGE('',*,*,#16676,.T.);
#16977 = ORIENTED_EDGE('',*,*,#16978,.T.);
#16978 = EDGE_CURVE('',#16677,#16797,#16979,.T.);
#16979 = LINE('',#16980,#16981);
#16980 = CARTESIAN_POINT('',(104.96,-50.865,-4.6E-02));
#16981 = VECTOR('',#16982,1.);
#16982 = DIRECTION('',(0.,0.,1.));
#16983 = ORIENTED_EDGE('',*,*,#16796,.F.);
#16984 = ORIENTED_EDGE('',*,*,#16978,.F.);
#16985 = CYLINDRICAL_SURFACE('',#16986,0.5);
#16986 = AXIS2_PLACEMENT_3D('',#16987,#16988,#16989);
#16987 = CARTESIAN_POINT('',(104.96,-50.365,-4.6E-02));
#16988 = DIRECTION('',(-0.,-0.,-1.));
#16989 = DIRECTION('',(-0.,-1.,0.));
#16990 = ADVANCED_FACE('',(#16991),#17002,.F.);
#16991 = FACE_BOUND('',#16992,.T.);
#16992 = EDGE_LOOP('',(#16993,#16994,#17000,#17001));
#16993 = ORIENTED_EDGE('',*,*,#16687,.T.);
#16994 = ORIENTED_EDGE('',*,*,#16995,.T.);
#16995 = EDGE_CURVE('',#16688,#16808,#16996,.T.);
#16996 = LINE('',#16997,#16998);
#16997 = CARTESIAN_POINT('',(107.5,-50.865,-4.6E-02));
#16998 = VECTOR('',#16999,1.);
#16999 = DIRECTION('',(0.,0.,1.));
#17000 = ORIENTED_EDGE('',*,*,#16807,.F.);
#17001 = ORIENTED_EDGE('',*,*,#16995,.F.);
#17002 = CYLINDRICAL_SURFACE('',#17003,0.5);
#17003 = AXIS2_PLACEMENT_3D('',#17004,#17005,#17006);
#17004 = CARTESIAN_POINT('',(107.5,-50.365,-4.6E-02));
#17005 = DIRECTION('',(-0.,-0.,-1.));
#17006 = DIRECTION('',(-0.,-1.,0.));
#17007 = ADVANCED_FACE('',(#17008),#17019,.F.);
#17008 = FACE_BOUND('',#17009,.T.);
#17009 = EDGE_LOOP('',(#17010,#17011,#17017,#17018));
#17010 = ORIENTED_EDGE('',*,*,#16698,.T.);
#17011 = ORIENTED_EDGE('',*,*,#17012,.T.);
#17012 = EDGE_CURVE('',#16699,#16819,#17013,.T.);
#17013 = LINE('',#17014,#17015);
#17014 = CARTESIAN_POINT('',(110.04,-50.865,-4.6E-02));
#17015 = VECTOR('',#17016,1.);
#17016 = DIRECTION('',(0.,0.,1.));
#17017 = ORIENTED_EDGE('',*,*,#16818,.F.);
#17018 = ORIENTED_EDGE('',*,*,#17012,.F.);
#17019 = CYLINDRICAL_SURFACE('',#17020,0.5);
#17020 = AXIS2_PLACEMENT_3D('',#17021,#17022,#17023);
#17021 = CARTESIAN_POINT('',(110.04,-50.365,-4.6E-02));
#17022 = DIRECTION('',(-0.,-0.,-1.));
#17023 = DIRECTION('',(-0.,-1.,0.));
#17024 = ADVANCED_FACE('',(#17025),#17036,.F.);
#17025 = FACE_BOUND('',#17026,.T.);
#17026 = EDGE_LOOP('',(#17027,#17033,#17034,#17035));
#17027 = ORIENTED_EDGE('',*,*,#17028,.T.);
#17028 = EDGE_CURVE('',#16710,#16830,#17029,.T.);
#17029 = LINE('',#17030,#17031);
#17030 = CARTESIAN_POINT('',(107.578554,-41.075,0.));
#17031 = VECTOR('',#17032,1.);
#17032 = DIRECTION('',(0.,0.,1.));
#17033 = ORIENTED_EDGE('',*,*,#16829,.T.);
#17034 = ORIENTED_EDGE('',*,*,#17028,.F.);
#17035 = ORIENTED_EDGE('',*,*,#16709,.F.);
#17036 = CYLINDRICAL_SURFACE('',#17037,1.303554);
#17037 = AXIS2_PLACEMENT_3D('',#17038,#17039,#17040);
#17038 = CARTESIAN_POINT('',(106.275,-41.075,0.));
#17039 = DIRECTION('',(-0.,-0.,-1.));
#17040 = DIRECTION('',(1.,0.,-0.));
#17041 = ( GEOMETRIC_REPRESENTATION_CONTEXT(3) 
GLOBAL_UNCERTAINTY_ASSIGNED_CONTEXT((#17045)) 
GLOBAL_UNIT_ASSIGNED_CONTEXT((#17042,#17043,#17044)) 
REPRESENTATION_CONTEXT('Context #1',
  '3D Context with UNIT and UNCERTAINTY') );
#17042 = ( LENGTH_UNIT() NAMED_UNIT(*) SI_UNIT(.MILLI.,.METRE.) );
#17043 = ( NAMED_UNIT(*) PLANE_ANGLE_UNIT() SI_UNIT($,.RADIAN.) );
#17044 = ( NAMED_UNIT(*) SI_UNIT($,.STERADIAN.) SOLID_ANGLE_UNIT() );
#17045 = UNCERTAINTY_MEASURE_WITH_UNIT(LENGTH_MEASURE(1.E-07),#17042,
  'distance_accuracy_value','confusion accuracy');
#17046 = CONTEXT_DEPENDENT_SHAPE_REPRESENTATION(#17047,#17049);
#17047 = ( REPRESENTATION_RELATIONSHIP('','',#16497,#10) 
REPRESENTATION_RELATIONSHIP_WITH_TRANSFORMATION(#17048) 
SHAPE_REPRESENTATION_RELATIONSHIP() );
#17048 = ITEM_DEFINED_TRANSFORMATION('','',#11,#39);
#17049 = PRODUCT_DEFINITION_SHAPE('Placement','Placement of an item',
  #17050);
#17050 = NEXT_ASSEMBLY_USAGE_OCCURRENCE('16','=>[0:1:1:16]','',#5,#16492
  ,$);
#17051 = PRODUCT_RELATED_PRODUCT_CATEGORY('part',$,(#16494));
#17052 = SHAPE_DEFINITION_REPRESENTATION(#10793,#17053);
#17053 = SHAPE_REPRESENTATION('',(#10056),#10785);
#17054 = SHAPE_DEFINITION_REPRESENTATION(#11647,#17055);
#17055 = SHAPE_REPRESENTATION('',(#10064),#11639);
#17056 = SHAPE_DEFINITION_REPRESENTATION(#13520,#17057);
#17057 = SHAPE_REPRESENTATION('',(#10068),#13512);
#17058 = SHAPE_DEFINITION_REPRESENTATION(#10793,#17059);
#17059 = SHAPE_REPRESENTATION('',(#10056),#10785);
#17060 = SHAPE_DEFINITION_REPRESENTATION(#11647,#17061);
#17061 = SHAPE_REPRESENTATION('',(#10064),#11639);
#17062 = SHAPE_DEFINITION_REPRESENTATION(#13520,#17063);
#17063 = SHAPE_REPRESENTATION('',(#10068),#13512);
#17064 = REPRESENTATION('material name',(#17065),#10785);
#17065 = DESCRIPTIVE_REPRESENTATION_ITEM('Laminate, Blue, Matte',
  'Laminate, Blue, Matte');
#17066 = DERIVED_UNIT((#17067,#17069));
#17067 = DERIVED_UNIT_ELEMENT(#17068,3.);
#17068 = ( MASS_UNIT() NAMED_UNIT(*) SI_UNIT($,.GRAM.) );
#17069 = DERIVED_UNIT_ELEMENT(#17070,2.);
#17070 = ( LENGTH_UNIT() NAMED_UNIT(*) SI_UNIT(.CENTI.,.METRE.) );
#17071 = REPRESENTATION('density',(#17072),#10785);
#17072 = MEASURE_REPRESENTATION_ITEM('density measure',
  POSITIVE_RATIO_MEASURE(1.38E-03),#17066);
#17073 = PROPERTY_DEFINITION('material property','material name',#10085
  );
#17074 = PROPERTY_DEFINITION_REPRESENTATION(#17073,#17064);
#17075 = PROPERTY_DEFINITION('material property','density',#10085);
#17076 = PROPERTY_DEFINITION_REPRESENTATION(#17075,#17071);
#17077 = REPRESENTATION('material name',(#17078),#11639);
#17078 = DESCRIPTIVE_REPRESENTATION_ITEM('Steel','Steel');
#17079 = DERIVED_UNIT((#17080,#17082));
#17080 = DERIVED_UNIT_ELEMENT(#17081,3.);
#17081 = ( MASS_UNIT() NAMED_UNIT(*) SI_UNIT($,.GRAM.) );
#17082 = DERIVED_UNIT_ELEMENT(#17083,2.);
#17083 = ( LENGTH_UNIT() NAMED_UNIT(*) SI_UNIT(.CENTI.,.METRE.) );
#17084 = REPRESENTATION('density',(#17085),#11639);
#17085 = MEASURE_REPRESENTATION_ITEM('density measure',
  POSITIVE_RATIO_MEASURE(7.85E-03),#17079);
#17086 = PROPERTY_DEFINITION('material property','material name',#11417
  );
#17087 = PROPERTY_DEFINITION_REPRESENTATION(#17086,#17077);
#17088 = PROPERTY_DEFINITION('material property','density',#11417);
#17089 = PROPERTY_DEFINITION_REPRESENTATION(#17088,#17084);
#17090 = MECHANICAL_DESIGN_GEOMETRIC_PRESENTATION_REPRESENTATION('',(
    #17091,#17099,#17106,#17113),#11404);
#17091 = STYLED_ITEM('color',(#17092),#10804);
#17092 = PRESENTATION_STYLE_ASSIGNMENT((#17093));
#17093 = SURFACE_STYLE_USAGE(.BOTH.,#17094);
#17094 = SURFACE_SIDE_STYLE('',(#17095));
#17095 = SURFACE_STYLE_FILL_AREA(#17096);
#17096 = FILL_AREA_STYLE('',(#17097));
#17097 = FILL_AREA_STYLE_COLOUR('',#17098);
#17098 = COLOUR_RGB('',0.627450987486,0.627450987486,0.627450987486);
#17099 = STYLED_ITEM('color',(#17100),#10954);
#17100 = PRESENTATION_STYLE_ASSIGNMENT((#17101));
#17101 = SURFACE_STYLE_USAGE(.BOTH.,#17102);
#17102 = SURFACE_SIDE_STYLE('',(#17103));
#17103 = SURFACE_STYLE_FILL_AREA(#17104);
#17104 = FILL_AREA_STYLE('',(#17105));
#17105 = FILL_AREA_STYLE_COLOUR('',#17098);
#17106 = STYLED_ITEM('color',(#17107),#11104);
#17107 = PRESENTATION_STYLE_ASSIGNMENT((#17108));
#17108 = SURFACE_STYLE_USAGE(.BOTH.,#17109);
#17109 = SURFACE_SIDE_STYLE('',(#17110));
#17110 = SURFACE_STYLE_FILL_AREA(#17111);
#17111 = FILL_AREA_STYLE('',(#17112));
#17112 = FILL_AREA_STYLE_COLOUR('',#17098);
#17113 = STYLED_ITEM('color',(#17114),#11254);
#17114 = PRESENTATION_STYLE_ASSIGNMENT((#17115));
#17115 = SURFACE_STYLE_USAGE(.BOTH.,#17116);
#17116 = SURFACE_SIDE_STYLE('',(#17117));
#17117 = SURFACE_STYLE_FILL_AREA(#17118);
#17118 = FILL_AREA_STYLE('',(#17119));
#17119 = FILL_AREA_STYLE_COLOUR('',#17098);
#17120 = MECHANICAL_DESIGN_GEOMETRIC_PRESENTATION_REPRESENTATION('',(
    #17121,#17129,#17136,#17143,#17150,#17157,#17164,#17171,#17179,
    #17186,#17193,#17200,#17207,#17214,#17222,#17229,#17236,#17243,
    #17250,#17257,#17264,#17271,#17278,#17285,#17292,#17299),#870);
#17121 = STYLED_ITEM('color',(#17122),#82);
#17122 = PRESENTATION_STYLE_ASSIGNMENT((#17123));
#17123 = SURFACE_STYLE_USAGE(.BOTH.,#17124);
#17124 = SURFACE_SIDE_STYLE('',(#17125));
#17125 = SURFACE_STYLE_FILL_AREA(#17126);
#17126 = FILL_AREA_STYLE('',(#17127));
#17127 = FILL_AREA_STYLE_COLOUR('',#17128);
#17128 = COLOUR_RGB('',0.823999987314,0.819999987296,0.781000009244);
#17129 = STYLED_ITEM('color',(#17130),#122);
#17130 = PRESENTATION_STYLE_ASSIGNMENT((#17131));
#17131 = SURFACE_STYLE_USAGE(.BOTH.,#17132);
#17132 = SURFACE_SIDE_STYLE('',(#17133));
#17133 = SURFACE_STYLE_FILL_AREA(#17134);
#17134 = FILL_AREA_STYLE('',(#17135));
#17135 = FILL_AREA_STYLE_COLOUR('',#17128);
#17136 = STYLED_ITEM('color',(#17137),#205);
#17137 = PRESENTATION_STYLE_ASSIGNMENT((#17138));
#17138 = SURFACE_STYLE_USAGE(.BOTH.,#17139);
#17139 = SURFACE_SIDE_STYLE('',(#17140));
#17140 = SURFACE_STYLE_FILL_AREA(#17141);
#17141 = FILL_AREA_STYLE('',(#17142));
#17142 = FILL_AREA_STYLE_COLOUR('',#17128);
#17143 = STYLED_ITEM('color',(#17144),#230);
#17144 = PRESENTATION_STYLE_ASSIGNMENT((#17145));
#17145 = SURFACE_STYLE_USAGE(.BOTH.,#17146);
#17146 = SURFACE_SIDE_STYLE('',(#17147));
#17147 = SURFACE_STYLE_FILL_AREA(#17148);
#17148 = FILL_AREA_STYLE('',(#17149));
#17149 = FILL_AREA_STYLE_COLOUR('',#17128);
#17150 = STYLED_ITEM('color',(#17151),#255);
#17151 = PRESENTATION_STYLE_ASSIGNMENT((#17152));
#17152 = SURFACE_STYLE_USAGE(.BOTH.,#17153);
#17153 = SURFACE_SIDE_STYLE('',(#17154));
#17154 = SURFACE_STYLE_FILL_AREA(#17155);
#17155 = FILL_AREA_STYLE('',(#17156));
#17156 = FILL_AREA_STYLE_COLOUR('',#17128);
#17157 = STYLED_ITEM('color',(#17158),#322);
#17158 = PRESENTATION_STYLE_ASSIGNMENT((#17159));
#17159 = SURFACE_STYLE_USAGE(.BOTH.,#17160);
#17160 = SURFACE_SIDE_STYLE('',(#17161));
#17161 = SURFACE_STYLE_FILL_AREA(#17162);
#17162 = FILL_AREA_STYLE('',(#17163));
#17163 = FILL_AREA_STYLE_COLOUR('',#17128);
#17164 = STYLED_ITEM('color',(#17165),#339);
#17165 = PRESENTATION_STYLE_ASSIGNMENT((#17166));
#17166 = SURFACE_STYLE_USAGE(.BOTH.,#17167);
#17167 = SURFACE_SIDE_STYLE('',(#17168));
#17168 = SURFACE_STYLE_FILL_AREA(#17169);
#17169 = FILL_AREA_STYLE('',(#17170));
#17170 = FILL_AREA_STYLE_COLOUR('',#17128);
#17171 = STYLED_ITEM('color',(#17172),#356);
#17172 = PRESENTATION_STYLE_ASSIGNMENT((#17173));
#17173 = SURFACE_STYLE_USAGE(.BOTH.,#17174);
#17174 = SURFACE_SIDE_STYLE('',(#17175));
#17175 = SURFACE_STYLE_FILL_AREA(#17176);
#17176 = FILL_AREA_STYLE('',(#17177));
#17177 = FILL_AREA_STYLE_COLOUR('',#17178);
#17178 = COLOUR_RGB('',0.894999966383,0.890999961016,0.813000030345);
#17179 = STYLED_ITEM('color',(#17180),#405);
#17180 = PRESENTATION_STYLE_ASSIGNMENT((#17181));
#17181 = SURFACE_STYLE_USAGE(.BOTH.,#17182);
#17182 = SURFACE_SIDE_STYLE('',(#17183));
#17183 = SURFACE_STYLE_FILL_AREA(#17184);
#17184 = FILL_AREA_STYLE('',(#17185));
#17185 = FILL_AREA_STYLE_COLOUR('',#17128);
#17186 = STYLED_ITEM('color',(#17187),#422);
#17187 = PRESENTATION_STYLE_ASSIGNMENT((#17188));
#17188 = SURFACE_STYLE_USAGE(.BOTH.,#17189);
#17189 = SURFACE_SIDE_STYLE('',(#17190));
#17190 = SURFACE_STYLE_FILL_AREA(#17191);
#17191 = FILL_AREA_STYLE('',(#17192));
#17192 = FILL_AREA_STYLE_COLOUR('',#17128);
#17193 = STYLED_ITEM('color',(#17194),#439);
#17194 = PRESENTATION_STYLE_ASSIGNMENT((#17195));
#17195 = SURFACE_STYLE_USAGE(.BOTH.,#17196);
#17196 = SURFACE_SIDE_STYLE('',(#17197));
#17197 = SURFACE_STYLE_FILL_AREA(#17198);
#17198 = FILL_AREA_STYLE('',(#17199));
#17199 = FILL_AREA_STYLE_COLOUR('',#17178);
#17200 = STYLED_ITEM('color',(#17201),#488);
#17201 = PRESENTATION_STYLE_ASSIGNMENT((#17202));
#17202 = SURFACE_STYLE_USAGE(.BOTH.,#17203);
#17203 = SURFACE_SIDE_STYLE('',(#17204));
#17204 = SURFACE_STYLE_FILL_AREA(#17205);
#17205 = FILL_AREA_STYLE('',(#17206));
#17206 = FILL_AREA_STYLE_COLOUR('',#17178);
#17207 = STYLED_ITEM('color',(#17208),#505);
#17208 = PRESENTATION_STYLE_ASSIGNMENT((#17209));
#17209 = SURFACE_STYLE_USAGE(.BOTH.,#17210);
#17210 = SURFACE_SIDE_STYLE('',(#17211));
#17211 = SURFACE_STYLE_FILL_AREA(#17212);
#17212 = FILL_AREA_STYLE('',(#17213));
#17213 = FILL_AREA_STYLE_COLOUR('',#17128);
#17214 = STYLED_ITEM('color',(#17215),#574);
#17215 = PRESENTATION_STYLE_ASSIGNMENT((#17216));
#17216 = SURFACE_STYLE_USAGE(.BOTH.,#17217);
#17217 = SURFACE_SIDE_STYLE('',(#17218));
#17218 = SURFACE_STYLE_FILL_AREA(#17219);
#17219 = FILL_AREA_STYLE('',(#17220));
#17220 = FILL_AREA_STYLE_COLOUR('',#17221);
#17221 = COLOUR_RGB('',8.200000279077E-02,8.600000121357E-02,
  9.399999706163E-02);
#17222 = STYLED_ITEM('color',(#17223),#605);
#17223 = PRESENTATION_STYLE_ASSIGNMENT((#17224));
#17224 = SURFACE_STYLE_USAGE(.BOTH.,#17225);
#17225 = SURFACE_SIDE_STYLE('',(#17226));
#17226 = SURFACE_STYLE_FILL_AREA(#17227);
#17227 = FILL_AREA_STYLE('',(#17228));
#17228 = FILL_AREA_STYLE_COLOUR('',#17221);
#17229 = STYLED_ITEM('color',(#17230),#629);
#17230 = PRESENTATION_STYLE_ASSIGNMENT((#17231));
#17231 = SURFACE_STYLE_USAGE(.BOTH.,#17232);
#17232 = SURFACE_SIDE_STYLE('',(#17233));
#17233 = SURFACE_STYLE_FILL_AREA(#17234);
#17234 = FILL_AREA_STYLE('',(#17235));
#17235 = FILL_AREA_STYLE_COLOUR('',#17128);
#17236 = STYLED_ITEM('color',(#17237),#698);
#17237 = PRESENTATION_STYLE_ASSIGNMENT((#17238));
#17238 = SURFACE_STYLE_USAGE(.BOTH.,#17239);
#17239 = SURFACE_SIDE_STYLE('',(#17240));
#17240 = SURFACE_STYLE_FILL_AREA(#17241);
#17241 = FILL_AREA_STYLE('',(#17242));
#17242 = FILL_AREA_STYLE_COLOUR('',#17221);
#17243 = STYLED_ITEM('color',(#17244),#722);
#17244 = PRESENTATION_STYLE_ASSIGNMENT((#17245));
#17245 = SURFACE_STYLE_USAGE(.BOTH.,#17246);
#17246 = SURFACE_SIDE_STYLE('',(#17247));
#17247 = SURFACE_STYLE_FILL_AREA(#17248);
#17248 = FILL_AREA_STYLE('',(#17249));
#17249 = FILL_AREA_STYLE_COLOUR('',#17128);
#17250 = STYLED_ITEM('color',(#17251),#739);
#17251 = PRESENTATION_STYLE_ASSIGNMENT((#17252));
#17252 = SURFACE_STYLE_USAGE(.BOTH.,#17253);
#17253 = SURFACE_SIDE_STYLE('',(#17254));
#17254 = SURFACE_STYLE_FILL_AREA(#17255);
#17255 = FILL_AREA_STYLE('',(#17256));
#17256 = FILL_AREA_STYLE_COLOUR('',#17128);
#17257 = STYLED_ITEM('color',(#17258),#756);
#17258 = PRESENTATION_STYLE_ASSIGNMENT((#17259));
#17259 = SURFACE_STYLE_USAGE(.BOTH.,#17260);
#17260 = SURFACE_SIDE_STYLE('',(#17261));
#17261 = SURFACE_STYLE_FILL_AREA(#17262);
#17262 = FILL_AREA_STYLE('',(#17263));
#17263 = FILL_AREA_STYLE_COLOUR('',#17128);
#17264 = STYLED_ITEM('color',(#17265),#773);
#17265 = PRESENTATION_STYLE_ASSIGNMENT((#17266));
#17266 = SURFACE_STYLE_USAGE(.BOTH.,#17267);
#17267 = SURFACE_SIDE_STYLE('',(#17268));
#17268 = SURFACE_STYLE_FILL_AREA(#17269);
#17269 = FILL_AREA_STYLE('',(#17270));
#17270 = FILL_AREA_STYLE_COLOUR('',#17128);
#17271 = STYLED_ITEM('color',(#17272),#790);
#17272 = PRESENTATION_STYLE_ASSIGNMENT((#17273));
#17273 = SURFACE_STYLE_USAGE(.BOTH.,#17274);
#17274 = SURFACE_SIDE_STYLE('',(#17275));
#17275 = SURFACE_STYLE_FILL_AREA(#17276);
#17276 = FILL_AREA_STYLE('',(#17277));
#17277 = FILL_AREA_STYLE_COLOUR('',#17128);
#17278 = STYLED_ITEM('color',(#17279),#807);
#17279 = PRESENTATION_STYLE_ASSIGNMENT((#17280));
#17280 = SURFACE_STYLE_USAGE(.BOTH.,#17281);
#17281 = SURFACE_SIDE_STYLE('',(#17282));
#17282 = SURFACE_STYLE_FILL_AREA(#17283);
#17283 = FILL_AREA_STYLE('',(#17284));
#17284 = FILL_AREA_STYLE_COLOUR('',#17128);
#17285 = STYLED_ITEM('color',(#17286),#824);
#17286 = PRESENTATION_STYLE_ASSIGNMENT((#17287));
#17287 = SURFACE_STYLE_USAGE(.BOTH.,#17288);
#17288 = SURFACE_SIDE_STYLE('',(#17289));
#17289 = SURFACE_STYLE_FILL_AREA(#17290);
#17290 = FILL_AREA_STYLE('',(#17291));
#17291 = FILL_AREA_STYLE_COLOUR('',#17128);
#17292 = STYLED_ITEM('color',(#17293),#841);
#17293 = PRESENTATION_STYLE_ASSIGNMENT((#17294));
#17294 = SURFACE_STYLE_USAGE(.BOTH.,#17295);
#17295 = SURFACE_SIDE_STYLE('',(#17296));
#17296 = SURFACE_STYLE_FILL_AREA(#17297);
#17297 = FILL_AREA_STYLE('',(#17298));
#17298 = FILL_AREA_STYLE_COLOUR('',#17221);
#17299 = STYLED_ITEM('color',(#17300),#858);
#17300 = PRESENTATION_STYLE_ASSIGNMENT((#17301));
#17301 = SURFACE_STYLE_USAGE(.BOTH.,#17302);
#17302 = SURFACE_SIDE_STYLE('',(#17303));
#17303 = SURFACE_STYLE_FILL_AREA(#17304);
#17304 = FILL_AREA_STYLE('',(#17305));
#17305 = FILL_AREA_STYLE_COLOUR('',#17221);
#17306 = MECHANICAL_DESIGN_GEOMETRIC_PRESENTATION_REPRESENTATION('',(
    #17307,#17317,#17326,#17335,#17345,#17354,#17363,#17372,#17381,
    #17390,#17399,#17408,#17417,#17426,#17435,#17444,#17453,#17462,
    #17471,#17480,#17489,#17498,#17507,#17516,#17525,#17534,#17543,
    #17552,#17561,#17570,#17579,#17588,#17597,#17606,#17615,#17624,
    #17633,#17642,#17651,#17660,#17669,#17678,#17687,#17696,#17705,
    #17714,#17723,#17732,#17741,#17750,#17759,#17768,#17777,#17786,
    #17795,#17804,#17813,#17822,#17831,#17840,#17849,#17858,#17867,
    #17876,#17885,#17894,#17903,#17912,#17921,#17930,#17939,#17948,
    #17957,#17966,#17975,#17984,#17993,#18002,#18011,#18020,#18029,
    #18038,#18047,#18056,#18065,#18074,#18083,#18092,#18101,#18110,
    #18119,#18128,#18137,#18146),#16479);
#17307 = STYLED_ITEM('color',(#17308),#13561);
#17308 = PRESENTATION_STYLE_ASSIGNMENT((#17309,#17315));
#17309 = SURFACE_STYLE_USAGE(.BOTH.,#17310);
#17310 = SURFACE_SIDE_STYLE('',(#17311));
#17311 = SURFACE_STYLE_FILL_AREA(#17312);
#17312 = FILL_AREA_STYLE('',(#17313));
#17313 = FILL_AREA_STYLE_COLOUR('',#17314);
#17314 = COLOUR_RGB('',0.147999998088,0.145000001626,0.145000001626);
#17315 = CURVE_STYLE('',#17316,POSITIVE_LENGTH_MEASURE(0.1),#17314);
#17316 = DRAUGHTING_PRE_DEFINED_CURVE_FONT('continuous');
#17317 = STYLED_ITEM('color',(#17318),#13617);
#17318 = PRESENTATION_STYLE_ASSIGNMENT((#17319,#17324));
#17319 = SURFACE_STYLE_USAGE(.BOTH.,#17320);
#17320 = SURFACE_SIDE_STYLE('',(#17321));
#17321 = SURFACE_STYLE_FILL_AREA(#17322);
#17322 = FILL_AREA_STYLE('',(#17323));
#17323 = FILL_AREA_STYLE_COLOUR('',#17314);
#17324 = CURVE_STYLE('',#17325,POSITIVE_LENGTH_MEASURE(0.1),#17314);
#17325 = DRAUGHTING_PRE_DEFINED_CURVE_FONT('continuous');
#17326 = STYLED_ITEM('color',(#17327),#13776);
#17327 = PRESENTATION_STYLE_ASSIGNMENT((#17328,#17333));
#17328 = SURFACE_STYLE_USAGE(.BOTH.,#17329);
#17329 = SURFACE_SIDE_STYLE('',(#17330));
#17330 = SURFACE_STYLE_FILL_AREA(#17331);
#17331 = FILL_AREA_STYLE('',(#17332));
#17332 = FILL_AREA_STYLE_COLOUR('',#17314);
#17333 = CURVE_STYLE('',#17334,POSITIVE_LENGTH_MEASURE(0.1),#17314);
#17334 = DRAUGHTING_PRE_DEFINED_CURVE_FONT('continuous');
#17335 = STYLED_ITEM('color',(#17336),#13808);
#17336 = PRESENTATION_STYLE_ASSIGNMENT((#17337,#17343));
#17337 = SURFACE_STYLE_USAGE(.BOTH.,#17338);
#17338 = SURFACE_SIDE_STYLE('',(#17339));
#17339 = SURFACE_STYLE_FILL_AREA(#17340);
#17340 = FILL_AREA_STYLE('',(#17341));
#17341 = FILL_AREA_STYLE_COLOUR('',#17342);
#17342 = COLOUR_RGB('',0.507540004841,0.507540004841,0.507540004841);
#17343 = CURVE_STYLE('',#17344,POSITIVE_LENGTH_MEASURE(0.1),#17342);
#17344 = DRAUGHTING_PRE_DEFINED_CURVE_FONT('continuous');
#17345 = STYLED_ITEM('color',(#17346),#13839);
#17346 = PRESENTATION_STYLE_ASSIGNMENT((#17347,#17352));
#17347 = SURFACE_STYLE_USAGE(.BOTH.,#17348);
#17348 = SURFACE_SIDE_STYLE('',(#17349));
#17349 = SURFACE_STYLE_FILL_AREA(#17350);
#17350 = FILL_AREA_STYLE('',(#17351));
#17351 = FILL_AREA_STYLE_COLOUR('',#17342);
#17352 = CURVE_STYLE('',#17353,POSITIVE_LENGTH_MEASURE(0.1),#17342);
#17353 = DRAUGHTING_PRE_DEFINED_CURVE_FONT('continuous');
#17354 = STYLED_ITEM('color',(#17355),#13943);
#17355 = PRESENTATION_STYLE_ASSIGNMENT((#17356,#17361));
#17356 = SURFACE_STYLE_USAGE(.BOTH.,#17357);
#17357 = SURFACE_SIDE_STYLE('',(#17358));
#17358 = SURFACE_STYLE_FILL_AREA(#17359);
#17359 = FILL_AREA_STYLE('',(#17360));
#17360 = FILL_AREA_STYLE_COLOUR('',#17314);
#17361 = CURVE_STYLE('',#17362,POSITIVE_LENGTH_MEASURE(0.1),#17314);
#17362 = DRAUGHTING_PRE_DEFINED_CURVE_FONT('continuous');
#17363 = STYLED_ITEM('color',(#17364),#13967);
#17364 = PRESENTATION_STYLE_ASSIGNMENT((#17365,#17370));
#17365 = SURFACE_STYLE_USAGE(.BOTH.,#17366);
#17366 = SURFACE_SIDE_STYLE('',(#17367));
#17367 = SURFACE_STYLE_FILL_AREA(#17368);
#17368 = FILL_AREA_STYLE('',(#17369));
#17369 = FILL_AREA_STYLE_COLOUR('',#17314);
#17370 = CURVE_STYLE('',#17371,POSITIVE_LENGTH_MEASURE(0.1),#17314);
#17371 = DRAUGHTING_PRE_DEFINED_CURVE_FONT('continuous');
#17372 = STYLED_ITEM('color',(#17373),#14016);
#17373 = PRESENTATION_STYLE_ASSIGNMENT((#17374,#17379));
#17374 = SURFACE_STYLE_USAGE(.BOTH.,#17375);
#17375 = SURFACE_SIDE_STYLE('',(#17376));
#17376 = SURFACE_STYLE_FILL_AREA(#17377);
#17377 = FILL_AREA_STYLE('',(#17378));
#17378 = FILL_AREA_STYLE_COLOUR('',#17314);
#17379 = CURVE_STYLE('',#17380,POSITIVE_LENGTH_MEASURE(0.1),#17314);
#17380 = DRAUGHTING_PRE_DEFINED_CURVE_FONT('continuous');
#17381 = STYLED_ITEM('color',(#17382),#14095);
#17382 = PRESENTATION_STYLE_ASSIGNMENT((#17383,#17388));
#17383 = SURFACE_STYLE_USAGE(.BOTH.,#17384);
#17384 = SURFACE_SIDE_STYLE('',(#17385));
#17385 = SURFACE_STYLE_FILL_AREA(#17386);
#17386 = FILL_AREA_STYLE('',(#17387));
#17387 = FILL_AREA_STYLE_COLOUR('',#17128);
#17388 = CURVE_STYLE('',#17389,POSITIVE_LENGTH_MEASURE(0.1),#17128);
#17389 = DRAUGHTING_PRE_DEFINED_CURVE_FONT('continuous');
#17390 = STYLED_ITEM('color',(#17391),#14126);
#17391 = PRESENTATION_STYLE_ASSIGNMENT((#17392,#17397));
#17392 = SURFACE_STYLE_USAGE(.BOTH.,#17393);
#17393 = SURFACE_SIDE_STYLE('',(#17394));
#17394 = SURFACE_STYLE_FILL_AREA(#17395);
#17395 = FILL_AREA_STYLE('',(#17396));
#17396 = FILL_AREA_STYLE_COLOUR('',#17128);
#17397 = CURVE_STYLE('',#17398,POSITIVE_LENGTH_MEASURE(0.1),#17128);
#17398 = DRAUGHTING_PRE_DEFINED_CURVE_FONT('continuous');
#17399 = STYLED_ITEM('color',(#17400),#14150);
#17400 = PRESENTATION_STYLE_ASSIGNMENT((#17401,#17406));
#17401 = SURFACE_STYLE_USAGE(.BOTH.,#17402);
#17402 = SURFACE_SIDE_STYLE('',(#17403));
#17403 = SURFACE_STYLE_FILL_AREA(#17404);
#17404 = FILL_AREA_STYLE('',(#17405));
#17405 = FILL_AREA_STYLE_COLOUR('',#17128);
#17406 = CURVE_STYLE('',#17407,POSITIVE_LENGTH_MEASURE(0.1),#17128);
#17407 = DRAUGHTING_PRE_DEFINED_CURVE_FONT('continuous');
#17408 = STYLED_ITEM('color',(#17409),#14174);
#17409 = PRESENTATION_STYLE_ASSIGNMENT((#17410,#17415));
#17410 = SURFACE_STYLE_USAGE(.BOTH.,#17411);
#17411 = SURFACE_SIDE_STYLE('',(#17412));
#17412 = SURFACE_STYLE_FILL_AREA(#17413);
#17413 = FILL_AREA_STYLE('',(#17414));
#17414 = FILL_AREA_STYLE_COLOUR('',#17314);
#17415 = CURVE_STYLE('',#17416,POSITIVE_LENGTH_MEASURE(0.1),#17314);
#17416 = DRAUGHTING_PRE_DEFINED_CURVE_FONT('continuous');
#17417 = STYLED_ITEM('color',(#17418),#14230);
#17418 = PRESENTATION_STYLE_ASSIGNMENT((#17419,#17424));
#17419 = SURFACE_STYLE_USAGE(.BOTH.,#17420);
#17420 = SURFACE_SIDE_STYLE('',(#17421));
#17421 = SURFACE_STYLE_FILL_AREA(#17422);
#17422 = FILL_AREA_STYLE('',(#17423));
#17423 = FILL_AREA_STYLE_COLOUR('',#17314);
#17424 = CURVE_STYLE('',#17425,POSITIVE_LENGTH_MEASURE(0.1),#17314);
#17425 = DRAUGHTING_PRE_DEFINED_CURVE_FONT('continuous');
#17426 = STYLED_ITEM('color',(#17427),#14270);
#17427 = PRESENTATION_STYLE_ASSIGNMENT((#17428,#17433));
#17428 = SURFACE_STYLE_USAGE(.BOTH.,#17429);
#17429 = SURFACE_SIDE_STYLE('',(#17430));
#17430 = SURFACE_STYLE_FILL_AREA(#17431);
#17431 = FILL_AREA_STYLE('',(#17432));
#17432 = FILL_AREA_STYLE_COLOUR('',#17314);
#17433 = CURVE_STYLE('',#17434,POSITIVE_LENGTH_MEASURE(0.1),#17314);
#17434 = DRAUGHTING_PRE_DEFINED_CURVE_FONT('continuous');
#17435 = STYLED_ITEM('color',(#17436),#14302);
#17436 = PRESENTATION_STYLE_ASSIGNMENT((#17437,#17442));
#17437 = SURFACE_STYLE_USAGE(.BOTH.,#17438);
#17438 = SURFACE_SIDE_STYLE('',(#17439));
#17439 = SURFACE_STYLE_FILL_AREA(#17440);
#17440 = FILL_AREA_STYLE('',(#17441));
#17441 = FILL_AREA_STYLE_COLOUR('',#17314);
#17442 = CURVE_STYLE('',#17443,POSITIVE_LENGTH_MEASURE(0.1),#17314);
#17443 = DRAUGHTING_PRE_DEFINED_CURVE_FONT('continuous');
#17444 = STYLED_ITEM('color',(#17445),#14341);
#17445 = PRESENTATION_STYLE_ASSIGNMENT((#17446,#17451));
#17446 = SURFACE_STYLE_USAGE(.BOTH.,#17447);
#17447 = SURFACE_SIDE_STYLE('',(#17448));
#17448 = SURFACE_STYLE_FILL_AREA(#17449);
#17449 = FILL_AREA_STYLE('',(#17450));
#17450 = FILL_AREA_STYLE_COLOUR('',#17342);
#17451 = CURVE_STYLE('',#17452,POSITIVE_LENGTH_MEASURE(0.1),#17342);
#17452 = DRAUGHTING_PRE_DEFINED_CURVE_FONT('continuous');
#17453 = STYLED_ITEM('color',(#17454),#14372);
#17454 = PRESENTATION_STYLE_ASSIGNMENT((#17455,#17460));
#17455 = SURFACE_STYLE_USAGE(.BOTH.,#17456);
#17456 = SURFACE_SIDE_STYLE('',(#17457));
#17457 = SURFACE_STYLE_FILL_AREA(#17458);
#17458 = FILL_AREA_STYLE('',(#17459));
#17459 = FILL_AREA_STYLE_COLOUR('',#17314);
#17460 = CURVE_STYLE('',#17461,POSITIVE_LENGTH_MEASURE(0.1),#17314);
#17461 = DRAUGHTING_PRE_DEFINED_CURVE_FONT('continuous');
#17462 = STYLED_ITEM('color',(#17463),#14402);
#17463 = PRESENTATION_STYLE_ASSIGNMENT((#17464,#17469));
#17464 = SURFACE_STYLE_USAGE(.BOTH.,#17465);
#17465 = SURFACE_SIDE_STYLE('',(#17466));
#17466 = SURFACE_STYLE_FILL_AREA(#17467);
#17467 = FILL_AREA_STYLE('',(#17468));
#17468 = FILL_AREA_STYLE_COLOUR('',#17342);
#17469 = CURVE_STYLE('',#17470,POSITIVE_LENGTH_MEASURE(0.1),#17342);
#17470 = DRAUGHTING_PRE_DEFINED_CURVE_FONT('continuous');
#17471 = STYLED_ITEM('color',(#17472),#14419);
#17472 = PRESENTATION_STYLE_ASSIGNMENT((#17473,#17478));
#17473 = SURFACE_STYLE_USAGE(.BOTH.,#17474);
#17474 = SURFACE_SIDE_STYLE('',(#17475));
#17475 = SURFACE_STYLE_FILL_AREA(#17476);
#17476 = FILL_AREA_STYLE('',(#17477));
#17477 = FILL_AREA_STYLE_COLOUR('',#17314);
#17478 = CURVE_STYLE('',#17479,POSITIVE_LENGTH_MEASURE(0.1),#17314);
#17479 = DRAUGHTING_PRE_DEFINED_CURVE_FONT('continuous');
#17480 = STYLED_ITEM('color',(#17481),#14458);
#17481 = PRESENTATION_STYLE_ASSIGNMENT((#17482,#17487));
#17482 = SURFACE_STYLE_USAGE(.BOTH.,#17483);
#17483 = SURFACE_SIDE_STYLE('',(#17484));
#17484 = SURFACE_STYLE_FILL_AREA(#17485);
#17485 = FILL_AREA_STYLE('',(#17486));
#17486 = FILL_AREA_STYLE_COLOUR('',#17342);
#17487 = CURVE_STYLE('',#17488,POSITIVE_LENGTH_MEASURE(0.1),#17342);
#17488 = DRAUGHTING_PRE_DEFINED_CURVE_FONT('continuous');
#17489 = STYLED_ITEM('color',(#17490),#14489);
#17490 = PRESENTATION_STYLE_ASSIGNMENT((#17491,#17496));
#17491 = SURFACE_STYLE_USAGE(.BOTH.,#17492);
#17492 = SURFACE_SIDE_STYLE('',(#17493));
#17493 = SURFACE_STYLE_FILL_AREA(#17494);
#17494 = FILL_AREA_STYLE('',(#17495));
#17495 = FILL_AREA_STYLE_COLOUR('',#17314);
#17496 = CURVE_STYLE('',#17497,POSITIVE_LENGTH_MEASURE(0.1),#17314);
#17497 = DRAUGHTING_PRE_DEFINED_CURVE_FONT('continuous');
#17498 = STYLED_ITEM('color',(#17499),#14514);
#17499 = PRESENTATION_STYLE_ASSIGNMENT((#17500,#17505));
#17500 = SURFACE_STYLE_USAGE(.BOTH.,#17501);
#17501 = SURFACE_SIDE_STYLE('',(#17502));
#17502 = SURFACE_STYLE_FILL_AREA(#17503);
#17503 = FILL_AREA_STYLE('',(#17504));
#17504 = FILL_AREA_STYLE_COLOUR('',#17342);
#17505 = CURVE_STYLE('',#17506,POSITIVE_LENGTH_MEASURE(0.1),#17342);
#17506 = DRAUGHTING_PRE_DEFINED_CURVE_FONT('continuous');
#17507 = STYLED_ITEM('color',(#17508),#14620);
#17508 = PRESENTATION_STYLE_ASSIGNMENT((#17509,#17514));
#17509 = SURFACE_STYLE_USAGE(.BOTH.,#17510);
#17510 = SURFACE_SIDE_STYLE('',(#17511));
#17511 = SURFACE_STYLE_FILL_AREA(#17512);
#17512 = FILL_AREA_STYLE('',(#17513));
#17513 = FILL_AREA_STYLE_COLOUR('',#17342);
#17514 = CURVE_STYLE('',#17515,POSITIVE_LENGTH_MEASURE(0.1),#17342);
#17515 = DRAUGHTING_PRE_DEFINED_CURVE_FONT('continuous');
#17516 = STYLED_ITEM('color',(#17517),#14655);
#17517 = PRESENTATION_STYLE_ASSIGNMENT((#17518,#17523));
#17518 = SURFACE_STYLE_USAGE(.BOTH.,#17519);
#17519 = SURFACE_SIDE_STYLE('',(#17520));
#17520 = SURFACE_STYLE_FILL_AREA(#17521);
#17521 = FILL_AREA_STYLE('',(#17522));
#17522 = FILL_AREA_STYLE_COLOUR('',#17342);
#17523 = CURVE_STYLE('',#17524,POSITIVE_LENGTH_MEASURE(0.1),#17342);
#17524 = DRAUGHTING_PRE_DEFINED_CURVE_FONT('continuous');
#17525 = STYLED_ITEM('color',(#17526),#14672);
#17526 = PRESENTATION_STYLE_ASSIGNMENT((#17527,#17532));
#17527 = SURFACE_STYLE_USAGE(.BOTH.,#17528);
#17528 = SURFACE_SIDE_STYLE('',(#17529));
#17529 = SURFACE_STYLE_FILL_AREA(#17530);
#17530 = FILL_AREA_STYLE('',(#17531));
#17531 = FILL_AREA_STYLE_COLOUR('',#17342);
#17532 = CURVE_STYLE('',#17533,POSITIVE_LENGTH_MEASURE(0.1),#17342);
#17533 = DRAUGHTING_PRE_DEFINED_CURVE_FONT('continuous');
#17534 = STYLED_ITEM('color',(#17535),#14694);
#17535 = PRESENTATION_STYLE_ASSIGNMENT((#17536,#17541));
#17536 = SURFACE_STYLE_USAGE(.BOTH.,#17537);
#17537 = SURFACE_SIDE_STYLE('',(#17538));
#17538 = SURFACE_STYLE_FILL_AREA(#17539);
#17539 = FILL_AREA_STYLE('',(#17540));
#17540 = FILL_AREA_STYLE_COLOUR('',#17342);
#17541 = CURVE_STYLE('',#17542,POSITIVE_LENGTH_MEASURE(0.1),#17342);
#17542 = DRAUGHTING_PRE_DEFINED_CURVE_FONT('continuous');
#17543 = STYLED_ITEM('color',(#17544),#14711);
#17544 = PRESENTATION_STYLE_ASSIGNMENT((#17545,#17550));
#17545 = SURFACE_STYLE_USAGE(.BOTH.,#17546);
#17546 = SURFACE_SIDE_STYLE('',(#17547));
#17547 = SURFACE_STYLE_FILL_AREA(#17548);
#17548 = FILL_AREA_STYLE('',(#17549));
#17549 = FILL_AREA_STYLE_COLOUR('',#17342);
#17550 = CURVE_STYLE('',#17551,POSITIVE_LENGTH_MEASURE(0.1),#17342);
#17551 = DRAUGHTING_PRE_DEFINED_CURVE_FONT('continuous');
#17552 = STYLED_ITEM('color',(#17553),#14728);
#17553 = PRESENTATION_STYLE_ASSIGNMENT((#17554,#17559));
#17554 = SURFACE_STYLE_USAGE(.BOTH.,#17555);
#17555 = SURFACE_SIDE_STYLE('',(#17556));
#17556 = SURFACE_STYLE_FILL_AREA(#17557);
#17557 = FILL_AREA_STYLE('',(#17558));
#17558 = FILL_AREA_STYLE_COLOUR('',#17342);
#17559 = CURVE_STYLE('',#17560,POSITIVE_LENGTH_MEASURE(0.1),#17342);
#17560 = DRAUGHTING_PRE_DEFINED_CURVE_FONT('continuous');
#17561 = STYLED_ITEM('color',(#17562),#14745);
#17562 = PRESENTATION_STYLE_ASSIGNMENT((#17563,#17568));
#17563 = SURFACE_STYLE_USAGE(.BOTH.,#17564);
#17564 = SURFACE_SIDE_STYLE('',(#17565));
#17565 = SURFACE_STYLE_FILL_AREA(#17566);
#17566 = FILL_AREA_STYLE('',(#17567));
#17567 = FILL_AREA_STYLE_COLOUR('',#17342);
#17568 = CURVE_STYLE('',#17569,POSITIVE_LENGTH_MEASURE(0.1),#17342);
#17569 = DRAUGHTING_PRE_DEFINED_CURVE_FONT('continuous');
#17570 = STYLED_ITEM('color',(#17571),#14762);
#17571 = PRESENTATION_STYLE_ASSIGNMENT((#17572,#17577));
#17572 = SURFACE_STYLE_USAGE(.BOTH.,#17573);
#17573 = SURFACE_SIDE_STYLE('',(#17574));
#17574 = SURFACE_STYLE_FILL_AREA(#17575);
#17575 = FILL_AREA_STYLE('',(#17576));
#17576 = FILL_AREA_STYLE_COLOUR('',#17342);
#17577 = CURVE_STYLE('',#17578,POSITIVE_LENGTH_MEASURE(0.1),#17342);
#17578 = DRAUGHTING_PRE_DEFINED_CURVE_FONT('continuous');
#17579 = STYLED_ITEM('color',(#17580),#14779);
#17580 = PRESENTATION_STYLE_ASSIGNMENT((#17581,#17586));
#17581 = SURFACE_STYLE_USAGE(.BOTH.,#17582);
#17582 = SURFACE_SIDE_STYLE('',(#17583));
#17583 = SURFACE_STYLE_FILL_AREA(#17584);
#17584 = FILL_AREA_STYLE('',(#17585));
#17585 = FILL_AREA_STYLE_COLOUR('',#17342);
#17586 = CURVE_STYLE('',#17587,POSITIVE_LENGTH_MEASURE(0.1),#17342);
#17587 = DRAUGHTING_PRE_DEFINED_CURVE_FONT('continuous');
#17588 = STYLED_ITEM('color',(#17589),#14791);
#17589 = PRESENTATION_STYLE_ASSIGNMENT((#17590,#17595));
#17590 = SURFACE_STYLE_USAGE(.BOTH.,#17591);
#17591 = SURFACE_SIDE_STYLE('',(#17592));
#17592 = SURFACE_STYLE_FILL_AREA(#17593);
#17593 = FILL_AREA_STYLE('',(#17594));
#17594 = FILL_AREA_STYLE_COLOUR('',#17342);
#17595 = CURVE_STYLE('',#17596,POSITIVE_LENGTH_MEASURE(0.1),#17342);
#17596 = DRAUGHTING_PRE_DEFINED_CURVE_FONT('continuous');
#17597 = STYLED_ITEM('color',(#17598),#14808);
#17598 = PRESENTATION_STYLE_ASSIGNMENT((#17599,#17604));
#17599 = SURFACE_STYLE_USAGE(.BOTH.,#17600);
#17600 = SURFACE_SIDE_STYLE('',(#17601));
#17601 = SURFACE_STYLE_FILL_AREA(#17602);
#17602 = FILL_AREA_STYLE('',(#17603));
#17603 = FILL_AREA_STYLE_COLOUR('',#17314);
#17604 = CURVE_STYLE('',#17605,POSITIVE_LENGTH_MEASURE(0.1),#17314);
#17605 = DRAUGHTING_PRE_DEFINED_CURVE_FONT('continuous');
#17606 = STYLED_ITEM('color',(#17607),#14825);
#17607 = PRESENTATION_STYLE_ASSIGNMENT((#17608,#17613));
#17608 = SURFACE_STYLE_USAGE(.BOTH.,#17609);
#17609 = SURFACE_SIDE_STYLE('',(#17610));
#17610 = SURFACE_STYLE_FILL_AREA(#17611);
#17611 = FILL_AREA_STYLE('',(#17612));
#17612 = FILL_AREA_STYLE_COLOUR('',#17314);
#17613 = CURVE_STYLE('',#17614,POSITIVE_LENGTH_MEASURE(0.1),#17314);
#17614 = DRAUGHTING_PRE_DEFINED_CURVE_FONT('continuous');
#17615 = STYLED_ITEM('color',(#17616),#14851);
#17616 = PRESENTATION_STYLE_ASSIGNMENT((#17617,#17622));
#17617 = SURFACE_STYLE_USAGE(.BOTH.,#17618);
#17618 = SURFACE_SIDE_STYLE('',(#17619));
#17619 = SURFACE_STYLE_FILL_AREA(#17620);
#17620 = FILL_AREA_STYLE('',(#17621));
#17621 = FILL_AREA_STYLE_COLOUR('',#17314);
#17622 = CURVE_STYLE('',#17623,POSITIVE_LENGTH_MEASURE(0.1),#17314);
#17623 = DRAUGHTING_PRE_DEFINED_CURVE_FONT('continuous');
#17624 = STYLED_ITEM('color',(#17625),#14980);
#17625 = PRESENTATION_STYLE_ASSIGNMENT((#17626,#17631));
#17626 = SURFACE_STYLE_USAGE(.BOTH.,#17627);
#17627 = SURFACE_SIDE_STYLE('',(#17628));
#17628 = SURFACE_STYLE_FILL_AREA(#17629);
#17629 = FILL_AREA_STYLE('',(#17630));
#17630 = FILL_AREA_STYLE_COLOUR('',#17128);
#17631 = CURVE_STYLE('',#17632,POSITIVE_LENGTH_MEASURE(0.1),#17128);
#17632 = DRAUGHTING_PRE_DEFINED_CURVE_FONT('continuous');
#17633 = STYLED_ITEM('color',(#17634),#15013);
#17634 = PRESENTATION_STYLE_ASSIGNMENT((#17635,#17640));
#17635 = SURFACE_STYLE_USAGE(.BOTH.,#17636);
#17636 = SURFACE_SIDE_STYLE('',(#17637));
#17637 = SURFACE_STYLE_FILL_AREA(#17638);
#17638 = FILL_AREA_STYLE('',(#17639));
#17639 = FILL_AREA_STYLE_COLOUR('',#17128);
#17640 = CURVE_STYLE('',#17641,POSITIVE_LENGTH_MEASURE(0.1),#17128);
#17641 = DRAUGHTING_PRE_DEFINED_CURVE_FONT('continuous');
#17642 = STYLED_ITEM('color',(#17643),#15032);
#17643 = PRESENTATION_STYLE_ASSIGNMENT((#17644,#17649));
#17644 = SURFACE_STYLE_USAGE(.BOTH.,#17645);
#17645 = SURFACE_SIDE_STYLE('',(#17646));
#17646 = SURFACE_STYLE_FILL_AREA(#17647);
#17647 = FILL_AREA_STYLE('',(#17648));
#17648 = FILL_AREA_STYLE_COLOUR('',#17128);
#17649 = CURVE_STYLE('',#17650,POSITIVE_LENGTH_MEASURE(0.1),#17128);
#17650 = DRAUGHTING_PRE_DEFINED_CURVE_FONT('continuous');
#17651 = STYLED_ITEM('color',(#17652),#15044);
#17652 = PRESENTATION_STYLE_ASSIGNMENT((#17653,#17658));
#17653 = SURFACE_STYLE_USAGE(.BOTH.,#17654);
#17654 = SURFACE_SIDE_STYLE('',(#17655));
#17655 = SURFACE_STYLE_FILL_AREA(#17656);
#17656 = FILL_AREA_STYLE('',(#17657));
#17657 = FILL_AREA_STYLE_COLOUR('',#17314);
#17658 = CURVE_STYLE('',#17659,POSITIVE_LENGTH_MEASURE(0.1),#17314);
#17659 = DRAUGHTING_PRE_DEFINED_CURVE_FONT('continuous');
#17660 = STYLED_ITEM('color',(#17661),#15084);
#17661 = PRESENTATION_STYLE_ASSIGNMENT((#17662,#17667));
#17662 = SURFACE_STYLE_USAGE(.BOTH.,#17663);
#17663 = SURFACE_SIDE_STYLE('',(#17664));
#17664 = SURFACE_STYLE_FILL_AREA(#17665);
#17665 = FILL_AREA_STYLE('',(#17666));
#17666 = FILL_AREA_STYLE_COLOUR('',#17314);
#17667 = CURVE_STYLE('',#17668,POSITIVE_LENGTH_MEASURE(0.1),#17314);
#17668 = DRAUGHTING_PRE_DEFINED_CURVE_FONT('continuous');
#17669 = STYLED_ITEM('color',(#17670),#15108);
#17670 = PRESENTATION_STYLE_ASSIGNMENT((#17671,#17676));
#17671 = SURFACE_STYLE_USAGE(.BOTH.,#17672);
#17672 = SURFACE_SIDE_STYLE('',(#17673));
#17673 = SURFACE_STYLE_FILL_AREA(#17674);
#17674 = FILL_AREA_STYLE('',(#17675));
#17675 = FILL_AREA_STYLE_COLOUR('',#17342);
#17676 = CURVE_STYLE('',#17677,POSITIVE_LENGTH_MEASURE(0.1),#17342);
#17677 = DRAUGHTING_PRE_DEFINED_CURVE_FONT('continuous');
#17678 = STYLED_ITEM('color',(#17679),#15125);
#17679 = PRESENTATION_STYLE_ASSIGNMENT((#17680,#17685));
#17680 = SURFACE_STYLE_USAGE(.BOTH.,#17681);
#17681 = SURFACE_SIDE_STYLE('',(#17682));
#17682 = SURFACE_STYLE_FILL_AREA(#17683);
#17683 = FILL_AREA_STYLE('',(#17684));
#17684 = FILL_AREA_STYLE_COLOUR('',#17314);
#17685 = CURVE_STYLE('',#17686,POSITIVE_LENGTH_MEASURE(0.1),#17314);
#17686 = DRAUGHTING_PRE_DEFINED_CURVE_FONT('continuous');
#17687 = STYLED_ITEM('color',(#17688),#15142);
#17688 = PRESENTATION_STYLE_ASSIGNMENT((#17689,#17694));
#17689 = SURFACE_STYLE_USAGE(.BOTH.,#17690);
#17690 = SURFACE_SIDE_STYLE('',(#17691));
#17691 = SURFACE_STYLE_FILL_AREA(#17692);
#17692 = FILL_AREA_STYLE('',(#17693));
#17693 = FILL_AREA_STYLE_COLOUR('',#17342);
#17694 = CURVE_STYLE('',#17695,POSITIVE_LENGTH_MEASURE(0.1),#17342);
#17695 = DRAUGHTING_PRE_DEFINED_CURVE_FONT('continuous');
#17696 = STYLED_ITEM('color',(#17697),#15173);
#17697 = PRESENTATION_STYLE_ASSIGNMENT((#17698,#17703));
#17698 = SURFACE_STYLE_USAGE(.BOTH.,#17699);
#17699 = SURFACE_SIDE_STYLE('',(#17700));
#17700 = SURFACE_STYLE_FILL_AREA(#17701);
#17701 = FILL_AREA_STYLE('',(#17702));
#17702 = FILL_AREA_STYLE_COLOUR('',#17342);
#17703 = CURVE_STYLE('',#17704,POSITIVE_LENGTH_MEASURE(0.1),#17342);
#17704 = DRAUGHTING_PRE_DEFINED_CURVE_FONT('continuous');
#17705 = STYLED_ITEM('color',(#17706),#15251);
#17706 = PRESENTATION_STYLE_ASSIGNMENT((#17707,#17712));
#17707 = SURFACE_STYLE_USAGE(.BOTH.,#17708);
#17708 = SURFACE_SIDE_STYLE('',(#17709));
#17709 = SURFACE_STYLE_FILL_AREA(#17710);
#17710 = FILL_AREA_STYLE('',(#17711));
#17711 = FILL_AREA_STYLE_COLOUR('',#17342);
#17712 = CURVE_STYLE('',#17713,POSITIVE_LENGTH_MEASURE(0.1),#17342);
#17713 = DRAUGHTING_PRE_DEFINED_CURVE_FONT('continuous');
#17714 = STYLED_ITEM('color',(#17715),#15355);
#17715 = PRESENTATION_STYLE_ASSIGNMENT((#17716,#17721));
#17716 = SURFACE_STYLE_USAGE(.BOTH.,#17717);
#17717 = SURFACE_SIDE_STYLE('',(#17718));
#17718 = SURFACE_STYLE_FILL_AREA(#17719);
#17719 = FILL_AREA_STYLE('',(#17720));
#17720 = FILL_AREA_STYLE_COLOUR('',#17342);
#17721 = CURVE_STYLE('',#17722,POSITIVE_LENGTH_MEASURE(0.1),#17342);
#17722 = DRAUGHTING_PRE_DEFINED_CURVE_FONT('continuous');
#17723 = STYLED_ITEM('color',(#17724),#15390);
#17724 = PRESENTATION_STYLE_ASSIGNMENT((#17725,#17730));
#17725 = SURFACE_STYLE_USAGE(.BOTH.,#17726);
#17726 = SURFACE_SIDE_STYLE('',(#17727));
#17727 = SURFACE_STYLE_FILL_AREA(#17728);
#17728 = FILL_AREA_STYLE('',(#17729));
#17729 = FILL_AREA_STYLE_COLOUR('',#17342);
#17730 = CURVE_STYLE('',#17731,POSITIVE_LENGTH_MEASURE(0.1),#17342);
#17731 = DRAUGHTING_PRE_DEFINED_CURVE_FONT('continuous');
#17732 = STYLED_ITEM('color',(#17733),#15423);
#17733 = PRESENTATION_STYLE_ASSIGNMENT((#17734,#17739));
#17734 = SURFACE_STYLE_USAGE(.BOTH.,#17735);
#17735 = SURFACE_SIDE_STYLE('',(#17736));
#17736 = SURFACE_STYLE_FILL_AREA(#17737);
#17737 = FILL_AREA_STYLE('',(#17738));
#17738 = FILL_AREA_STYLE_COLOUR('',#17342);
#17739 = CURVE_STYLE('',#17740,POSITIVE_LENGTH_MEASURE(0.1),#17342);
#17740 = DRAUGHTING_PRE_DEFINED_CURVE_FONT('continuous');
#17741 = STYLED_ITEM('color',(#17742),#15447);
#17742 = PRESENTATION_STYLE_ASSIGNMENT((#17743,#17748));
#17743 = SURFACE_STYLE_USAGE(.BOTH.,#17744);
#17744 = SURFACE_SIDE_STYLE('',(#17745));
#17745 = SURFACE_STYLE_FILL_AREA(#17746);
#17746 = FILL_AREA_STYLE('',(#17747));
#17747 = FILL_AREA_STYLE_COLOUR('',#17342);
#17748 = CURVE_STYLE('',#17749,POSITIVE_LENGTH_MEASURE(0.1),#17342);
#17749 = DRAUGHTING_PRE_DEFINED_CURVE_FONT('continuous');
#17750 = STYLED_ITEM('color',(#17751),#15464);
#17751 = PRESENTATION_STYLE_ASSIGNMENT((#17752,#17757));
#17752 = SURFACE_STYLE_USAGE(.BOTH.,#17753);
#17753 = SURFACE_SIDE_STYLE('',(#17754));
#17754 = SURFACE_STYLE_FILL_AREA(#17755);
#17755 = FILL_AREA_STYLE('',(#17756));
#17756 = FILL_AREA_STYLE_COLOUR('',#17342);
#17757 = CURVE_STYLE('',#17758,POSITIVE_LENGTH_MEASURE(0.1),#17342);
#17758 = DRAUGHTING_PRE_DEFINED_CURVE_FONT('continuous');
#17759 = STYLED_ITEM('color',(#17760),#15481);
#17760 = PRESENTATION_STYLE_ASSIGNMENT((#17761,#17766));
#17761 = SURFACE_STYLE_USAGE(.BOTH.,#17762);
#17762 = SURFACE_SIDE_STYLE('',(#17763));
#17763 = SURFACE_STYLE_FILL_AREA(#17764);
#17764 = FILL_AREA_STYLE('',(#17765));
#17765 = FILL_AREA_STYLE_COLOUR('',#17342);
#17766 = CURVE_STYLE('',#17767,POSITIVE_LENGTH_MEASURE(0.1),#17342);
#17767 = DRAUGHTING_PRE_DEFINED_CURVE_FONT('continuous');
#17768 = STYLED_ITEM('color',(#17769),#15662);
#17769 = PRESENTATION_STYLE_ASSIGNMENT((#17770,#17775));
#17770 = SURFACE_STYLE_USAGE(.BOTH.,#17771);
#17771 = SURFACE_SIDE_STYLE('',(#17772));
#17772 = SURFACE_STYLE_FILL_AREA(#17773);
#17773 = FILL_AREA_STYLE('',(#17774));
#17774 = FILL_AREA_STYLE_COLOUR('',#17342);
#17775 = CURVE_STYLE('',#17776,POSITIVE_LENGTH_MEASURE(0.1),#17342);
#17776 = DRAUGHTING_PRE_DEFINED_CURVE_FONT('continuous');
#17777 = STYLED_ITEM('color',(#17778),#15680);
#17778 = PRESENTATION_STYLE_ASSIGNMENT((#17779,#17784));
#17779 = SURFACE_STYLE_USAGE(.BOTH.,#17780);
#17780 = SURFACE_SIDE_STYLE('',(#17781));
#17781 = SURFACE_STYLE_FILL_AREA(#17782);
#17782 = FILL_AREA_STYLE('',(#17783));
#17783 = FILL_AREA_STYLE_COLOUR('',#17342);
#17784 = CURVE_STYLE('',#17785,POSITIVE_LENGTH_MEASURE(0.1),#17342);
#17785 = DRAUGHTING_PRE_DEFINED_CURVE_FONT('continuous');
#17786 = STYLED_ITEM('color',(#17787),#15698);
#17787 = PRESENTATION_STYLE_ASSIGNMENT((#17788,#17793));
#17788 = SURFACE_STYLE_USAGE(.BOTH.,#17789);
#17789 = SURFACE_SIDE_STYLE('',(#17790));
#17790 = SURFACE_STYLE_FILL_AREA(#17791);
#17791 = FILL_AREA_STYLE('',(#17792));
#17792 = FILL_AREA_STYLE_COLOUR('',#17342);
#17793 = CURVE_STYLE('',#17794,POSITIVE_LENGTH_MEASURE(0.1),#17342);
#17794 = DRAUGHTING_PRE_DEFINED_CURVE_FONT('continuous');
#17795 = STYLED_ITEM('color',(#17796),#15715);
#17796 = PRESENTATION_STYLE_ASSIGNMENT((#17797,#17802));
#17797 = SURFACE_STYLE_USAGE(.BOTH.,#17798);
#17798 = SURFACE_SIDE_STYLE('',(#17799));
#17799 = SURFACE_STYLE_FILL_AREA(#17800);
#17800 = FILL_AREA_STYLE('',(#17801));
#17801 = FILL_AREA_STYLE_COLOUR('',#17342);
#17802 = CURVE_STYLE('',#17803,POSITIVE_LENGTH_MEASURE(0.1),#17342);
#17803 = DRAUGHTING_PRE_DEFINED_CURVE_FONT('continuous');
#17804 = STYLED_ITEM('color',(#17805),#15727);
#17805 = PRESENTATION_STYLE_ASSIGNMENT((#17806,#17811));
#17806 = SURFACE_STYLE_USAGE(.BOTH.,#17807);
#17807 = SURFACE_SIDE_STYLE('',(#17808));
#17808 = SURFACE_STYLE_FILL_AREA(#17809);
#17809 = FILL_AREA_STYLE('',(#17810));
#17810 = FILL_AREA_STYLE_COLOUR('',#17342);
#17811 = CURVE_STYLE('',#17812,POSITIVE_LENGTH_MEASURE(0.1),#17342);
#17812 = DRAUGHTING_PRE_DEFINED_CURVE_FONT('continuous');
#17813 = STYLED_ITEM('color',(#17814),#15739);
#17814 = PRESENTATION_STYLE_ASSIGNMENT((#17815,#17820));
#17815 = SURFACE_STYLE_USAGE(.BOTH.,#17816);
#17816 = SURFACE_SIDE_STYLE('',(#17817));
#17817 = SURFACE_STYLE_FILL_AREA(#17818);
#17818 = FILL_AREA_STYLE('',(#17819));
#17819 = FILL_AREA_STYLE_COLOUR('',#17342);
#17820 = CURVE_STYLE('',#17821,POSITIVE_LENGTH_MEASURE(0.1),#17342);
#17821 = DRAUGHTING_PRE_DEFINED_CURVE_FONT('continuous');
#17822 = STYLED_ITEM('color',(#17823),#15757);
#17823 = PRESENTATION_STYLE_ASSIGNMENT((#17824,#17829));
#17824 = SURFACE_STYLE_USAGE(.BOTH.,#17825);
#17825 = SURFACE_SIDE_STYLE('',(#17826));
#17826 = SURFACE_STYLE_FILL_AREA(#17827);
#17827 = FILL_AREA_STYLE('',(#17828));
#17828 = FILL_AREA_STYLE_COLOUR('',#17342);
#17829 = CURVE_STYLE('',#17830,POSITIVE_LENGTH_MEASURE(0.1),#17342);
#17830 = DRAUGHTING_PRE_DEFINED_CURVE_FONT('continuous');
#17831 = STYLED_ITEM('color',(#17832),#15789);
#17832 = PRESENTATION_STYLE_ASSIGNMENT((#17833,#17838));
#17833 = SURFACE_STYLE_USAGE(.BOTH.,#17834);
#17834 = SURFACE_SIDE_STYLE('',(#17835));
#17835 = SURFACE_STYLE_FILL_AREA(#17836);
#17836 = FILL_AREA_STYLE('',(#17837));
#17837 = FILL_AREA_STYLE_COLOUR('',#17314);
#17838 = CURVE_STYLE('',#17839,POSITIVE_LENGTH_MEASURE(0.1),#17314);
#17839 = DRAUGHTING_PRE_DEFINED_CURVE_FONT('continuous');
#17840 = STYLED_ITEM('color',(#17841),#15807);
#17841 = PRESENTATION_STYLE_ASSIGNMENT((#17842,#17847));
#17842 = SURFACE_STYLE_USAGE(.BOTH.,#17843);
#17843 = SURFACE_SIDE_STYLE('',(#17844));
#17844 = SURFACE_STYLE_FILL_AREA(#17845);
#17845 = FILL_AREA_STYLE('',(#17846));
#17846 = FILL_AREA_STYLE_COLOUR('',#17128);
#17847 = CURVE_STYLE('',#17848,POSITIVE_LENGTH_MEASURE(0.1),#17128);
#17848 = DRAUGHTING_PRE_DEFINED_CURVE_FONT('continuous');
#17849 = STYLED_ITEM('color',(#17850),#15831);
#17850 = PRESENTATION_STYLE_ASSIGNMENT((#17851,#17856));
#17851 = SURFACE_STYLE_USAGE(.BOTH.,#17852);
#17852 = SURFACE_SIDE_STYLE('',(#17853));
#17853 = SURFACE_STYLE_FILL_AREA(#17854);
#17854 = FILL_AREA_STYLE('',(#17855));
#17855 = FILL_AREA_STYLE_COLOUR('',#17128);
#17856 = CURVE_STYLE('',#17857,POSITIVE_LENGTH_MEASURE(0.1),#17128);
#17857 = DRAUGHTING_PRE_DEFINED_CURVE_FONT('continuous');
#17858 = STYLED_ITEM('color',(#17859),#15855);
#17859 = PRESENTATION_STYLE_ASSIGNMENT((#17860,#17865));
#17860 = SURFACE_STYLE_USAGE(.BOTH.,#17861);
#17861 = SURFACE_SIDE_STYLE('',(#17862));
#17862 = SURFACE_STYLE_FILL_AREA(#17863);
#17863 = FILL_AREA_STYLE('',(#17864));
#17864 = FILL_AREA_STYLE_COLOUR('',#17128);
#17865 = CURVE_STYLE('',#17866,POSITIVE_LENGTH_MEASURE(0.1),#17128);
#17866 = DRAUGHTING_PRE_DEFINED_CURVE_FONT('continuous');
#17867 = STYLED_ITEM('color',(#17868),#15872);
#17868 = PRESENTATION_STYLE_ASSIGNMENT((#17869,#17874));
#17869 = SURFACE_STYLE_USAGE(.BOTH.,#17870);
#17870 = SURFACE_SIDE_STYLE('',(#17871));
#17871 = SURFACE_STYLE_FILL_AREA(#17872);
#17872 = FILL_AREA_STYLE('',(#17873));
#17873 = FILL_AREA_STYLE_COLOUR('',#17314);
#17874 = CURVE_STYLE('',#17875,POSITIVE_LENGTH_MEASURE(0.1),#17314);
#17875 = DRAUGHTING_PRE_DEFINED_CURVE_FONT('continuous');
#17876 = STYLED_ITEM('color',(#17877),#15911);
#17877 = PRESENTATION_STYLE_ASSIGNMENT((#17878,#17883));
#17878 = SURFACE_STYLE_USAGE(.BOTH.,#17879);
#17879 = SURFACE_SIDE_STYLE('',(#17880));
#17880 = SURFACE_STYLE_FILL_AREA(#17881);
#17881 = FILL_AREA_STYLE('',(#17882));
#17882 = FILL_AREA_STYLE_COLOUR('',#17342);
#17883 = CURVE_STYLE('',#17884,POSITIVE_LENGTH_MEASURE(0.1),#17342);
#17884 = DRAUGHTING_PRE_DEFINED_CURVE_FONT('continuous');
#17885 = STYLED_ITEM('color',(#17886),#15933);
#17886 = PRESENTATION_STYLE_ASSIGNMENT((#17887,#17892));
#17887 = SURFACE_STYLE_USAGE(.BOTH.,#17888);
#17888 = SURFACE_SIDE_STYLE('',(#17889));
#17889 = SURFACE_STYLE_FILL_AREA(#17890);
#17890 = FILL_AREA_STYLE('',(#17891));
#17891 = FILL_AREA_STYLE_COLOUR('',#17314);
#17892 = CURVE_STYLE('',#17893,POSITIVE_LENGTH_MEASURE(0.1),#17314);
#17893 = DRAUGHTING_PRE_DEFINED_CURVE_FONT('continuous');
#17894 = STYLED_ITEM('color',(#17895),#15951);
#17895 = PRESENTATION_STYLE_ASSIGNMENT((#17896,#17901));
#17896 = SURFACE_STYLE_USAGE(.BOTH.,#17897);
#17897 = SURFACE_SIDE_STYLE('',(#17898));
#17898 = SURFACE_STYLE_FILL_AREA(#17899);
#17899 = FILL_AREA_STYLE('',(#17900));
#17900 = FILL_AREA_STYLE_COLOUR('',#17342);
#17901 = CURVE_STYLE('',#17902,POSITIVE_LENGTH_MEASURE(0.1),#17342);
#17902 = DRAUGHTING_PRE_DEFINED_CURVE_FONT('continuous');
#17903 = STYLED_ITEM('color',(#17904),#15968);
#17904 = PRESENTATION_STYLE_ASSIGNMENT((#17905,#17910));
#17905 = SURFACE_STYLE_USAGE(.BOTH.,#17906);
#17906 = SURFACE_SIDE_STYLE('',(#17907));
#17907 = SURFACE_STYLE_FILL_AREA(#17908);
#17908 = FILL_AREA_STYLE('',(#17909));
#17909 = FILL_AREA_STYLE_COLOUR('',#17314);
#17910 = CURVE_STYLE('',#17911,POSITIVE_LENGTH_MEASURE(0.1),#17314);
#17911 = DRAUGHTING_PRE_DEFINED_CURVE_FONT('continuous');
#17912 = STYLED_ITEM('color',(#17913),#16007);
#17913 = PRESENTATION_STYLE_ASSIGNMENT((#17914,#17919));
#17914 = SURFACE_STYLE_USAGE(.BOTH.,#17915);
#17915 = SURFACE_SIDE_STYLE('',(#17916));
#17916 = SURFACE_STYLE_FILL_AREA(#17917);
#17917 = FILL_AREA_STYLE('',(#17918));
#17918 = FILL_AREA_STYLE_COLOUR('',#17342);
#17919 = CURVE_STYLE('',#17920,POSITIVE_LENGTH_MEASURE(0.1),#17342);
#17920 = DRAUGHTING_PRE_DEFINED_CURVE_FONT('continuous');
#17921 = STYLED_ITEM('color',(#17922),#16029);
#17922 = PRESENTATION_STYLE_ASSIGNMENT((#17923,#17928));
#17923 = SURFACE_STYLE_USAGE(.BOTH.,#17924);
#17924 = SURFACE_SIDE_STYLE('',(#17925));
#17925 = SURFACE_STYLE_FILL_AREA(#17926);
#17926 = FILL_AREA_STYLE('',(#17927));
#17927 = FILL_AREA_STYLE_COLOUR('',#17314);
#17928 = CURVE_STYLE('',#17929,POSITIVE_LENGTH_MEASURE(0.1),#17314);
#17929 = DRAUGHTING_PRE_DEFINED_CURVE_FONT('continuous');
#17930 = STYLED_ITEM('color',(#17931),#16059);
#17931 = PRESENTATION_STYLE_ASSIGNMENT((#17932,#17937));
#17932 = SURFACE_STYLE_USAGE(.BOTH.,#17933);
#17933 = SURFACE_SIDE_STYLE('',(#17934));
#17934 = SURFACE_STYLE_FILL_AREA(#17935);
#17935 = FILL_AREA_STYLE('',(#17936));
#17936 = FILL_AREA_STYLE_COLOUR('',#17314);
#17937 = CURVE_STYLE('',#17938,POSITIVE_LENGTH_MEASURE(0.1),#17314);
#17938 = DRAUGHTING_PRE_DEFINED_CURVE_FONT('continuous');
#17939 = STYLED_ITEM('color',(#17940),#16077);
#17940 = PRESENTATION_STYLE_ASSIGNMENT((#17941,#17946));
#17941 = SURFACE_STYLE_USAGE(.BOTH.,#17942);
#17942 = SURFACE_SIDE_STYLE('',(#17943));
#17943 = SURFACE_STYLE_FILL_AREA(#17944);
#17944 = FILL_AREA_STYLE('',(#17945));
#17945 = FILL_AREA_STYLE_COLOUR('',#17128);
#17946 = CURVE_STYLE('',#17947,POSITIVE_LENGTH_MEASURE(0.1),#17128);
#17947 = DRAUGHTING_PRE_DEFINED_CURVE_FONT('continuous');
#17948 = STYLED_ITEM('color',(#17949),#16089);
#17949 = PRESENTATION_STYLE_ASSIGNMENT((#17950,#17955));
#17950 = SURFACE_STYLE_USAGE(.BOTH.,#17951);
#17951 = SURFACE_SIDE_STYLE('',(#17952));
#17952 = SURFACE_STYLE_FILL_AREA(#17953);
#17953 = FILL_AREA_STYLE('',(#17954));
#17954 = FILL_AREA_STYLE_COLOUR('',#17342);
#17955 = CURVE_STYLE('',#17956,POSITIVE_LENGTH_MEASURE(0.1),#17342);
#17956 = DRAUGHTING_PRE_DEFINED_CURVE_FONT('continuous');
#17957 = STYLED_ITEM('color',(#17958),#16106);
#17958 = PRESENTATION_STYLE_ASSIGNMENT((#17959,#17964));
#17959 = SURFACE_STYLE_USAGE(.BOTH.,#17960);
#17960 = SURFACE_SIDE_STYLE('',(#17961));
#17961 = SURFACE_STYLE_FILL_AREA(#17962);
#17962 = FILL_AREA_STYLE('',(#17963));
#17963 = FILL_AREA_STYLE_COLOUR('',#17342);
#17964 = CURVE_STYLE('',#17965,POSITIVE_LENGTH_MEASURE(0.1),#17342);
#17965 = DRAUGHTING_PRE_DEFINED_CURVE_FONT('continuous');
#17966 = STYLED_ITEM('color',(#17967),#16123);
#17967 = PRESENTATION_STYLE_ASSIGNMENT((#17968,#17973));
#17968 = SURFACE_STYLE_USAGE(.BOTH.,#17969);
#17969 = SURFACE_SIDE_STYLE('',(#17970));
#17970 = SURFACE_STYLE_FILL_AREA(#17971);
#17971 = FILL_AREA_STYLE('',(#17972));
#17972 = FILL_AREA_STYLE_COLOUR('',#17342);
#17973 = CURVE_STYLE('',#17974,POSITIVE_LENGTH_MEASURE(0.1),#17342);
#17974 = DRAUGHTING_PRE_DEFINED_CURVE_FONT('continuous');
#17975 = STYLED_ITEM('color',(#17976),#16140);
#17976 = PRESENTATION_STYLE_ASSIGNMENT((#17977,#17982));
#17977 = SURFACE_STYLE_USAGE(.BOTH.,#17978);
#17978 = SURFACE_SIDE_STYLE('',(#17979));
#17979 = SURFACE_STYLE_FILL_AREA(#17980);
#17980 = FILL_AREA_STYLE('',(#17981));
#17981 = FILL_AREA_STYLE_COLOUR('',#17342);
#17982 = CURVE_STYLE('',#17983,POSITIVE_LENGTH_MEASURE(0.1),#17342);
#17983 = DRAUGHTING_PRE_DEFINED_CURVE_FONT('continuous');
#17984 = STYLED_ITEM('color',(#17985),#16157);
#17985 = PRESENTATION_STYLE_ASSIGNMENT((#17986,#17991));
#17986 = SURFACE_STYLE_USAGE(.BOTH.,#17987);
#17987 = SURFACE_SIDE_STYLE('',(#17988));
#17988 = SURFACE_STYLE_FILL_AREA(#17989);
#17989 = FILL_AREA_STYLE('',(#17990));
#17990 = FILL_AREA_STYLE_COLOUR('',#17342);
#17991 = CURVE_STYLE('',#17992,POSITIVE_LENGTH_MEASURE(0.1),#17342);
#17992 = DRAUGHTING_PRE_DEFINED_CURVE_FONT('continuous');
#17993 = STYLED_ITEM('color',(#17994),#16174);
#17994 = PRESENTATION_STYLE_ASSIGNMENT((#17995,#18000));
#17995 = SURFACE_STYLE_USAGE(.BOTH.,#17996);
#17996 = SURFACE_SIDE_STYLE('',(#17997));
#17997 = SURFACE_STYLE_FILL_AREA(#17998);
#17998 = FILL_AREA_STYLE('',(#17999));
#17999 = FILL_AREA_STYLE_COLOUR('',#17342);
#18000 = CURVE_STYLE('',#18001,POSITIVE_LENGTH_MEASURE(0.1),#17342);
#18001 = DRAUGHTING_PRE_DEFINED_CURVE_FONT('continuous');
#18002 = STYLED_ITEM('color',(#18003),#16191);
#18003 = PRESENTATION_STYLE_ASSIGNMENT((#18004,#18009));
#18004 = SURFACE_STYLE_USAGE(.BOTH.,#18005);
#18005 = SURFACE_SIDE_STYLE('',(#18006));
#18006 = SURFACE_STYLE_FILL_AREA(#18007);
#18007 = FILL_AREA_STYLE('',(#18008));
#18008 = FILL_AREA_STYLE_COLOUR('',#17342);
#18009 = CURVE_STYLE('',#18010,POSITIVE_LENGTH_MEASURE(0.1),#17342);
#18010 = DRAUGHTING_PRE_DEFINED_CURVE_FONT('continuous');
#18011 = STYLED_ITEM('color',(#18012),#16208);
#18012 = PRESENTATION_STYLE_ASSIGNMENT((#18013,#18018));
#18013 = SURFACE_STYLE_USAGE(.BOTH.,#18014);
#18014 = SURFACE_SIDE_STYLE('',(#18015));
#18015 = SURFACE_STYLE_FILL_AREA(#18016);
#18016 = FILL_AREA_STYLE('',(#18017));
#18017 = FILL_AREA_STYLE_COLOUR('',#17342);
#18018 = CURVE_STYLE('',#18019,POSITIVE_LENGTH_MEASURE(0.1),#17342);
#18019 = DRAUGHTING_PRE_DEFINED_CURVE_FONT('continuous');
#18020 = STYLED_ITEM('color',(#18021),#16220);
#18021 = PRESENTATION_STYLE_ASSIGNMENT((#18022,#18027));
#18022 = SURFACE_STYLE_USAGE(.BOTH.,#18023);
#18023 = SURFACE_SIDE_STYLE('',(#18024));
#18024 = SURFACE_STYLE_FILL_AREA(#18025);
#18025 = FILL_AREA_STYLE('',(#18026));
#18026 = FILL_AREA_STYLE_COLOUR('',#17342);
#18027 = CURVE_STYLE('',#18028,POSITIVE_LENGTH_MEASURE(0.1),#17342);
#18028 = DRAUGHTING_PRE_DEFINED_CURVE_FONT('continuous');
#18029 = STYLED_ITEM('color',(#18030),#16246);
#18030 = PRESENTATION_STYLE_ASSIGNMENT((#18031,#18036));
#18031 = SURFACE_STYLE_USAGE(.BOTH.,#18032);
#18032 = SURFACE_SIDE_STYLE('',(#18033));
#18033 = SURFACE_STYLE_FILL_AREA(#18034);
#18034 = FILL_AREA_STYLE('',(#18035));
#18035 = FILL_AREA_STYLE_COLOUR('',#17342);
#18036 = CURVE_STYLE('',#18037,POSITIVE_LENGTH_MEASURE(0.1),#17342);
#18037 = DRAUGHTING_PRE_DEFINED_CURVE_FONT('continuous');
#18038 = STYLED_ITEM('color',(#18039),#16258);
#18039 = PRESENTATION_STYLE_ASSIGNMENT((#18040,#18045));
#18040 = SURFACE_STYLE_USAGE(.BOTH.,#18041);
#18041 = SURFACE_SIDE_STYLE('',(#18042));
#18042 = SURFACE_STYLE_FILL_AREA(#18043);
#18043 = FILL_AREA_STYLE('',(#18044));
#18044 = FILL_AREA_STYLE_COLOUR('',#17342);
#18045 = CURVE_STYLE('',#18046,POSITIVE_LENGTH_MEASURE(0.1),#17342);
#18046 = DRAUGHTING_PRE_DEFINED_CURVE_FONT('continuous');
#18047 = STYLED_ITEM('color',(#18048),#16275);
#18048 = PRESENTATION_STYLE_ASSIGNMENT((#18049,#18054));
#18049 = SURFACE_STYLE_USAGE(.BOTH.,#18050);
#18050 = SURFACE_SIDE_STYLE('',(#18051));
#18051 = SURFACE_STYLE_FILL_AREA(#18052);
#18052 = FILL_AREA_STYLE('',(#18053));
#18053 = FILL_AREA_STYLE_COLOUR('',#17342);
#18054 = CURVE_STYLE('',#18055,POSITIVE_LENGTH_MEASURE(0.1),#17342);
#18055 = DRAUGHTING_PRE_DEFINED_CURVE_FONT('continuous');
#18056 = STYLED_ITEM('color',(#18057),#16287);
#18057 = PRESENTATION_STYLE_ASSIGNMENT((#18058,#18063));
#18058 = SURFACE_STYLE_USAGE(.BOTH.,#18059);
#18059 = SURFACE_SIDE_STYLE('',(#18060));
#18060 = SURFACE_STYLE_FILL_AREA(#18061);
#18061 = FILL_AREA_STYLE('',(#18062));
#18062 = FILL_AREA_STYLE_COLOUR('',#17342);
#18063 = CURVE_STYLE('',#18064,POSITIVE_LENGTH_MEASURE(0.1),#17342);
#18064 = DRAUGHTING_PRE_DEFINED_CURVE_FONT('continuous');
#18065 = STYLED_ITEM('color',(#18066),#16299);
#18066 = PRESENTATION_STYLE_ASSIGNMENT((#18067,#18072));
#18067 = SURFACE_STYLE_USAGE(.BOTH.,#18068);
#18068 = SURFACE_SIDE_STYLE('',(#18069));
#18069 = SURFACE_STYLE_FILL_AREA(#18070);
#18070 = FILL_AREA_STYLE('',(#18071));
#18071 = FILL_AREA_STYLE_COLOUR('',#17342);
#18072 = CURVE_STYLE('',#18073,POSITIVE_LENGTH_MEASURE(0.1),#17342);
#18073 = DRAUGHTING_PRE_DEFINED_CURVE_FONT('continuous');
#18074 = STYLED_ITEM('color',(#18075),#16316);
#18075 = PRESENTATION_STYLE_ASSIGNMENT((#18076,#18081));
#18076 = SURFACE_STYLE_USAGE(.BOTH.,#18077);
#18077 = SURFACE_SIDE_STYLE('',(#18078));
#18078 = SURFACE_STYLE_FILL_AREA(#18079);
#18079 = FILL_AREA_STYLE('',(#18080));
#18080 = FILL_AREA_STYLE_COLOUR('',#17342);
#18081 = CURVE_STYLE('',#18082,POSITIVE_LENGTH_MEASURE(0.1),#17342);
#18082 = DRAUGHTING_PRE_DEFINED_CURVE_FONT('continuous');
#18083 = STYLED_ITEM('color',(#18084),#16333);
#18084 = PRESENTATION_STYLE_ASSIGNMENT((#18085,#18090));
#18085 = SURFACE_STYLE_USAGE(.BOTH.,#18086);
#18086 = SURFACE_SIDE_STYLE('',(#18087));
#18087 = SURFACE_STYLE_FILL_AREA(#18088);
#18088 = FILL_AREA_STYLE('',(#18089));
#18089 = FILL_AREA_STYLE_COLOUR('',#17342);
#18090 = CURVE_STYLE('',#18091,POSITIVE_LENGTH_MEASURE(0.1),#17342);
#18091 = DRAUGHTING_PRE_DEFINED_CURVE_FONT('continuous');
#18092 = STYLED_ITEM('color',(#18093),#16352);
#18093 = PRESENTATION_STYLE_ASSIGNMENT((#18094,#18099));
#18094 = SURFACE_STYLE_USAGE(.BOTH.,#18095);
#18095 = SURFACE_SIDE_STYLE('',(#18096));
#18096 = SURFACE_STYLE_FILL_AREA(#18097);
#18097 = FILL_AREA_STYLE('',(#18098));
#18098 = FILL_AREA_STYLE_COLOUR('',#17342);
#18099 = CURVE_STYLE('',#18100,POSITIVE_LENGTH_MEASURE(0.1),#17342);
#18100 = DRAUGHTING_PRE_DEFINED_CURVE_FONT('continuous');
#18101 = STYLED_ITEM('color',(#18102),#16370);
#18102 = PRESENTATION_STYLE_ASSIGNMENT((#18103,#18108));
#18103 = SURFACE_STYLE_USAGE(.BOTH.,#18104);
#18104 = SURFACE_SIDE_STYLE('',(#18105));
#18105 = SURFACE_STYLE_FILL_AREA(#18106);
#18106 = FILL_AREA_STYLE('',(#18107));
#18107 = FILL_AREA_STYLE_COLOUR('',#17342);
#18108 = CURVE_STYLE('',#18109,POSITIVE_LENGTH_MEASURE(0.1),#17342);
#18109 = DRAUGHTING_PRE_DEFINED_CURVE_FONT('continuous');
#18110 = STYLED_ITEM('color',(#18111),#16388);
#18111 = PRESENTATION_STYLE_ASSIGNMENT((#18112,#18117));
#18112 = SURFACE_STYLE_USAGE(.BOTH.,#18113);
#18113 = SURFACE_SIDE_STYLE('',(#18114));
#18114 = SURFACE_STYLE_FILL_AREA(#18115);
#18115 = FILL_AREA_STYLE('',(#18116));
#18116 = FILL_AREA_STYLE_COLOUR('',#17342);
#18117 = CURVE_STYLE('',#18118,POSITIVE_LENGTH_MEASURE(0.1),#17342);
#18118 = DRAUGHTING_PRE_DEFINED_CURVE_FONT('continuous');
#18119 = STYLED_ITEM('color',(#18120),#16400);
#18120 = PRESENTATION_STYLE_ASSIGNMENT((#18121,#18126));
#18121 = SURFACE_STYLE_USAGE(.BOTH.,#18122);
#18122 = SURFACE_SIDE_STYLE('',(#18123));
#18123 = SURFACE_STYLE_FILL_AREA(#18124);
#18124 = FILL_AREA_STYLE('',(#18125));
#18125 = FILL_AREA_STYLE_COLOUR('',#17342);
#18126 = CURVE_STYLE('',#18127,POSITIVE_LENGTH_MEASURE(0.1),#17342);
#18127 = DRAUGHTING_PRE_DEFINED_CURVE_FONT('continuous');
#18128 = STYLED_ITEM('color',(#18129),#16425);
#18129 = PRESENTATION_STYLE_ASSIGNMENT((#18130,#18135));
#18130 = SURFACE_STYLE_USAGE(.BOTH.,#18131);
#18131 = SURFACE_SIDE_STYLE('',(#18132));
#18132 = SURFACE_STYLE_FILL_AREA(#18133);
#18133 = FILL_AREA_STYLE('',(#18134));
#18134 = FILL_AREA_STYLE_COLOUR('',#17314);
#18135 = CURVE_STYLE('',#18136,POSITIVE_LENGTH_MEASURE(0.1),#17314);
#18136 = DRAUGHTING_PRE_DEFINED_CURVE_FONT('continuous');
#18137 = STYLED_ITEM('color',(#18138),#16445);
#18138 = PRESENTATION_STYLE_ASSIGNMENT((#18139,#18144));
#18139 = SURFACE_STYLE_USAGE(.BOTH.,#18140);
#18140 = SURFACE_SIDE_STYLE('',(#18141));
#18141 = SURFACE_STYLE_FILL_AREA(#18142);
#18142 = FILL_AREA_STYLE('',(#18143));
#18143 = FILL_AREA_STYLE_COLOUR('',#17314);
#18144 = CURVE_STYLE('',#18145,POSITIVE_LENGTH_MEASURE(0.1),#17314);
#18145 = DRAUGHTING_PRE_DEFINED_CURVE_FONT('continuous');
#18146 = STYLED_ITEM('color',(#18147),#16470);
#18147 = PRESENTATION_STYLE_ASSIGNMENT((#18148,#18153));
#18148 = SURFACE_STYLE_USAGE(.BOTH.,#18149);
#18149 = SURFACE_SIDE_STYLE('',(#18150));
#18150 = SURFACE_STYLE_FILL_AREA(#18151);
#18151 = FILL_AREA_STYLE('',(#18152));
#18152 = FILL_AREA_STYLE_COLOUR('',#17314);
#18153 = CURVE_STYLE('',#18154,POSITIVE_LENGTH_MEASURE(0.1),#17314);
#18154 = DRAUGHTING_PRE_DEFINED_CURVE_FONT('continuous');
#18155 = MECHANICAL_DESIGN_GEOMETRIC_PRESENTATION_REPRESENTATION('',(
    #18156,#18164),#11639);
#18156 = STYLED_ITEM('color',(#18157),#11423);
#18157 = PRESENTATION_STYLE_ASSIGNMENT((#18158));
#18158 = SURFACE_STYLE_USAGE(.BOTH.,#18159);
#18159 = SURFACE_SIDE_STYLE('',(#18160));
#18160 = SURFACE_STYLE_FILL_AREA(#18161);
#18161 = FILL_AREA_STYLE('',(#18162));
#18162 = FILL_AREA_STYLE_COLOUR('',#18163);
#18163 = COLOUR_RGB('',9.803921802644E-02,9.803921802644E-02,
  9.803921802644E-02);
#18164 = OVER_RIDING_STYLED_ITEM('overriding color',(#18165),#11423,
  #18156);
#18165 = PRESENTATION_STYLE_BY_CONTEXT((#18166),#17061);
#18166 = SURFACE_STYLE_USAGE(.BOTH.,#18167);
#18167 = SURFACE_SIDE_STYLE('',(#18168));
#18168 = SURFACE_STYLE_FILL_AREA(#18169);
#18169 = FILL_AREA_STYLE('',(#18170));
#18170 = FILL_AREA_STYLE_COLOUR('',#18171);
#18171 = COLOUR_RGB('',9.803921802644E-02,9.803921802644E-02,
  9.803921802644E-02);
#18172 = MECHANICAL_DESIGN_GEOMETRIC_PRESENTATION_REPRESENTATION('',(
    #18173),#17041);
#18173 = STYLED_ITEM('color',(#18174),#16498);
#18174 = PRESENTATION_STYLE_ASSIGNMENT((#18175));
#18175 = SURFACE_STYLE_USAGE(.BOTH.,#18176);
#18176 = SURFACE_SIDE_STYLE('',(#18177));
#18177 = SURFACE_STYLE_FILL_AREA(#18178);
#18178 = FILL_AREA_STYLE('',(#18179));
#18179 = FILL_AREA_STYLE_COLOUR('',#18180);
#18180 = COLOUR_RGB('',0.313304153717,0.484529207832,0.410020903123);
#18181 = MECHANICAL_DESIGN_GEOMETRIC_PRESENTATION_REPRESENTATION('',(
    #18182,#18190),#10785);
#18182 = STYLED_ITEM('color',(#18183),#10091);
#18183 = PRESENTATION_STYLE_ASSIGNMENT((#18184));
#18184 = SURFACE_STYLE_USAGE(.BOTH.,#18185);
#18185 = SURFACE_SIDE_STYLE('',(#18186));
#18186 = SURFACE_STYLE_FILL_AREA(#18187);
#18187 = FILL_AREA_STYLE('',(#18188));
#18188 = FILL_AREA_STYLE_COLOUR('',#18189);
#18189 = COLOUR_RGB('',0.188235296286,0.23137255388,0.588235291739);
#18190 = OVER_RIDING_STYLED_ITEM('overriding color',(#18191),#10091,
  #18182);
#18191 = PRESENTATION_STYLE_BY_CONTEXT((#18192),#17059);
#18192 = SURFACE_STYLE_USAGE(.BOTH.,#18193);
#18193 = SURFACE_SIDE_STYLE('',(#18194));
#18194 = SURFACE_STYLE_FILL_AREA(#18195);
#18195 = FILL_AREA_STYLE('',(#18196));
#18196 = FILL_AREA_STYLE_COLOUR('',#18197);
#18197 = COLOUR_RGB('',0.188235296286,0.23137255388,0.588235291739);
#18198 = MECHANICAL_DESIGN_GEOMETRIC_PRESENTATION_REPRESENTATION('',(
    #18199,#18206,#18213,#18220,#18227,#18234,#18241,#18248,#18255,
    #18262,#18269,#18277,#18284,#18291,#18298,#18305,#18312,#18319,
    #18326,#18333,#18340,#18347,#18354,#18361,#18368,#18375,#18382,
    #18389),#1766);
#18199 = STYLED_ITEM('color',(#18200),#914);
#18200 = PRESENTATION_STYLE_ASSIGNMENT((#18201));
#18201 = SURFACE_STYLE_USAGE(.BOTH.,#18202);
#18202 = SURFACE_SIDE_STYLE('',(#18203));
#18203 = SURFACE_STYLE_FILL_AREA(#18204);
#18204 = FILL_AREA_STYLE('',(#18205));
#18205 = FILL_AREA_STYLE_COLOUR('',#17128);
#18206 = STYLED_ITEM('color',(#18207),#990);
#18207 = PRESENTATION_STYLE_ASSIGNMENT((#18208));
#18208 = SURFACE_STYLE_USAGE(.BOTH.,#18209);
#18209 = SURFACE_SIDE_STYLE('',(#18210));
#18210 = SURFACE_STYLE_FILL_AREA(#18211);
#18211 = FILL_AREA_STYLE('',(#18212));
#18212 = FILL_AREA_STYLE_COLOUR('',#17128);
#18213 = STYLED_ITEM('color',(#18214),#1021);
#18214 = PRESENTATION_STYLE_ASSIGNMENT((#18215));
#18215 = SURFACE_STYLE_USAGE(.BOTH.,#18216);
#18216 = SURFACE_SIDE_STYLE('',(#18217));
#18217 = SURFACE_STYLE_FILL_AREA(#18218);
#18218 = FILL_AREA_STYLE('',(#18219));
#18219 = FILL_AREA_STYLE_COLOUR('',#17128);
#18220 = STYLED_ITEM('color',(#18221),#1046);
#18221 = PRESENTATION_STYLE_ASSIGNMENT((#18222));
#18222 = SURFACE_STYLE_USAGE(.BOTH.,#18223);
#18223 = SURFACE_SIDE_STYLE('',(#18224));
#18224 = SURFACE_STYLE_FILL_AREA(#18225);
#18225 = FILL_AREA_STYLE('',(#18226));
#18226 = FILL_AREA_STYLE_COLOUR('',#17128);
#18227 = STYLED_ITEM('color',(#18228),#1071);
#18228 = PRESENTATION_STYLE_ASSIGNMENT((#18229));
#18229 = SURFACE_STYLE_USAGE(.BOTH.,#18230);
#18230 = SURFACE_SIDE_STYLE('',(#18231));
#18231 = SURFACE_STYLE_FILL_AREA(#18232);
#18232 = FILL_AREA_STYLE('',(#18233));
#18233 = FILL_AREA_STYLE_COLOUR('',#17128);
#18234 = STYLED_ITEM('color',(#18235),#1095);
#18235 = PRESENTATION_STYLE_ASSIGNMENT((#18236));
#18236 = SURFACE_STYLE_USAGE(.BOTH.,#18237);
#18237 = SURFACE_SIDE_STYLE('',(#18238));
#18238 = SURFACE_STYLE_FILL_AREA(#18239);
#18239 = FILL_AREA_STYLE('',(#18240));
#18240 = FILL_AREA_STYLE_COLOUR('',#17128);
#18241 = STYLED_ITEM('color',(#18242),#1119);
#18242 = PRESENTATION_STYLE_ASSIGNMENT((#18243));
#18243 = SURFACE_STYLE_USAGE(.BOTH.,#18244);
#18244 = SURFACE_SIDE_STYLE('',(#18245));
#18245 = SURFACE_STYLE_FILL_AREA(#18246);
#18246 = FILL_AREA_STYLE('',(#18247));
#18247 = FILL_AREA_STYLE_COLOUR('',#17128);
#18248 = STYLED_ITEM('color',(#18249),#1144);
#18249 = PRESENTATION_STYLE_ASSIGNMENT((#18250));
#18250 = SURFACE_STYLE_USAGE(.BOTH.,#18251);
#18251 = SURFACE_SIDE_STYLE('',(#18252));
#18252 = SURFACE_STYLE_FILL_AREA(#18253);
#18253 = FILL_AREA_STYLE('',(#18254));
#18254 = FILL_AREA_STYLE_COLOUR('',#17128);
#18255 = STYLED_ITEM('color',(#18256),#1169);
#18256 = PRESENTATION_STYLE_ASSIGNMENT((#18257));
#18257 = SURFACE_STYLE_USAGE(.BOTH.,#18258);
#18258 = SURFACE_SIDE_STYLE('',(#18259));
#18259 = SURFACE_STYLE_FILL_AREA(#18260);
#18260 = FILL_AREA_STYLE('',(#18261));
#18261 = FILL_AREA_STYLE_COLOUR('',#17128);
#18262 = STYLED_ITEM('color',(#18263),#1186);
#18263 = PRESENTATION_STYLE_ASSIGNMENT((#18264));
#18264 = SURFACE_STYLE_USAGE(.BOTH.,#18265);
#18265 = SURFACE_SIDE_STYLE('',(#18266));
#18266 = SURFACE_STYLE_FILL_AREA(#18267);
#18267 = FILL_AREA_STYLE('',(#18268));
#18268 = FILL_AREA_STYLE_COLOUR('',#17128);
#18269 = STYLED_ITEM('color',(#18270),#1272);
#18270 = PRESENTATION_STYLE_ASSIGNMENT((#18271));
#18271 = SURFACE_STYLE_USAGE(.BOTH.,#18272);
#18272 = SURFACE_SIDE_STYLE('',(#18273));
#18273 = SURFACE_STYLE_FILL_AREA(#18274);
#18274 = FILL_AREA_STYLE('',(#18275));
#18275 = FILL_AREA_STYLE_COLOUR('',#18276);
#18276 = COLOUR_RGB('',0.379000005575,0.270000008848,0.214999999939);
#18277 = STYLED_ITEM('color',(#18278),#1304);
#18278 = PRESENTATION_STYLE_ASSIGNMENT((#18279));
#18279 = SURFACE_STYLE_USAGE(.BOTH.,#18280);
#18280 = SURFACE_SIDE_STYLE('',(#18281));
#18281 = SURFACE_STYLE_FILL_AREA(#18282);
#18282 = FILL_AREA_STYLE('',(#18283));
#18283 = FILL_AREA_STYLE_COLOUR('',#18276);
#18284 = STYLED_ITEM('color',(#18285),#1328);
#18285 = PRESENTATION_STYLE_ASSIGNMENT((#18286));
#18286 = SURFACE_STYLE_USAGE(.BOTH.,#18287);
#18287 = SURFACE_SIDE_STYLE('',(#18288));
#18288 = SURFACE_STYLE_FILL_AREA(#18289);
#18289 = FILL_AREA_STYLE('',(#18290));
#18290 = FILL_AREA_STYLE_COLOUR('',#18276);
#18291 = STYLED_ITEM('color',(#18292),#1353);
#18292 = PRESENTATION_STYLE_ASSIGNMENT((#18293));
#18293 = SURFACE_STYLE_USAGE(.BOTH.,#18294);
#18294 = SURFACE_SIDE_STYLE('',(#18295));
#18295 = SURFACE_STYLE_FILL_AREA(#18296);
#18296 = FILL_AREA_STYLE('',(#18297));
#18297 = FILL_AREA_STYLE_COLOUR('',#18276);
#18298 = STYLED_ITEM('color',(#18299),#1377);
#18299 = PRESENTATION_STYLE_ASSIGNMENT((#18300));
#18300 = SURFACE_STYLE_USAGE(.BOTH.,#18301);
#18301 = SURFACE_SIDE_STYLE('',(#18302));
#18302 = SURFACE_STYLE_FILL_AREA(#18303);
#18303 = FILL_AREA_STYLE('',(#18304));
#18304 = FILL_AREA_STYLE_COLOUR('',#18276);
#18305 = STYLED_ITEM('color',(#18306),#1402);
#18306 = PRESENTATION_STYLE_ASSIGNMENT((#18307));
#18307 = SURFACE_STYLE_USAGE(.BOTH.,#18308);
#18308 = SURFACE_SIDE_STYLE('',(#18309));
#18309 = SURFACE_STYLE_FILL_AREA(#18310);
#18310 = FILL_AREA_STYLE('',(#18311));
#18311 = FILL_AREA_STYLE_COLOUR('',#18276);
#18312 = STYLED_ITEM('color',(#18313),#1426);
#18313 = PRESENTATION_STYLE_ASSIGNMENT((#18314));
#18314 = SURFACE_STYLE_USAGE(.BOTH.,#18315);
#18315 = SURFACE_SIDE_STYLE('',(#18316));
#18316 = SURFACE_STYLE_FILL_AREA(#18317);
#18317 = FILL_AREA_STYLE('',(#18318));
#18318 = FILL_AREA_STYLE_COLOUR('',#18276);
#18319 = STYLED_ITEM('color',(#18320),#1451);
#18320 = PRESENTATION_STYLE_ASSIGNMENT((#18321));
#18321 = SURFACE_STYLE_USAGE(.BOTH.,#18322);
#18322 = SURFACE_SIDE_STYLE('',(#18323));
#18323 = SURFACE_STYLE_FILL_AREA(#18324);
#18324 = FILL_AREA_STYLE('',(#18325));
#18325 = FILL_AREA_STYLE_COLOUR('',#18276);
#18326 = STYLED_ITEM('color',(#18327),#1468);
#18327 = PRESENTATION_STYLE_ASSIGNMENT((#18328));
#18328 = SURFACE_STYLE_USAGE(.BOTH.,#18329);
#18329 = SURFACE_SIDE_STYLE('',(#18330));
#18330 = SURFACE_STYLE_FILL_AREA(#18331);
#18331 = FILL_AREA_STYLE('',(#18332));
#18332 = FILL_AREA_STYLE_COLOUR('',#17128);
#18333 = STYLED_ITEM('color',(#18334),#1554);
#18334 = PRESENTATION_STYLE_ASSIGNMENT((#18335));
#18335 = SURFACE_STYLE_USAGE(.BOTH.,#18336);
#18336 = SURFACE_SIDE_STYLE('',(#18337));
#18337 = SURFACE_STYLE_FILL_AREA(#18338);
#18338 = FILL_AREA_STYLE('',(#18339));
#18339 = FILL_AREA_STYLE_COLOUR('',#17128);
#18340 = STYLED_ITEM('color',(#18341),#1585);
#18341 = PRESENTATION_STYLE_ASSIGNMENT((#18342));
#18342 = SURFACE_STYLE_USAGE(.BOTH.,#18343);
#18343 = SURFACE_SIDE_STYLE('',(#18344));
#18344 = SURFACE_STYLE_FILL_AREA(#18345);
#18345 = FILL_AREA_STYLE('',(#18346));
#18346 = FILL_AREA_STYLE_COLOUR('',#17128);
#18347 = STYLED_ITEM('color',(#18348),#1610);
#18348 = PRESENTATION_STYLE_ASSIGNMENT((#18349));
#18349 = SURFACE_STYLE_USAGE(.BOTH.,#18350);
#18350 = SURFACE_SIDE_STYLE('',(#18351));
#18351 = SURFACE_STYLE_FILL_AREA(#18352);
#18352 = FILL_AREA_STYLE('',(#18353));
#18353 = FILL_AREA_STYLE_COLOUR('',#17128);
#18354 = STYLED_ITEM('color',(#18355),#1635);
#18355 = PRESENTATION_STYLE_ASSIGNMENT((#18356));
#18356 = SURFACE_STYLE_USAGE(.BOTH.,#18357);
#18357 = SURFACE_SIDE_STYLE('',(#18358));
#18358 = SURFACE_STYLE_FILL_AREA(#18359);
#18359 = FILL_AREA_STYLE('',(#18360));
#18360 = FILL_AREA_STYLE_COLOUR('',#17128);
#18361 = STYLED_ITEM('color',(#18362),#1659);
#18362 = PRESENTATION_STYLE_ASSIGNMENT((#18363));
#18363 = SURFACE_STYLE_USAGE(.BOTH.,#18364);
#18364 = SURFACE_SIDE_STYLE('',(#18365));
#18365 = SURFACE_STYLE_FILL_AREA(#18366);
#18366 = FILL_AREA_STYLE('',(#18367));
#18367 = FILL_AREA_STYLE_COLOUR('',#17128);
#18368 = STYLED_ITEM('color',(#18369),#1683);
#18369 = PRESENTATION_STYLE_ASSIGNMENT((#18370));
#18370 = SURFACE_STYLE_USAGE(.BOTH.,#18371);
#18371 = SURFACE_SIDE_STYLE('',(#18372));
#18372 = SURFACE_STYLE_FILL_AREA(#18373);
#18373 = FILL_AREA_STYLE('',(#18374));
#18374 = FILL_AREA_STYLE_COLOUR('',#17128);
#18375 = STYLED_ITEM('color',(#18376),#1708);
#18376 = PRESENTATION_STYLE_ASSIGNMENT((#18377));
#18377 = SURFACE_STYLE_USAGE(.BOTH.,#18378);
#18378 = SURFACE_SIDE_STYLE('',(#18379));
#18379 = SURFACE_STYLE_FILL_AREA(#18380);
#18380 = FILL_AREA_STYLE('',(#18381));
#18381 = FILL_AREA_STYLE_COLOUR('',#17128);
#18382 = STYLED_ITEM('color',(#18383),#1733);
#18383 = PRESENTATION_STYLE_ASSIGNMENT((#18384));
#18384 = SURFACE_STYLE_USAGE(.BOTH.,#18385);
#18385 = SURFACE_SIDE_STYLE('',(#18386));
#18386 = SURFACE_STYLE_FILL_AREA(#18387);
#18387 = FILL_AREA_STYLE('',(#18388));
#18388 = FILL_AREA_STYLE_COLOUR('',#17128);
#18389 = STYLED_ITEM('color',(#18390),#1750);
#18390 = PRESENTATION_STYLE_ASSIGNMENT((#18391));
#18391 = SURFACE_STYLE_USAGE(.BOTH.,#18392);
#18392 = SURFACE_SIDE_STYLE('',(#18393));
#18393 = SURFACE_STYLE_FILL_AREA(#18394);
#18394 = FILL_AREA_STYLE('',(#18395));
#18395 = FILL_AREA_STYLE_COLOUR('',#17128);
#18396 = MECHANICAL_DESIGN_GEOMETRIC_PRESENTATION_REPRESENTATION('',(
    #18397,#18406,#18415,#18424,#18433,#18442,#18451,#18460,#18469,
    #18478,#18487,#18496,#18505,#18514,#18523,#18532,#18541,#18550,
    #18559,#18568,#18577,#18586,#18595,#18604,#18613,#18622,#18631,
    #18640,#18649,#18658,#18667,#18676,#18685,#18694,#18703,#18712,
    #18721,#18730,#18739,#18748,#18757,#18766,#18775,#18784,#18793,
    #18802,#18811,#18820,#18829,#18838,#18847,#18856,#18865,#18874,
    #18883,#18892,#18901,#18910,#18919,#18928,#18937,#18946,#18955,
    #18964,#18973,#18982,#18991,#19000,#19009,#19018,#19027,#19036,
    #19045,#19054,#19063,#19072,#19081,#19090,#19099,#19108,#19117,
    #19126,#19135,#19144,#19153,#19162,#19171,#19180,#19189,#19198,
    #19207,#19216,#19225,#19234,#19243,#19252,#19261,#19270,#19279,
    #19288,#19297,#19306,#19315,#19324,#19333,#19342,#19351,#19360,
    #19369,#19378,#19387,#19396,#19405,#19414,#19423,#19432,#19441,
    #19450,#19459,#19468,#19477,#19486,#19495,#19504,#19513,#19522,
    #19531,#19540,#19549,#19558,#19567,#19576,#19585,#19594,#19603,
    #19612,#19621,#19630,#19639,#19648,#19657,#19666,#19675,#19684,
    #19693,#19702,#19711,#19720,#19729,#19738,#19747,#19756,#19765,
    #19774,#19783,#19792,#19801,#19810,#19819,#19828,#19837,#19846,
    #19855,#19864,#19873,#19882,#19891,#19900,#19909,#19918,#19927,
    #19936,#19945,#19954,#19963,#19972,#19981,#19990,#19999,#20008,
    #20017,#20026,#20035,#20044,#20053,#20062,#20071,#20080,#20089,
    #20098,#20107,#20116,#20125,#20134,#20143,#20152,#20161,#20170,
    #20179,#20188,#20197,#20206,#20215,#20224,#20233,#20242,#20251,
    #20260,#20269,#20278,#20287,#20296,#20305,#20314,#20323,#20332,
    #20341,#20350,#20359,#20368,#20377,#20386,#20395,#20404,#20413,
    #20422,#20431,#20440,#20449,#20458,#20467,#20476,#20485,#20494,
    #20503,#20512,#20521,#20530,#20539,#20548,#20557,#20566,#20575,
    #20584,#20593,#20602,#20611,#20620,#20629,#20638,#20647,#20656,
    #20665,#20674,#20683,#20692,#20701,#20710,#20719,#20728,#20737,
    #20746,#20755,#20764,#20773,#20782,#20791),#10014);
#18397 = STYLED_ITEM('color',(#18398),#1810);
#18398 = PRESENTATION_STYLE_ASSIGNMENT((#18399,#18404));
#18399 = SURFACE_STYLE_USAGE(.BOTH.,#18400);
#18400 = SURFACE_SIDE_STYLE('',(#18401));
#18401 = SURFACE_STYLE_FILL_AREA(#18402);
#18402 = FILL_AREA_STYLE('',(#18403));
#18403 = FILL_AREA_STYLE_COLOUR('',#17314);
#18404 = CURVE_STYLE('',#18405,POSITIVE_LENGTH_MEASURE(0.1),#17314);
#18405 = DRAUGHTING_PRE_DEFINED_CURVE_FONT('continuous');
#18406 = STYLED_ITEM('color',(#18407),#1848);
#18407 = PRESENTATION_STYLE_ASSIGNMENT((#18408,#18413));
#18408 = SURFACE_STYLE_USAGE(.BOTH.,#18409);
#18409 = SURFACE_SIDE_STYLE('',(#18410));
#18410 = SURFACE_STYLE_FILL_AREA(#18411);
#18411 = FILL_AREA_STYLE('',(#18412));
#18412 = FILL_AREA_STYLE_COLOUR('',#17314);
#18413 = CURVE_STYLE('',#18414,POSITIVE_LENGTH_MEASURE(0.1),#17314);
#18414 = DRAUGHTING_PRE_DEFINED_CURVE_FONT('continuous');
#18415 = STYLED_ITEM('color',(#18416),#1911);
#18416 = PRESENTATION_STYLE_ASSIGNMENT((#18417,#18422));
#18417 = SURFACE_STYLE_USAGE(.BOTH.,#18418);
#18418 = SURFACE_SIDE_STYLE('',(#18419));
#18419 = SURFACE_STYLE_FILL_AREA(#18420);
#18420 = FILL_AREA_STYLE('',(#18421));
#18421 = FILL_AREA_STYLE_COLOUR('',#17314);
#18422 = CURVE_STYLE('',#18423,POSITIVE_LENGTH_MEASURE(0.1),#17314);
#18423 = DRAUGHTING_PRE_DEFINED_CURVE_FONT('continuous');
#18424 = STYLED_ITEM('color',(#18425),#1934);
#18425 = PRESENTATION_STYLE_ASSIGNMENT((#18426,#18431));
#18426 = SURFACE_STYLE_USAGE(.BOTH.,#18427);
#18427 = SURFACE_SIDE_STYLE('',(#18428));
#18428 = SURFACE_STYLE_FILL_AREA(#18429);
#18429 = FILL_AREA_STYLE('',(#18430));
#18430 = FILL_AREA_STYLE_COLOUR('',#17314);
#18431 = CURVE_STYLE('',#18432,POSITIVE_LENGTH_MEASURE(0.1),#17314);
#18432 = DRAUGHTING_PRE_DEFINED_CURVE_FONT('continuous');
#18433 = STYLED_ITEM('color',(#18434),#1963);
#18434 = PRESENTATION_STYLE_ASSIGNMENT((#18435,#18440));
#18435 = SURFACE_STYLE_USAGE(.BOTH.,#18436);
#18436 = SURFACE_SIDE_STYLE('',(#18437));
#18437 = SURFACE_STYLE_FILL_AREA(#18438);
#18438 = FILL_AREA_STYLE('',(#18439));
#18439 = FILL_AREA_STYLE_COLOUR('',#17314);
#18440 = CURVE_STYLE('',#18441,POSITIVE_LENGTH_MEASURE(0.1),#17314);
#18441 = DRAUGHTING_PRE_DEFINED_CURVE_FONT('continuous');
#18442 = STYLED_ITEM('color',(#18443),#1986);
#18443 = PRESENTATION_STYLE_ASSIGNMENT((#18444,#18449));
#18444 = SURFACE_STYLE_USAGE(.BOTH.,#18445);
#18445 = SURFACE_SIDE_STYLE('',(#18446));
#18446 = SURFACE_STYLE_FILL_AREA(#18447);
#18447 = FILL_AREA_STYLE('',(#18448));
#18448 = FILL_AREA_STYLE_COLOUR('',#17314);
#18449 = CURVE_STYLE('',#18450,POSITIVE_LENGTH_MEASURE(0.1),#17314);
#18450 = DRAUGHTING_PRE_DEFINED_CURVE_FONT('continuous');
#18451 = STYLED_ITEM('color',(#18452),#2137);
#18452 = PRESENTATION_STYLE_ASSIGNMENT((#18453,#18458));
#18453 = SURFACE_STYLE_USAGE(.BOTH.,#18454);
#18454 = SURFACE_SIDE_STYLE('',(#18455));
#18455 = SURFACE_STYLE_FILL_AREA(#18456);
#18456 = FILL_AREA_STYLE('',(#18457));
#18457 = FILL_AREA_STYLE_COLOUR('',#17314);
#18458 = CURVE_STYLE('',#18459,POSITIVE_LENGTH_MEASURE(0.1),#17314);
#18459 = DRAUGHTING_PRE_DEFINED_CURVE_FONT('continuous');
#18460 = STYLED_ITEM('color',(#18461),#2288);
#18461 = PRESENTATION_STYLE_ASSIGNMENT((#18462,#18467));
#18462 = SURFACE_STYLE_USAGE(.BOTH.,#18463);
#18463 = SURFACE_SIDE_STYLE('',(#18464));
#18464 = SURFACE_STYLE_FILL_AREA(#18465);
#18465 = FILL_AREA_STYLE('',(#18466));
#18466 = FILL_AREA_STYLE_COLOUR('',#17314);
#18467 = CURVE_STYLE('',#18468,POSITIVE_LENGTH_MEASURE(0.1),#17314);
#18468 = DRAUGHTING_PRE_DEFINED_CURVE_FONT('continuous');
#18469 = STYLED_ITEM('color',(#18470),#2311);
#18470 = PRESENTATION_STYLE_ASSIGNMENT((#18471,#18476));
#18471 = SURFACE_STYLE_USAGE(.BOTH.,#18472);
#18472 = SURFACE_SIDE_STYLE('',(#18473));
#18473 = SURFACE_STYLE_FILL_AREA(#18474);
#18474 = FILL_AREA_STYLE('',(#18475));
#18475 = FILL_AREA_STYLE_COLOUR('',#17314);
#18476 = CURVE_STYLE('',#18477,POSITIVE_LENGTH_MEASURE(0.1),#17314);
#18477 = DRAUGHTING_PRE_DEFINED_CURVE_FONT('continuous');
#18478 = STYLED_ITEM('color',(#18479),#2334);
#18479 = PRESENTATION_STYLE_ASSIGNMENT((#18480,#18485));
#18480 = SURFACE_STYLE_USAGE(.BOTH.,#18481);
#18481 = SURFACE_SIDE_STYLE('',(#18482));
#18482 = SURFACE_STYLE_FILL_AREA(#18483);
#18483 = FILL_AREA_STYLE('',(#18484));
#18484 = FILL_AREA_STYLE_COLOUR('',#17314);
#18485 = CURVE_STYLE('',#18486,POSITIVE_LENGTH_MEASURE(0.1),#17314);
#18486 = DRAUGHTING_PRE_DEFINED_CURVE_FONT('continuous');
#18487 = STYLED_ITEM('color',(#18488),#2351);
#18488 = PRESENTATION_STYLE_ASSIGNMENT((#18489,#18494));
#18489 = SURFACE_STYLE_USAGE(.BOTH.,#18490);
#18490 = SURFACE_SIDE_STYLE('',(#18491));
#18491 = SURFACE_STYLE_FILL_AREA(#18492);
#18492 = FILL_AREA_STYLE('',(#18493));
#18493 = FILL_AREA_STYLE_COLOUR('',#17314);
#18494 = CURVE_STYLE('',#18495,POSITIVE_LENGTH_MEASURE(0.1),#17314);
#18495 = DRAUGHTING_PRE_DEFINED_CURVE_FONT('continuous');
#18496 = STYLED_ITEM('color',(#18497),#2374);
#18497 = PRESENTATION_STYLE_ASSIGNMENT((#18498,#18503));
#18498 = SURFACE_STYLE_USAGE(.BOTH.,#18499);
#18499 = SURFACE_SIDE_STYLE('',(#18500));
#18500 = SURFACE_STYLE_FILL_AREA(#18501);
#18501 = FILL_AREA_STYLE('',(#18502));
#18502 = FILL_AREA_STYLE_COLOUR('',#17314);
#18503 = CURVE_STYLE('',#18504,POSITIVE_LENGTH_MEASURE(0.1),#17314);
#18504 = DRAUGHTING_PRE_DEFINED_CURVE_FONT('continuous');
#18505 = STYLED_ITEM('color',(#18506),#2462);
#18506 = PRESENTATION_STYLE_ASSIGNMENT((#18507,#18512));
#18507 = SURFACE_STYLE_USAGE(.BOTH.,#18508);
#18508 = SURFACE_SIDE_STYLE('',(#18509));
#18509 = SURFACE_STYLE_FILL_AREA(#18510);
#18510 = FILL_AREA_STYLE('',(#18511));
#18511 = FILL_AREA_STYLE_COLOUR('',#17314);
#18512 = CURVE_STYLE('',#18513,POSITIVE_LENGTH_MEASURE(0.1),#17314);
#18513 = DRAUGHTING_PRE_DEFINED_CURVE_FONT('continuous');
#18514 = STYLED_ITEM('color',(#18515),#2478);
#18515 = PRESENTATION_STYLE_ASSIGNMENT((#18516,#18521));
#18516 = SURFACE_STYLE_USAGE(.BOTH.,#18517);
#18517 = SURFACE_SIDE_STYLE('',(#18518));
#18518 = SURFACE_STYLE_FILL_AREA(#18519);
#18519 = FILL_AREA_STYLE('',(#18520));
#18520 = FILL_AREA_STYLE_COLOUR('',#17314);
#18521 = CURVE_STYLE('',#18522,POSITIVE_LENGTH_MEASURE(0.1),#17314);
#18522 = DRAUGHTING_PRE_DEFINED_CURVE_FONT('continuous');
#18523 = STYLED_ITEM('color',(#18524),#2508);
#18524 = PRESENTATION_STYLE_ASSIGNMENT((#18525,#18530));
#18525 = SURFACE_STYLE_USAGE(.BOTH.,#18526);
#18526 = SURFACE_SIDE_STYLE('',(#18527));
#18527 = SURFACE_STYLE_FILL_AREA(#18528);
#18528 = FILL_AREA_STYLE('',(#18529));
#18529 = FILL_AREA_STYLE_COLOUR('',#17128);
#18530 = CURVE_STYLE('',#18531,POSITIVE_LENGTH_MEASURE(0.1),#17128);
#18531 = DRAUGHTING_PRE_DEFINED_CURVE_FONT('continuous');
#18532 = STYLED_ITEM('color',(#18533),#2539);
#18533 = PRESENTATION_STYLE_ASSIGNMENT((#18534,#18539));
#18534 = SURFACE_STYLE_USAGE(.BOTH.,#18535);
#18535 = SURFACE_SIDE_STYLE('',(#18536));
#18536 = SURFACE_STYLE_FILL_AREA(#18537);
#18537 = FILL_AREA_STYLE('',(#18538));
#18538 = FILL_AREA_STYLE_COLOUR('',#17314);
#18539 = CURVE_STYLE('',#18540,POSITIVE_LENGTH_MEASURE(0.1),#17314);
#18540 = DRAUGHTING_PRE_DEFINED_CURVE_FONT('continuous');
#18541 = STYLED_ITEM('color',(#18542),#2570);
#18542 = PRESENTATION_STYLE_ASSIGNMENT((#18543,#18548));
#18543 = SURFACE_STYLE_USAGE(.BOTH.,#18544);
#18544 = SURFACE_SIDE_STYLE('',(#18545));
#18545 = SURFACE_STYLE_FILL_AREA(#18546);
#18546 = FILL_AREA_STYLE('',(#18547));
#18547 = FILL_AREA_STYLE_COLOUR('',#17128);
#18548 = CURVE_STYLE('',#18549,POSITIVE_LENGTH_MEASURE(0.1),#17128);
#18549 = DRAUGHTING_PRE_DEFINED_CURVE_FONT('continuous');
#18550 = STYLED_ITEM('color',(#18551),#2601);
#18551 = PRESENTATION_STYLE_ASSIGNMENT((#18552,#18557));
#18552 = SURFACE_STYLE_USAGE(.BOTH.,#18553);
#18553 = SURFACE_SIDE_STYLE('',(#18554));
#18554 = SURFACE_STYLE_FILL_AREA(#18555);
#18555 = FILL_AREA_STYLE('',(#18556));
#18556 = FILL_AREA_STYLE_COLOUR('',#17314);
#18557 = CURVE_STYLE('',#18558,POSITIVE_LENGTH_MEASURE(0.1),#17314);
#18558 = DRAUGHTING_PRE_DEFINED_CURVE_FONT('continuous');
#18559 = STYLED_ITEM('color',(#18560),#2632);
#18560 = PRESENTATION_STYLE_ASSIGNMENT((#18561,#18566));
#18561 = SURFACE_STYLE_USAGE(.BOTH.,#18562);
#18562 = SURFACE_SIDE_STYLE('',(#18563));
#18563 = SURFACE_STYLE_FILL_AREA(#18564);
#18564 = FILL_AREA_STYLE('',(#18565));
#18565 = FILL_AREA_STYLE_COLOUR('',#17128);
#18566 = CURVE_STYLE('',#18567,POSITIVE_LENGTH_MEASURE(0.1),#17128);
#18567 = DRAUGHTING_PRE_DEFINED_CURVE_FONT('continuous');
#18568 = STYLED_ITEM('color',(#18569),#2663);
#18569 = PRESENTATION_STYLE_ASSIGNMENT((#18570,#18575));
#18570 = SURFACE_STYLE_USAGE(.BOTH.,#18571);
#18571 = SURFACE_SIDE_STYLE('',(#18572));
#18572 = SURFACE_STYLE_FILL_AREA(#18573);
#18573 = FILL_AREA_STYLE('',(#18574));
#18574 = FILL_AREA_STYLE_COLOUR('',#17314);
#18575 = CURVE_STYLE('',#18576,POSITIVE_LENGTH_MEASURE(0.1),#17314);
#18576 = DRAUGHTING_PRE_DEFINED_CURVE_FONT('continuous');
#18577 = STYLED_ITEM('color',(#18578),#2694);
#18578 = PRESENTATION_STYLE_ASSIGNMENT((#18579,#18584));
#18579 = SURFACE_STYLE_USAGE(.BOTH.,#18580);
#18580 = SURFACE_SIDE_STYLE('',(#18581));
#18581 = SURFACE_STYLE_FILL_AREA(#18582);
#18582 = FILL_AREA_STYLE('',(#18583));
#18583 = FILL_AREA_STYLE_COLOUR('',#17128);
#18584 = CURVE_STYLE('',#18585,POSITIVE_LENGTH_MEASURE(0.1),#17128);
#18585 = DRAUGHTING_PRE_DEFINED_CURVE_FONT('continuous');
#18586 = STYLED_ITEM('color',(#18587),#2725);
#18587 = PRESENTATION_STYLE_ASSIGNMENT((#18588,#18593));
#18588 = SURFACE_STYLE_USAGE(.BOTH.,#18589);
#18589 = SURFACE_SIDE_STYLE('',(#18590));
#18590 = SURFACE_STYLE_FILL_AREA(#18591);
#18591 = FILL_AREA_STYLE('',(#18592));
#18592 = FILL_AREA_STYLE_COLOUR('',#17314);
#18593 = CURVE_STYLE('',#18594,POSITIVE_LENGTH_MEASURE(0.1),#17314);
#18594 = DRAUGHTING_PRE_DEFINED_CURVE_FONT('continuous');
#18595 = STYLED_ITEM('color',(#18596),#2756);
#18596 = PRESENTATION_STYLE_ASSIGNMENT((#18597,#18602));
#18597 = SURFACE_STYLE_USAGE(.BOTH.,#18598);
#18598 = SURFACE_SIDE_STYLE('',(#18599));
#18599 = SURFACE_STYLE_FILL_AREA(#18600);
#18600 = FILL_AREA_STYLE('',(#18601));
#18601 = FILL_AREA_STYLE_COLOUR('',#17128);
#18602 = CURVE_STYLE('',#18603,POSITIVE_LENGTH_MEASURE(0.1),#17128);
#18603 = DRAUGHTING_PRE_DEFINED_CURVE_FONT('continuous');
#18604 = STYLED_ITEM('color',(#18605),#2787);
#18605 = PRESENTATION_STYLE_ASSIGNMENT((#18606,#18611));
#18606 = SURFACE_STYLE_USAGE(.BOTH.,#18607);
#18607 = SURFACE_SIDE_STYLE('',(#18608));
#18608 = SURFACE_STYLE_FILL_AREA(#18609);
#18609 = FILL_AREA_STYLE('',(#18610));
#18610 = FILL_AREA_STYLE_COLOUR('',#17314);
#18611 = CURVE_STYLE('',#18612,POSITIVE_LENGTH_MEASURE(0.1),#17314);
#18612 = DRAUGHTING_PRE_DEFINED_CURVE_FONT('continuous');
#18613 = STYLED_ITEM('color',(#18614),#2818);
#18614 = PRESENTATION_STYLE_ASSIGNMENT((#18615,#18620));
#18615 = SURFACE_STYLE_USAGE(.BOTH.,#18616);
#18616 = SURFACE_SIDE_STYLE('',(#18617));
#18617 = SURFACE_STYLE_FILL_AREA(#18618);
#18618 = FILL_AREA_STYLE('',(#18619));
#18619 = FILL_AREA_STYLE_COLOUR('',#17128);
#18620 = CURVE_STYLE('',#18621,POSITIVE_LENGTH_MEASURE(0.1),#17128);
#18621 = DRAUGHTING_PRE_DEFINED_CURVE_FONT('continuous');
#18622 = STYLED_ITEM('color',(#18623),#2849);
#18623 = PRESENTATION_STYLE_ASSIGNMENT((#18624,#18629));
#18624 = SURFACE_STYLE_USAGE(.BOTH.,#18625);
#18625 = SURFACE_SIDE_STYLE('',(#18626));
#18626 = SURFACE_STYLE_FILL_AREA(#18627);
#18627 = FILL_AREA_STYLE('',(#18628));
#18628 = FILL_AREA_STYLE_COLOUR('',#17314);
#18629 = CURVE_STYLE('',#18630,POSITIVE_LENGTH_MEASURE(0.1),#17314);
#18630 = DRAUGHTING_PRE_DEFINED_CURVE_FONT('continuous');
#18631 = STYLED_ITEM('color',(#18632),#2880);
#18632 = PRESENTATION_STYLE_ASSIGNMENT((#18633,#18638));
#18633 = SURFACE_STYLE_USAGE(.BOTH.,#18634);
#18634 = SURFACE_SIDE_STYLE('',(#18635));
#18635 = SURFACE_STYLE_FILL_AREA(#18636);
#18636 = FILL_AREA_STYLE('',(#18637));
#18637 = FILL_AREA_STYLE_COLOUR('',#17128);
#18638 = CURVE_STYLE('',#18639,POSITIVE_LENGTH_MEASURE(0.1),#17128);
#18639 = DRAUGHTING_PRE_DEFINED_CURVE_FONT('continuous');
#18640 = STYLED_ITEM('color',(#18641),#2911);
#18641 = PRESENTATION_STYLE_ASSIGNMENT((#18642,#18647));
#18642 = SURFACE_STYLE_USAGE(.BOTH.,#18643);
#18643 = SURFACE_SIDE_STYLE('',(#18644));
#18644 = SURFACE_STYLE_FILL_AREA(#18645);
#18645 = FILL_AREA_STYLE('',(#18646));
#18646 = FILL_AREA_STYLE_COLOUR('',#17314);
#18647 = CURVE_STYLE('',#18648,POSITIVE_LENGTH_MEASURE(0.1),#17314);
#18648 = DRAUGHTING_PRE_DEFINED_CURVE_FONT('continuous');
#18649 = STYLED_ITEM('color',(#18650),#2942);
#18650 = PRESENTATION_STYLE_ASSIGNMENT((#18651,#18656));
#18651 = SURFACE_STYLE_USAGE(.BOTH.,#18652);
#18652 = SURFACE_SIDE_STYLE('',(#18653));
#18653 = SURFACE_STYLE_FILL_AREA(#18654);
#18654 = FILL_AREA_STYLE('',(#18655));
#18655 = FILL_AREA_STYLE_COLOUR('',#17128);
#18656 = CURVE_STYLE('',#18657,POSITIVE_LENGTH_MEASURE(0.1),#17128);
#18657 = DRAUGHTING_PRE_DEFINED_CURVE_FONT('continuous');
#18658 = STYLED_ITEM('color',(#18659),#2973);
#18659 = PRESENTATION_STYLE_ASSIGNMENT((#18660,#18665));
#18660 = SURFACE_STYLE_USAGE(.BOTH.,#18661);
#18661 = SURFACE_SIDE_STYLE('',(#18662));
#18662 = SURFACE_STYLE_FILL_AREA(#18663);
#18663 = FILL_AREA_STYLE('',(#18664));
#18664 = FILL_AREA_STYLE_COLOUR('',#17314);
#18665 = CURVE_STYLE('',#18666,POSITIVE_LENGTH_MEASURE(0.1),#17314);
#18666 = DRAUGHTING_PRE_DEFINED_CURVE_FONT('continuous');
#18667 = STYLED_ITEM('color',(#18668),#2990);
#18668 = PRESENTATION_STYLE_ASSIGNMENT((#18669,#18674));
#18669 = SURFACE_STYLE_USAGE(.BOTH.,#18670);
#18670 = SURFACE_SIDE_STYLE('',(#18671));
#18671 = SURFACE_STYLE_FILL_AREA(#18672);
#18672 = FILL_AREA_STYLE('',(#18673));
#18673 = FILL_AREA_STYLE_COLOUR('',#17314);
#18674 = CURVE_STYLE('',#18675,POSITIVE_LENGTH_MEASURE(0.1),#17314);
#18675 = DRAUGHTING_PRE_DEFINED_CURVE_FONT('continuous');
#18676 = STYLED_ITEM('color',(#18677),#3007);
#18677 = PRESENTATION_STYLE_ASSIGNMENT((#18678,#18683));
#18678 = SURFACE_STYLE_USAGE(.BOTH.,#18679);
#18679 = SURFACE_SIDE_STYLE('',(#18680));
#18680 = SURFACE_STYLE_FILL_AREA(#18681);
#18681 = FILL_AREA_STYLE('',(#18682));
#18682 = FILL_AREA_STYLE_COLOUR('',#17128);
#18683 = CURVE_STYLE('',#18684,POSITIVE_LENGTH_MEASURE(0.1),#17128);
#18684 = DRAUGHTING_PRE_DEFINED_CURVE_FONT('continuous');
#18685 = STYLED_ITEM('color',(#18686),#3038);
#18686 = PRESENTATION_STYLE_ASSIGNMENT((#18687,#18692));
#18687 = SURFACE_STYLE_USAGE(.BOTH.,#18688);
#18688 = SURFACE_SIDE_STYLE('',(#18689));
#18689 = SURFACE_STYLE_FILL_AREA(#18690);
#18690 = FILL_AREA_STYLE('',(#18691));
#18691 = FILL_AREA_STYLE_COLOUR('',#17314);
#18692 = CURVE_STYLE('',#18693,POSITIVE_LENGTH_MEASURE(0.1),#17314);
#18693 = DRAUGHTING_PRE_DEFINED_CURVE_FONT('continuous');
#18694 = STYLED_ITEM('color',(#18695),#3069);
#18695 = PRESENTATION_STYLE_ASSIGNMENT((#18696,#18701));
#18696 = SURFACE_STYLE_USAGE(.BOTH.,#18697);
#18697 = SURFACE_SIDE_STYLE('',(#18698));
#18698 = SURFACE_STYLE_FILL_AREA(#18699);
#18699 = FILL_AREA_STYLE('',(#18700));
#18700 = FILL_AREA_STYLE_COLOUR('',#17128);
#18701 = CURVE_STYLE('',#18702,POSITIVE_LENGTH_MEASURE(0.1),#17128);
#18702 = DRAUGHTING_PRE_DEFINED_CURVE_FONT('continuous');
#18703 = STYLED_ITEM('color',(#18704),#3100);
#18704 = PRESENTATION_STYLE_ASSIGNMENT((#18705,#18710));
#18705 = SURFACE_STYLE_USAGE(.BOTH.,#18706);
#18706 = SURFACE_SIDE_STYLE('',(#18707));
#18707 = SURFACE_STYLE_FILL_AREA(#18708);
#18708 = FILL_AREA_STYLE('',(#18709));
#18709 = FILL_AREA_STYLE_COLOUR('',#17314);
#18710 = CURVE_STYLE('',#18711,POSITIVE_LENGTH_MEASURE(0.1),#17314);
#18711 = DRAUGHTING_PRE_DEFINED_CURVE_FONT('continuous');
#18712 = STYLED_ITEM('color',(#18713),#3131);
#18713 = PRESENTATION_STYLE_ASSIGNMENT((#18714,#18719));
#18714 = SURFACE_STYLE_USAGE(.BOTH.,#18715);
#18715 = SURFACE_SIDE_STYLE('',(#18716));
#18716 = SURFACE_STYLE_FILL_AREA(#18717);
#18717 = FILL_AREA_STYLE('',(#18718));
#18718 = FILL_AREA_STYLE_COLOUR('',#17128);
#18719 = CURVE_STYLE('',#18720,POSITIVE_LENGTH_MEASURE(0.1),#17128);
#18720 = DRAUGHTING_PRE_DEFINED_CURVE_FONT('continuous');
#18721 = STYLED_ITEM('color',(#18722),#3162);
#18722 = PRESENTATION_STYLE_ASSIGNMENT((#18723,#18728));
#18723 = SURFACE_STYLE_USAGE(.BOTH.,#18724);
#18724 = SURFACE_SIDE_STYLE('',(#18725));
#18725 = SURFACE_STYLE_FILL_AREA(#18726);
#18726 = FILL_AREA_STYLE('',(#18727));
#18727 = FILL_AREA_STYLE_COLOUR('',#17314);
#18728 = CURVE_STYLE('',#18729,POSITIVE_LENGTH_MEASURE(0.1),#17314);
#18729 = DRAUGHTING_PRE_DEFINED_CURVE_FONT('continuous');
#18730 = STYLED_ITEM('color',(#18731),#3193);
#18731 = PRESENTATION_STYLE_ASSIGNMENT((#18732,#18737));
#18732 = SURFACE_STYLE_USAGE(.BOTH.,#18733);
#18733 = SURFACE_SIDE_STYLE('',(#18734));
#18734 = SURFACE_STYLE_FILL_AREA(#18735);
#18735 = FILL_AREA_STYLE('',(#18736));
#18736 = FILL_AREA_STYLE_COLOUR('',#17128);
#18737 = CURVE_STYLE('',#18738,POSITIVE_LENGTH_MEASURE(0.1),#17128);
#18738 = DRAUGHTING_PRE_DEFINED_CURVE_FONT('continuous');
#18739 = STYLED_ITEM('color',(#18740),#3224);
#18740 = PRESENTATION_STYLE_ASSIGNMENT((#18741,#18746));
#18741 = SURFACE_STYLE_USAGE(.BOTH.,#18742);
#18742 = SURFACE_SIDE_STYLE('',(#18743));
#18743 = SURFACE_STYLE_FILL_AREA(#18744);
#18744 = FILL_AREA_STYLE('',(#18745));
#18745 = FILL_AREA_STYLE_COLOUR('',#17314);
#18746 = CURVE_STYLE('',#18747,POSITIVE_LENGTH_MEASURE(0.1),#17314);
#18747 = DRAUGHTING_PRE_DEFINED_CURVE_FONT('continuous');
#18748 = STYLED_ITEM('color',(#18749),#3255);
#18749 = PRESENTATION_STYLE_ASSIGNMENT((#18750,#18755));
#18750 = SURFACE_STYLE_USAGE(.BOTH.,#18751);
#18751 = SURFACE_SIDE_STYLE('',(#18752));
#18752 = SURFACE_STYLE_FILL_AREA(#18753);
#18753 = FILL_AREA_STYLE('',(#18754));
#18754 = FILL_AREA_STYLE_COLOUR('',#17128);
#18755 = CURVE_STYLE('',#18756,POSITIVE_LENGTH_MEASURE(0.1),#17128);
#18756 = DRAUGHTING_PRE_DEFINED_CURVE_FONT('continuous');
#18757 = STYLED_ITEM('color',(#18758),#3286);
#18758 = PRESENTATION_STYLE_ASSIGNMENT((#18759,#18764));
#18759 = SURFACE_STYLE_USAGE(.BOTH.,#18760);
#18760 = SURFACE_SIDE_STYLE('',(#18761));
#18761 = SURFACE_STYLE_FILL_AREA(#18762);
#18762 = FILL_AREA_STYLE('',(#18763));
#18763 = FILL_AREA_STYLE_COLOUR('',#17314);
#18764 = CURVE_STYLE('',#18765,POSITIVE_LENGTH_MEASURE(0.1),#17314);
#18765 = DRAUGHTING_PRE_DEFINED_CURVE_FONT('continuous');
#18766 = STYLED_ITEM('color',(#18767),#3317);
#18767 = PRESENTATION_STYLE_ASSIGNMENT((#18768,#18773));
#18768 = SURFACE_STYLE_USAGE(.BOTH.,#18769);
#18769 = SURFACE_SIDE_STYLE('',(#18770));
#18770 = SURFACE_STYLE_FILL_AREA(#18771);
#18771 = FILL_AREA_STYLE('',(#18772));
#18772 = FILL_AREA_STYLE_COLOUR('',#17128);
#18773 = CURVE_STYLE('',#18774,POSITIVE_LENGTH_MEASURE(0.1),#17128);
#18774 = DRAUGHTING_PRE_DEFINED_CURVE_FONT('continuous');
#18775 = STYLED_ITEM('color',(#18776),#3348);
#18776 = PRESENTATION_STYLE_ASSIGNMENT((#18777,#18782));
#18777 = SURFACE_STYLE_USAGE(.BOTH.,#18778);
#18778 = SURFACE_SIDE_STYLE('',(#18779));
#18779 = SURFACE_STYLE_FILL_AREA(#18780);
#18780 = FILL_AREA_STYLE('',(#18781));
#18781 = FILL_AREA_STYLE_COLOUR('',#17314);
#18782 = CURVE_STYLE('',#18783,POSITIVE_LENGTH_MEASURE(0.1),#17314);
#18783 = DRAUGHTING_PRE_DEFINED_CURVE_FONT('continuous');
#18784 = STYLED_ITEM('color',(#18785),#3379);
#18785 = PRESENTATION_STYLE_ASSIGNMENT((#18786,#18791));
#18786 = SURFACE_STYLE_USAGE(.BOTH.,#18787);
#18787 = SURFACE_SIDE_STYLE('',(#18788));
#18788 = SURFACE_STYLE_FILL_AREA(#18789);
#18789 = FILL_AREA_STYLE('',(#18790));
#18790 = FILL_AREA_STYLE_COLOUR('',#17128);
#18791 = CURVE_STYLE('',#18792,POSITIVE_LENGTH_MEASURE(0.1),#17128);
#18792 = DRAUGHTING_PRE_DEFINED_CURVE_FONT('continuous');
#18793 = STYLED_ITEM('color',(#18794),#3410);
#18794 = PRESENTATION_STYLE_ASSIGNMENT((#18795,#18800));
#18795 = SURFACE_STYLE_USAGE(.BOTH.,#18796);
#18796 = SURFACE_SIDE_STYLE('',(#18797));
#18797 = SURFACE_STYLE_FILL_AREA(#18798);
#18798 = FILL_AREA_STYLE('',(#18799));
#18799 = FILL_AREA_STYLE_COLOUR('',#17314);
#18800 = CURVE_STYLE('',#18801,POSITIVE_LENGTH_MEASURE(0.1),#17314);
#18801 = DRAUGHTING_PRE_DEFINED_CURVE_FONT('continuous');
#18802 = STYLED_ITEM('color',(#18803),#3441);
#18803 = PRESENTATION_STYLE_ASSIGNMENT((#18804,#18809));
#18804 = SURFACE_STYLE_USAGE(.BOTH.,#18805);
#18805 = SURFACE_SIDE_STYLE('',(#18806));
#18806 = SURFACE_STYLE_FILL_AREA(#18807);
#18807 = FILL_AREA_STYLE('',(#18808));
#18808 = FILL_AREA_STYLE_COLOUR('',#17128);
#18809 = CURVE_STYLE('',#18810,POSITIVE_LENGTH_MEASURE(0.1),#17128);
#18810 = DRAUGHTING_PRE_DEFINED_CURVE_FONT('continuous');
#18811 = STYLED_ITEM('color',(#18812),#3472);
#18812 = PRESENTATION_STYLE_ASSIGNMENT((#18813,#18818));
#18813 = SURFACE_STYLE_USAGE(.BOTH.,#18814);
#18814 = SURFACE_SIDE_STYLE('',(#18815));
#18815 = SURFACE_STYLE_FILL_AREA(#18816);
#18816 = FILL_AREA_STYLE('',(#18817));
#18817 = FILL_AREA_STYLE_COLOUR('',#17314);
#18818 = CURVE_STYLE('',#18819,POSITIVE_LENGTH_MEASURE(0.1),#17314);
#18819 = DRAUGHTING_PRE_DEFINED_CURVE_FONT('continuous');
#18820 = STYLED_ITEM('color',(#18821),#3502);
#18821 = PRESENTATION_STYLE_ASSIGNMENT((#18822,#18827));
#18822 = SURFACE_STYLE_USAGE(.BOTH.,#18823);
#18823 = SURFACE_SIDE_STYLE('',(#18824));
#18824 = SURFACE_STYLE_FILL_AREA(#18825);
#18825 = FILL_AREA_STYLE('',(#18826));
#18826 = FILL_AREA_STYLE_COLOUR('',#17314);
#18827 = CURVE_STYLE('',#18828,POSITIVE_LENGTH_MEASURE(0.1),#17314);
#18828 = DRAUGHTING_PRE_DEFINED_CURVE_FONT('continuous');
#18829 = STYLED_ITEM('color',(#18830),#3525);
#18830 = PRESENTATION_STYLE_ASSIGNMENT((#18831,#18836));
#18831 = SURFACE_STYLE_USAGE(.BOTH.,#18832);
#18832 = SURFACE_SIDE_STYLE('',(#18833));
#18833 = SURFACE_STYLE_FILL_AREA(#18834);
#18834 = FILL_AREA_STYLE('',(#18835));
#18835 = FILL_AREA_STYLE_COLOUR('',#17314);
#18836 = CURVE_STYLE('',#18837,POSITIVE_LENGTH_MEASURE(0.1),#17314);
#18837 = DRAUGHTING_PRE_DEFINED_CURVE_FONT('continuous');
#18838 = STYLED_ITEM('color',(#18839),#3548);
#18839 = PRESENTATION_STYLE_ASSIGNMENT((#18840,#18845));
#18840 = SURFACE_STYLE_USAGE(.BOTH.,#18841);
#18841 = SURFACE_SIDE_STYLE('',(#18842));
#18842 = SURFACE_STYLE_FILL_AREA(#18843);
#18843 = FILL_AREA_STYLE('',(#18844));
#18844 = FILL_AREA_STYLE_COLOUR('',#17314);
#18845 = CURVE_STYLE('',#18846,POSITIVE_LENGTH_MEASURE(0.1),#17314);
#18846 = DRAUGHTING_PRE_DEFINED_CURVE_FONT('continuous');
#18847 = STYLED_ITEM('color',(#18848),#3565);
#18848 = PRESENTATION_STYLE_ASSIGNMENT((#18849,#18854));
#18849 = SURFACE_STYLE_USAGE(.BOTH.,#18850);
#18850 = SURFACE_SIDE_STYLE('',(#18851));
#18851 = SURFACE_STYLE_FILL_AREA(#18852);
#18852 = FILL_AREA_STYLE('',(#18853));
#18853 = FILL_AREA_STYLE_COLOUR('',#17128);
#18854 = CURVE_STYLE('',#18855,POSITIVE_LENGTH_MEASURE(0.1),#17128);
#18855 = DRAUGHTING_PRE_DEFINED_CURVE_FONT('continuous');
#18856 = STYLED_ITEM('color',(#18857),#3610);
#18857 = PRESENTATION_STYLE_ASSIGNMENT((#18858,#18863));
#18858 = SURFACE_STYLE_USAGE(.BOTH.,#18859);
#18859 = SURFACE_SIDE_STYLE('',(#18860));
#18860 = SURFACE_STYLE_FILL_AREA(#18861);
#18861 = FILL_AREA_STYLE('',(#18862));
#18862 = FILL_AREA_STYLE_COLOUR('',#17314);
#18863 = CURVE_STYLE('',#18864,POSITIVE_LENGTH_MEASURE(0.1),#17314);
#18864 = DRAUGHTING_PRE_DEFINED_CURVE_FONT('continuous');
#18865 = STYLED_ITEM('color',(#18866),#3760);
#18866 = PRESENTATION_STYLE_ASSIGNMENT((#18867,#18872));
#18867 = SURFACE_STYLE_USAGE(.BOTH.,#18868);
#18868 = SURFACE_SIDE_STYLE('',(#18869));
#18869 = SURFACE_STYLE_FILL_AREA(#18870);
#18870 = FILL_AREA_STYLE('',(#18871));
#18871 = FILL_AREA_STYLE_COLOUR('',#17314);
#18872 = CURVE_STYLE('',#18873,POSITIVE_LENGTH_MEASURE(0.1),#17314);
#18873 = DRAUGHTING_PRE_DEFINED_CURVE_FONT('continuous');
#18874 = STYLED_ITEM('color',(#18875),#3783);
#18875 = PRESENTATION_STYLE_ASSIGNMENT((#18876,#18881));
#18876 = SURFACE_STYLE_USAGE(.BOTH.,#18877);
#18877 = SURFACE_SIDE_STYLE('',(#18878));
#18878 = SURFACE_STYLE_FILL_AREA(#18879);
#18879 = FILL_AREA_STYLE('',(#18880));
#18880 = FILL_AREA_STYLE_COLOUR('',#17314);
#18881 = CURVE_STYLE('',#18882,POSITIVE_LENGTH_MEASURE(0.1),#17314);
#18882 = DRAUGHTING_PRE_DEFINED_CURVE_FONT('continuous');
#18883 = STYLED_ITEM('color',(#18884),#3806);
#18884 = PRESENTATION_STYLE_ASSIGNMENT((#18885,#18890));
#18885 = SURFACE_STYLE_USAGE(.BOTH.,#18886);
#18886 = SURFACE_SIDE_STYLE('',(#18887));
#18887 = SURFACE_STYLE_FILL_AREA(#18888);
#18888 = FILL_AREA_STYLE('',(#18889));
#18889 = FILL_AREA_STYLE_COLOUR('',#17314);
#18890 = CURVE_STYLE('',#18891,POSITIVE_LENGTH_MEASURE(0.1),#17314);
#18891 = DRAUGHTING_PRE_DEFINED_CURVE_FONT('continuous');
#18892 = STYLED_ITEM('color',(#18893),#3829);
#18893 = PRESENTATION_STYLE_ASSIGNMENT((#18894,#18899));
#18894 = SURFACE_STYLE_USAGE(.BOTH.,#18895);
#18895 = SURFACE_SIDE_STYLE('',(#18896));
#18896 = SURFACE_STYLE_FILL_AREA(#18897);
#18897 = FILL_AREA_STYLE('',(#18898));
#18898 = FILL_AREA_STYLE_COLOUR('',#17314);
#18899 = CURVE_STYLE('',#18900,POSITIVE_LENGTH_MEASURE(0.1),#17314);
#18900 = DRAUGHTING_PRE_DEFINED_CURVE_FONT('continuous');
#18901 = STYLED_ITEM('color',(#18902),#3980);
#18902 = PRESENTATION_STYLE_ASSIGNMENT((#18903,#18908));
#18903 = SURFACE_STYLE_USAGE(.BOTH.,#18904);
#18904 = SURFACE_SIDE_STYLE('',(#18905));
#18905 = SURFACE_STYLE_FILL_AREA(#18906);
#18906 = FILL_AREA_STYLE('',(#18907));
#18907 = FILL_AREA_STYLE_COLOUR('',#17128);
#18908 = CURVE_STYLE('',#18909,POSITIVE_LENGTH_MEASURE(0.1),#17128);
#18909 = DRAUGHTING_PRE_DEFINED_CURVE_FONT('continuous');
#18910 = STYLED_ITEM('color',(#18911),#4018);
#18911 = PRESENTATION_STYLE_ASSIGNMENT((#18912,#18917));
#18912 = SURFACE_STYLE_USAGE(.BOTH.,#18913);
#18913 = SURFACE_SIDE_STYLE('',(#18914));
#18914 = SURFACE_STYLE_FILL_AREA(#18915);
#18915 = FILL_AREA_STYLE('',(#18916));
#18916 = FILL_AREA_STYLE_COLOUR('',#17314);
#18917 = CURVE_STYLE('',#18918,POSITIVE_LENGTH_MEASURE(0.1),#17314);
#18918 = DRAUGHTING_PRE_DEFINED_CURVE_FONT('continuous');
#18919 = STYLED_ITEM('color',(#18920),#4067);
#18920 = PRESENTATION_STYLE_ASSIGNMENT((#18921,#18926));
#18921 = SURFACE_STYLE_USAGE(.BOTH.,#18922);
#18922 = SURFACE_SIDE_STYLE('',(#18923));
#18923 = SURFACE_STYLE_FILL_AREA(#18924);
#18924 = FILL_AREA_STYLE('',(#18925));
#18925 = FILL_AREA_STYLE_COLOUR('',#17128);
#18926 = CURVE_STYLE('',#18927,POSITIVE_LENGTH_MEASURE(0.1),#17128);
#18927 = DRAUGHTING_PRE_DEFINED_CURVE_FONT('continuous');
#18928 = STYLED_ITEM('color',(#18929),#4159);
#18929 = PRESENTATION_STYLE_ASSIGNMENT((#18930,#18935));
#18930 = SURFACE_STYLE_USAGE(.BOTH.,#18931);
#18931 = SURFACE_SIDE_STYLE('',(#18932));
#18932 = SURFACE_STYLE_FILL_AREA(#18933);
#18933 = FILL_AREA_STYLE('',(#18934));
#18934 = FILL_AREA_STYLE_COLOUR('',#17128);
#18935 = CURVE_STYLE('',#18936,POSITIVE_LENGTH_MEASURE(0.1),#17128);
#18936 = DRAUGHTING_PRE_DEFINED_CURVE_FONT('continuous');
#18937 = STYLED_ITEM('color',(#18938),#4184);
#18938 = PRESENTATION_STYLE_ASSIGNMENT((#18939,#18944));
#18939 = SURFACE_STYLE_USAGE(.BOTH.,#18940);
#18940 = SURFACE_SIDE_STYLE('',(#18941));
#18941 = SURFACE_STYLE_FILL_AREA(#18942);
#18942 = FILL_AREA_STYLE('',(#18943));
#18943 = FILL_AREA_STYLE_COLOUR('',#17128);
#18944 = CURVE_STYLE('',#18945,POSITIVE_LENGTH_MEASURE(0.1),#17128);
#18945 = DRAUGHTING_PRE_DEFINED_CURVE_FONT('continuous');
#18946 = STYLED_ITEM('color',(#18947),#4268);
#18947 = PRESENTATION_STYLE_ASSIGNMENT((#18948,#18953));
#18948 = SURFACE_STYLE_USAGE(.BOTH.,#18949);
#18949 = SURFACE_SIDE_STYLE('',(#18950));
#18950 = SURFACE_STYLE_FILL_AREA(#18951);
#18951 = FILL_AREA_STYLE('',(#18952));
#18952 = FILL_AREA_STYLE_COLOUR('',#17314);
#18953 = CURVE_STYLE('',#18954,POSITIVE_LENGTH_MEASURE(0.1),#17314);
#18954 = DRAUGHTING_PRE_DEFINED_CURVE_FONT('continuous');
#18955 = STYLED_ITEM('color',(#18956),#4290);
#18956 = PRESENTATION_STYLE_ASSIGNMENT((#18957,#18962));
#18957 = SURFACE_STYLE_USAGE(.BOTH.,#18958);
#18958 = SURFACE_SIDE_STYLE('',(#18959));
#18959 = SURFACE_STYLE_FILL_AREA(#18960);
#18960 = FILL_AREA_STYLE('',(#18961));
#18961 = FILL_AREA_STYLE_COLOUR('',#17128);
#18962 = CURVE_STYLE('',#18963,POSITIVE_LENGTH_MEASURE(0.1),#17128);
#18963 = DRAUGHTING_PRE_DEFINED_CURVE_FONT('continuous');
#18964 = STYLED_ITEM('color',(#18965),#4382);
#18965 = PRESENTATION_STYLE_ASSIGNMENT((#18966,#18971));
#18966 = SURFACE_STYLE_USAGE(.BOTH.,#18967);
#18967 = SURFACE_SIDE_STYLE('',(#18968));
#18968 = SURFACE_STYLE_FILL_AREA(#18969);
#18969 = FILL_AREA_STYLE('',(#18970));
#18970 = FILL_AREA_STYLE_COLOUR('',#17128);
#18971 = CURVE_STYLE('',#18972,POSITIVE_LENGTH_MEASURE(0.1),#17128);
#18972 = DRAUGHTING_PRE_DEFINED_CURVE_FONT('continuous');
#18973 = STYLED_ITEM('color',(#18974),#4407);
#18974 = PRESENTATION_STYLE_ASSIGNMENT((#18975,#18980));
#18975 = SURFACE_STYLE_USAGE(.BOTH.,#18976);
#18976 = SURFACE_SIDE_STYLE('',(#18977));
#18977 = SURFACE_STYLE_FILL_AREA(#18978);
#18978 = FILL_AREA_STYLE('',(#18979));
#18979 = FILL_AREA_STYLE_COLOUR('',#17128);
#18980 = CURVE_STYLE('',#18981,POSITIVE_LENGTH_MEASURE(0.1),#17128);
#18981 = DRAUGHTING_PRE_DEFINED_CURVE_FONT('continuous');
#18982 = STYLED_ITEM('color',(#18983),#4491);
#18983 = PRESENTATION_STYLE_ASSIGNMENT((#18984,#18989));
#18984 = SURFACE_STYLE_USAGE(.BOTH.,#18985);
#18985 = SURFACE_SIDE_STYLE('',(#18986));
#18986 = SURFACE_STYLE_FILL_AREA(#18987);
#18987 = FILL_AREA_STYLE('',(#18988));
#18988 = FILL_AREA_STYLE_COLOUR('',#17314);
#18989 = CURVE_STYLE('',#18990,POSITIVE_LENGTH_MEASURE(0.1),#17314);
#18990 = DRAUGHTING_PRE_DEFINED_CURVE_FONT('continuous');
#18991 = STYLED_ITEM('color',(#18992),#4513);
#18992 = PRESENTATION_STYLE_ASSIGNMENT((#18993,#18998));
#18993 = SURFACE_STYLE_USAGE(.BOTH.,#18994);
#18994 = SURFACE_SIDE_STYLE('',(#18995));
#18995 = SURFACE_STYLE_FILL_AREA(#18996);
#18996 = FILL_AREA_STYLE('',(#18997));
#18997 = FILL_AREA_STYLE_COLOUR('',#17128);
#18998 = CURVE_STYLE('',#18999,POSITIVE_LENGTH_MEASURE(0.1),#17128);
#18999 = DRAUGHTING_PRE_DEFINED_CURVE_FONT('continuous');
#19000 = STYLED_ITEM('color',(#19001),#4605);
#19001 = PRESENTATION_STYLE_ASSIGNMENT((#19002,#19007));
#19002 = SURFACE_STYLE_USAGE(.BOTH.,#19003);
#19003 = SURFACE_SIDE_STYLE('',(#19004));
#19004 = SURFACE_STYLE_FILL_AREA(#19005);
#19005 = FILL_AREA_STYLE('',(#19006));
#19006 = FILL_AREA_STYLE_COLOUR('',#17128);
#19007 = CURVE_STYLE('',#19008,POSITIVE_LENGTH_MEASURE(0.1),#17128);
#19008 = DRAUGHTING_PRE_DEFINED_CURVE_FONT('continuous');
#19009 = STYLED_ITEM('color',(#19010),#4630);
#19010 = PRESENTATION_STYLE_ASSIGNMENT((#19011,#19016));
#19011 = SURFACE_STYLE_USAGE(.BOTH.,#19012);
#19012 = SURFACE_SIDE_STYLE('',(#19013));
#19013 = SURFACE_STYLE_FILL_AREA(#19014);
#19014 = FILL_AREA_STYLE('',(#19015));
#19015 = FILL_AREA_STYLE_COLOUR('',#17128);
#19016 = CURVE_STYLE('',#19017,POSITIVE_LENGTH_MEASURE(0.1),#17128);
#19017 = DRAUGHTING_PRE_DEFINED_CURVE_FONT('continuous');
#19018 = STYLED_ITEM('color',(#19019),#4714);
#19019 = PRESENTATION_STYLE_ASSIGNMENT((#19020,#19025));
#19020 = SURFACE_STYLE_USAGE(.BOTH.,#19021);
#19021 = SURFACE_SIDE_STYLE('',(#19022));
#19022 = SURFACE_STYLE_FILL_AREA(#19023);
#19023 = FILL_AREA_STYLE('',(#19024));
#19024 = FILL_AREA_STYLE_COLOUR('',#17314);
#19025 = CURVE_STYLE('',#19026,POSITIVE_LENGTH_MEASURE(0.1),#17314);
#19026 = DRAUGHTING_PRE_DEFINED_CURVE_FONT('continuous');
#19027 = STYLED_ITEM('color',(#19028),#4736);
#19028 = PRESENTATION_STYLE_ASSIGNMENT((#19029,#19034));
#19029 = SURFACE_STYLE_USAGE(.BOTH.,#19030);
#19030 = SURFACE_SIDE_STYLE('',(#19031));
#19031 = SURFACE_STYLE_FILL_AREA(#19032);
#19032 = FILL_AREA_STYLE('',(#19033));
#19033 = FILL_AREA_STYLE_COLOUR('',#17128);
#19034 = CURVE_STYLE('',#19035,POSITIVE_LENGTH_MEASURE(0.1),#17128);
#19035 = DRAUGHTING_PRE_DEFINED_CURVE_FONT('continuous');
#19036 = STYLED_ITEM('color',(#19037),#4828);
#19037 = PRESENTATION_STYLE_ASSIGNMENT((#19038,#19043));
#19038 = SURFACE_STYLE_USAGE(.BOTH.,#19039);
#19039 = SURFACE_SIDE_STYLE('',(#19040));
#19040 = SURFACE_STYLE_FILL_AREA(#19041);
#19041 = FILL_AREA_STYLE('',(#19042));
#19042 = FILL_AREA_STYLE_COLOUR('',#17128);
#19043 = CURVE_STYLE('',#19044,POSITIVE_LENGTH_MEASURE(0.1),#17128);
#19044 = DRAUGHTING_PRE_DEFINED_CURVE_FONT('continuous');
#19045 = STYLED_ITEM('color',(#19046),#4853);
#19046 = PRESENTATION_STYLE_ASSIGNMENT((#19047,#19052));
#19047 = SURFACE_STYLE_USAGE(.BOTH.,#19048);
#19048 = SURFACE_SIDE_STYLE('',(#19049));
#19049 = SURFACE_STYLE_FILL_AREA(#19050);
#19050 = FILL_AREA_STYLE('',(#19051));
#19051 = FILL_AREA_STYLE_COLOUR('',#17128);
#19052 = CURVE_STYLE('',#19053,POSITIVE_LENGTH_MEASURE(0.1),#17128);
#19053 = DRAUGHTING_PRE_DEFINED_CURVE_FONT('continuous');
#19054 = STYLED_ITEM('color',(#19055),#4937);
#19055 = PRESENTATION_STYLE_ASSIGNMENT((#19056,#19061));
#19056 = SURFACE_STYLE_USAGE(.BOTH.,#19057);
#19057 = SURFACE_SIDE_STYLE('',(#19058));
#19058 = SURFACE_STYLE_FILL_AREA(#19059);
#19059 = FILL_AREA_STYLE('',(#19060));
#19060 = FILL_AREA_STYLE_COLOUR('',#17314);
#19061 = CURVE_STYLE('',#19062,POSITIVE_LENGTH_MEASURE(0.1),#17314);
#19062 = DRAUGHTING_PRE_DEFINED_CURVE_FONT('continuous');
#19063 = STYLED_ITEM('color',(#19064),#4959);
#19064 = PRESENTATION_STYLE_ASSIGNMENT((#19065,#19070));
#19065 = SURFACE_STYLE_USAGE(.BOTH.,#19066);
#19066 = SURFACE_SIDE_STYLE('',(#19067));
#19067 = SURFACE_STYLE_FILL_AREA(#19068);
#19068 = FILL_AREA_STYLE('',(#19069));
#19069 = FILL_AREA_STYLE_COLOUR('',#17128);
#19070 = CURVE_STYLE('',#19071,POSITIVE_LENGTH_MEASURE(0.1),#17128);
#19071 = DRAUGHTING_PRE_DEFINED_CURVE_FONT('continuous');
#19072 = STYLED_ITEM('color',(#19073),#5051);
#19073 = PRESENTATION_STYLE_ASSIGNMENT((#19074,#19079));
#19074 = SURFACE_STYLE_USAGE(.BOTH.,#19075);
#19075 = SURFACE_SIDE_STYLE('',(#19076));
#19076 = SURFACE_STYLE_FILL_AREA(#19077);
#19077 = FILL_AREA_STYLE('',(#19078));
#19078 = FILL_AREA_STYLE_COLOUR('',#17128);
#19079 = CURVE_STYLE('',#19080,POSITIVE_LENGTH_MEASURE(0.1),#17128);
#19080 = DRAUGHTING_PRE_DEFINED_CURVE_FONT('continuous');
#19081 = STYLED_ITEM('color',(#19082),#5076);
#19082 = PRESENTATION_STYLE_ASSIGNMENT((#19083,#19088));
#19083 = SURFACE_STYLE_USAGE(.BOTH.,#19084);
#19084 = SURFACE_SIDE_STYLE('',(#19085));
#19085 = SURFACE_STYLE_FILL_AREA(#19086);
#19086 = FILL_AREA_STYLE('',(#19087));
#19087 = FILL_AREA_STYLE_COLOUR('',#17128);
#19088 = CURVE_STYLE('',#19089,POSITIVE_LENGTH_MEASURE(0.1),#17128);
#19089 = DRAUGHTING_PRE_DEFINED_CURVE_FONT('continuous');
#19090 = STYLED_ITEM('color',(#19091),#5160);
#19091 = PRESENTATION_STYLE_ASSIGNMENT((#19092,#19097));
#19092 = SURFACE_STYLE_USAGE(.BOTH.,#19093);
#19093 = SURFACE_SIDE_STYLE('',(#19094));
#19094 = SURFACE_STYLE_FILL_AREA(#19095);
#19095 = FILL_AREA_STYLE('',(#19096));
#19096 = FILL_AREA_STYLE_COLOUR('',#17314);
#19097 = CURVE_STYLE('',#19098,POSITIVE_LENGTH_MEASURE(0.1),#17314);
#19098 = DRAUGHTING_PRE_DEFINED_CURVE_FONT('continuous');
#19099 = STYLED_ITEM('color',(#19100),#5182);
#19100 = PRESENTATION_STYLE_ASSIGNMENT((#19101,#19106));
#19101 = SURFACE_STYLE_USAGE(.BOTH.,#19102);
#19102 = SURFACE_SIDE_STYLE('',(#19103));
#19103 = SURFACE_STYLE_FILL_AREA(#19104);
#19104 = FILL_AREA_STYLE('',(#19105));
#19105 = FILL_AREA_STYLE_COLOUR('',#17128);
#19106 = CURVE_STYLE('',#19107,POSITIVE_LENGTH_MEASURE(0.1),#17128);
#19107 = DRAUGHTING_PRE_DEFINED_CURVE_FONT('continuous');
#19108 = STYLED_ITEM('color',(#19109),#5274);
#19109 = PRESENTATION_STYLE_ASSIGNMENT((#19110,#19115));
#19110 = SURFACE_STYLE_USAGE(.BOTH.,#19111);
#19111 = SURFACE_SIDE_STYLE('',(#19112));
#19112 = SURFACE_STYLE_FILL_AREA(#19113);
#19113 = FILL_AREA_STYLE('',(#19114));
#19114 = FILL_AREA_STYLE_COLOUR('',#17128);
#19115 = CURVE_STYLE('',#19116,POSITIVE_LENGTH_MEASURE(0.1),#17128);
#19116 = DRAUGHTING_PRE_DEFINED_CURVE_FONT('continuous');
#19117 = STYLED_ITEM('color',(#19118),#5299);
#19118 = PRESENTATION_STYLE_ASSIGNMENT((#19119,#19124));
#19119 = SURFACE_STYLE_USAGE(.BOTH.,#19120);
#19120 = SURFACE_SIDE_STYLE('',(#19121));
#19121 = SURFACE_STYLE_FILL_AREA(#19122);
#19122 = FILL_AREA_STYLE('',(#19123));
#19123 = FILL_AREA_STYLE_COLOUR('',#17128);
#19124 = CURVE_STYLE('',#19125,POSITIVE_LENGTH_MEASURE(0.1),#17128);
#19125 = DRAUGHTING_PRE_DEFINED_CURVE_FONT('continuous');
#19126 = STYLED_ITEM('color',(#19127),#5383);
#19127 = PRESENTATION_STYLE_ASSIGNMENT((#19128,#19133));
#19128 = SURFACE_STYLE_USAGE(.BOTH.,#19129);
#19129 = SURFACE_SIDE_STYLE('',(#19130));
#19130 = SURFACE_STYLE_FILL_AREA(#19131);
#19131 = FILL_AREA_STYLE('',(#19132));
#19132 = FILL_AREA_STYLE_COLOUR('',#17314);
#19133 = CURVE_STYLE('',#19134,POSITIVE_LENGTH_MEASURE(0.1),#17314);
#19134 = DRAUGHTING_PRE_DEFINED_CURVE_FONT('continuous');
#19135 = STYLED_ITEM('color',(#19136),#5405);
#19136 = PRESENTATION_STYLE_ASSIGNMENT((#19137,#19142));
#19137 = SURFACE_STYLE_USAGE(.BOTH.,#19138);
#19138 = SURFACE_SIDE_STYLE('',(#19139));
#19139 = SURFACE_STYLE_FILL_AREA(#19140);
#19140 = FILL_AREA_STYLE('',(#19141));
#19141 = FILL_AREA_STYLE_COLOUR('',#17128);
#19142 = CURVE_STYLE('',#19143,POSITIVE_LENGTH_MEASURE(0.1),#17128);
#19143 = DRAUGHTING_PRE_DEFINED_CURVE_FONT('continuous');
#19144 = STYLED_ITEM('color',(#19145),#5497);
#19145 = PRESENTATION_STYLE_ASSIGNMENT((#19146,#19151));
#19146 = SURFACE_STYLE_USAGE(.BOTH.,#19147);
#19147 = SURFACE_SIDE_STYLE('',(#19148));
#19148 = SURFACE_STYLE_FILL_AREA(#19149);
#19149 = FILL_AREA_STYLE('',(#19150));
#19150 = FILL_AREA_STYLE_COLOUR('',#17128);
#19151 = CURVE_STYLE('',#19152,POSITIVE_LENGTH_MEASURE(0.1),#17128);
#19152 = DRAUGHTING_PRE_DEFINED_CURVE_FONT('continuous');
#19153 = STYLED_ITEM('color',(#19154),#5522);
#19154 = PRESENTATION_STYLE_ASSIGNMENT((#19155,#19160));
#19155 = SURFACE_STYLE_USAGE(.BOTH.,#19156);
#19156 = SURFACE_SIDE_STYLE('',(#19157));
#19157 = SURFACE_STYLE_FILL_AREA(#19158);
#19158 = FILL_AREA_STYLE('',(#19159));
#19159 = FILL_AREA_STYLE_COLOUR('',#17128);
#19160 = CURVE_STYLE('',#19161,POSITIVE_LENGTH_MEASURE(0.1),#17128);
#19161 = DRAUGHTING_PRE_DEFINED_CURVE_FONT('continuous');
#19162 = STYLED_ITEM('color',(#19163),#5606);
#19163 = PRESENTATION_STYLE_ASSIGNMENT((#19164,#19169));
#19164 = SURFACE_STYLE_USAGE(.BOTH.,#19165);
#19165 = SURFACE_SIDE_STYLE('',(#19166));
#19166 = SURFACE_STYLE_FILL_AREA(#19167);
#19167 = FILL_AREA_STYLE('',(#19168));
#19168 = FILL_AREA_STYLE_COLOUR('',#17314);
#19169 = CURVE_STYLE('',#19170,POSITIVE_LENGTH_MEASURE(0.1),#17314);
#19170 = DRAUGHTING_PRE_DEFINED_CURVE_FONT('continuous');
#19171 = STYLED_ITEM('color',(#19172),#5623);
#19172 = PRESENTATION_STYLE_ASSIGNMENT((#19173,#19178));
#19173 = SURFACE_STYLE_USAGE(.BOTH.,#19174);
#19174 = SURFACE_SIDE_STYLE('',(#19175));
#19175 = SURFACE_STYLE_FILL_AREA(#19176);
#19176 = FILL_AREA_STYLE('',(#19177));
#19177 = FILL_AREA_STYLE_COLOUR('',#17128);
#19178 = CURVE_STYLE('',#19179,POSITIVE_LENGTH_MEASURE(0.1),#17128);
#19179 = DRAUGHTING_PRE_DEFINED_CURVE_FONT('continuous');
#19180 = STYLED_ITEM('color',(#19181),#5708);
#19181 = PRESENTATION_STYLE_ASSIGNMENT((#19182,#19187));
#19182 = SURFACE_STYLE_USAGE(.BOTH.,#19183);
#19183 = SURFACE_SIDE_STYLE('',(#19184));
#19184 = SURFACE_STYLE_FILL_AREA(#19185);
#19185 = FILL_AREA_STYLE('',(#19186));
#19186 = FILL_AREA_STYLE_COLOUR('',#17128);
#19187 = CURVE_STYLE('',#19188,POSITIVE_LENGTH_MEASURE(0.1),#17128);
#19188 = DRAUGHTING_PRE_DEFINED_CURVE_FONT('continuous');
#19189 = STYLED_ITEM('color',(#19190),#5733);
#19190 = PRESENTATION_STYLE_ASSIGNMENT((#19191,#19196));
#19191 = SURFACE_STYLE_USAGE(.BOTH.,#19192);
#19192 = SURFACE_SIDE_STYLE('',(#19193));
#19193 = SURFACE_STYLE_FILL_AREA(#19194);
#19194 = FILL_AREA_STYLE('',(#19195));
#19195 = FILL_AREA_STYLE_COLOUR('',#17128);
#19196 = CURVE_STYLE('',#19197,POSITIVE_LENGTH_MEASURE(0.1),#17128);
#19197 = DRAUGHTING_PRE_DEFINED_CURVE_FONT('continuous');
#19198 = STYLED_ITEM('color',(#19199),#5810);
#19199 = PRESENTATION_STYLE_ASSIGNMENT((#19200,#19205));
#19200 = SURFACE_STYLE_USAGE(.BOTH.,#19201);
#19201 = SURFACE_SIDE_STYLE('',(#19202));
#19202 = SURFACE_STYLE_FILL_AREA(#19203);
#19203 = FILL_AREA_STYLE('',(#19204));
#19204 = FILL_AREA_STYLE_COLOUR('',#17128);
#19205 = CURVE_STYLE('',#19206,POSITIVE_LENGTH_MEASURE(0.1),#17128);
#19206 = DRAUGHTING_PRE_DEFINED_CURVE_FONT('continuous');
#19207 = STYLED_ITEM('color',(#19208),#5895);
#19208 = PRESENTATION_STYLE_ASSIGNMENT((#19209,#19214));
#19209 = SURFACE_STYLE_USAGE(.BOTH.,#19210);
#19210 = SURFACE_SIDE_STYLE('',(#19211));
#19211 = SURFACE_STYLE_FILL_AREA(#19212);
#19212 = FILL_AREA_STYLE('',(#19213));
#19213 = FILL_AREA_STYLE_COLOUR('',#17128);
#19214 = CURVE_STYLE('',#19215,POSITIVE_LENGTH_MEASURE(0.1),#17128);
#19215 = DRAUGHTING_PRE_DEFINED_CURVE_FONT('continuous');
#19216 = STYLED_ITEM('color',(#19217),#5920);
#19217 = PRESENTATION_STYLE_ASSIGNMENT((#19218,#19223));
#19218 = SURFACE_STYLE_USAGE(.BOTH.,#19219);
#19219 = SURFACE_SIDE_STYLE('',(#19220));
#19220 = SURFACE_STYLE_FILL_AREA(#19221);
#19221 = FILL_AREA_STYLE('',(#19222));
#19222 = FILL_AREA_STYLE_COLOUR('',#17128);
#19223 = CURVE_STYLE('',#19224,POSITIVE_LENGTH_MEASURE(0.1),#17128);
#19224 = DRAUGHTING_PRE_DEFINED_CURVE_FONT('continuous');
#19225 = STYLED_ITEM('color',(#19226),#5997);
#19226 = PRESENTATION_STYLE_ASSIGNMENT((#19227,#19232));
#19227 = SURFACE_STYLE_USAGE(.BOTH.,#19228);
#19228 = SURFACE_SIDE_STYLE('',(#19229));
#19229 = SURFACE_STYLE_FILL_AREA(#19230);
#19230 = FILL_AREA_STYLE('',(#19231));
#19231 = FILL_AREA_STYLE_COLOUR('',#17314);
#19232 = CURVE_STYLE('',#19233,POSITIVE_LENGTH_MEASURE(0.1),#17314);
#19233 = DRAUGHTING_PRE_DEFINED_CURVE_FONT('continuous');
#19234 = STYLED_ITEM('color',(#19235),#6014);
#19235 = PRESENTATION_STYLE_ASSIGNMENT((#19236,#19241));
#19236 = SURFACE_STYLE_USAGE(.BOTH.,#19237);
#19237 = SURFACE_SIDE_STYLE('',(#19238));
#19238 = SURFACE_STYLE_FILL_AREA(#19239);
#19239 = FILL_AREA_STYLE('',(#19240));
#19240 = FILL_AREA_STYLE_COLOUR('',#17128);
#19241 = CURVE_STYLE('',#19242,POSITIVE_LENGTH_MEASURE(0.1),#17128);
#19242 = DRAUGHTING_PRE_DEFINED_CURVE_FONT('continuous');
#19243 = STYLED_ITEM('color',(#19244),#6106);
#19244 = PRESENTATION_STYLE_ASSIGNMENT((#19245,#19250));
#19245 = SURFACE_STYLE_USAGE(.BOTH.,#19246);
#19246 = SURFACE_SIDE_STYLE('',(#19247));
#19247 = SURFACE_STYLE_FILL_AREA(#19248);
#19248 = FILL_AREA_STYLE('',(#19249));
#19249 = FILL_AREA_STYLE_COLOUR('',#17128);
#19250 = CURVE_STYLE('',#19251,POSITIVE_LENGTH_MEASURE(0.1),#17128);
#19251 = DRAUGHTING_PRE_DEFINED_CURVE_FONT('continuous');
#19252 = STYLED_ITEM('color',(#19253),#6131);
#19253 = PRESENTATION_STYLE_ASSIGNMENT((#19254,#19259));
#19254 = SURFACE_STYLE_USAGE(.BOTH.,#19255);
#19255 = SURFACE_SIDE_STYLE('',(#19256));
#19256 = SURFACE_STYLE_FILL_AREA(#19257);
#19257 = FILL_AREA_STYLE('',(#19258));
#19258 = FILL_AREA_STYLE_COLOUR('',#17128);
#19259 = CURVE_STYLE('',#19260,POSITIVE_LENGTH_MEASURE(0.1),#17128);
#19260 = DRAUGHTING_PRE_DEFINED_CURVE_FONT('continuous');
#19261 = STYLED_ITEM('color',(#19262),#6215);
#19262 = PRESENTATION_STYLE_ASSIGNMENT((#19263,#19268));
#19263 = SURFACE_STYLE_USAGE(.BOTH.,#19264);
#19264 = SURFACE_SIDE_STYLE('',(#19265));
#19265 = SURFACE_STYLE_FILL_AREA(#19266);
#19266 = FILL_AREA_STYLE('',(#19267));
#19267 = FILL_AREA_STYLE_COLOUR('',#17314);
#19268 = CURVE_STYLE('',#19269,POSITIVE_LENGTH_MEASURE(0.1),#17314);
#19269 = DRAUGHTING_PRE_DEFINED_CURVE_FONT('continuous');
#19270 = STYLED_ITEM('color',(#19271),#6237);
#19271 = PRESENTATION_STYLE_ASSIGNMENT((#19272,#19277));
#19272 = SURFACE_STYLE_USAGE(.BOTH.,#19273);
#19273 = SURFACE_SIDE_STYLE('',(#19274));
#19274 = SURFACE_STYLE_FILL_AREA(#19275);
#19275 = FILL_AREA_STYLE('',(#19276));
#19276 = FILL_AREA_STYLE_COLOUR('',#17128);
#19277 = CURVE_STYLE('',#19278,POSITIVE_LENGTH_MEASURE(0.1),#17128);
#19278 = DRAUGHTING_PRE_DEFINED_CURVE_FONT('continuous');
#19279 = STYLED_ITEM('color',(#19280),#6329);
#19280 = PRESENTATION_STYLE_ASSIGNMENT((#19281,#19286));
#19281 = SURFACE_STYLE_USAGE(.BOTH.,#19282);
#19282 = SURFACE_SIDE_STYLE('',(#19283));
#19283 = SURFACE_STYLE_FILL_AREA(#19284);
#19284 = FILL_AREA_STYLE('',(#19285));
#19285 = FILL_AREA_STYLE_COLOUR('',#17128);
#19286 = CURVE_STYLE('',#19287,POSITIVE_LENGTH_MEASURE(0.1),#17128);
#19287 = DRAUGHTING_PRE_DEFINED_CURVE_FONT('continuous');
#19288 = STYLED_ITEM('color',(#19289),#6354);
#19289 = PRESENTATION_STYLE_ASSIGNMENT((#19290,#19295));
#19290 = SURFACE_STYLE_USAGE(.BOTH.,#19291);
#19291 = SURFACE_SIDE_STYLE('',(#19292));
#19292 = SURFACE_STYLE_FILL_AREA(#19293);
#19293 = FILL_AREA_STYLE('',(#19294));
#19294 = FILL_AREA_STYLE_COLOUR('',#17128);
#19295 = CURVE_STYLE('',#19296,POSITIVE_LENGTH_MEASURE(0.1),#17128);
#19296 = DRAUGHTING_PRE_DEFINED_CURVE_FONT('continuous');
#19297 = STYLED_ITEM('color',(#19298),#6438);
#19298 = PRESENTATION_STYLE_ASSIGNMENT((#19299,#19304));
#19299 = SURFACE_STYLE_USAGE(.BOTH.,#19300);
#19300 = SURFACE_SIDE_STYLE('',(#19301));
#19301 = SURFACE_STYLE_FILL_AREA(#19302);
#19302 = FILL_AREA_STYLE('',(#19303));
#19303 = FILL_AREA_STYLE_COLOUR('',#17314);
#19304 = CURVE_STYLE('',#19305,POSITIVE_LENGTH_MEASURE(0.1),#17314);
#19305 = DRAUGHTING_PRE_DEFINED_CURVE_FONT('continuous');
#19306 = STYLED_ITEM('color',(#19307),#6460);
#19307 = PRESENTATION_STYLE_ASSIGNMENT((#19308,#19313));
#19308 = SURFACE_STYLE_USAGE(.BOTH.,#19309);
#19309 = SURFACE_SIDE_STYLE('',(#19310));
#19310 = SURFACE_STYLE_FILL_AREA(#19311);
#19311 = FILL_AREA_STYLE('',(#19312));
#19312 = FILL_AREA_STYLE_COLOUR('',#17128);
#19313 = CURVE_STYLE('',#19314,POSITIVE_LENGTH_MEASURE(0.1),#17128);
#19314 = DRAUGHTING_PRE_DEFINED_CURVE_FONT('continuous');
#19315 = STYLED_ITEM('color',(#19316),#6552);
#19316 = PRESENTATION_STYLE_ASSIGNMENT((#19317,#19322));
#19317 = SURFACE_STYLE_USAGE(.BOTH.,#19318);
#19318 = SURFACE_SIDE_STYLE('',(#19319));
#19319 = SURFACE_STYLE_FILL_AREA(#19320);
#19320 = FILL_AREA_STYLE('',(#19321));
#19321 = FILL_AREA_STYLE_COLOUR('',#17128);
#19322 = CURVE_STYLE('',#19323,POSITIVE_LENGTH_MEASURE(0.1),#17128);
#19323 = DRAUGHTING_PRE_DEFINED_CURVE_FONT('continuous');
#19324 = STYLED_ITEM('color',(#19325),#6577);
#19325 = PRESENTATION_STYLE_ASSIGNMENT((#19326,#19331));
#19326 = SURFACE_STYLE_USAGE(.BOTH.,#19327);
#19327 = SURFACE_SIDE_STYLE('',(#19328));
#19328 = SURFACE_STYLE_FILL_AREA(#19329);
#19329 = FILL_AREA_STYLE('',(#19330));
#19330 = FILL_AREA_STYLE_COLOUR('',#17128);
#19331 = CURVE_STYLE('',#19332,POSITIVE_LENGTH_MEASURE(0.1),#17128);
#19332 = DRAUGHTING_PRE_DEFINED_CURVE_FONT('continuous');
#19333 = STYLED_ITEM('color',(#19334),#6661);
#19334 = PRESENTATION_STYLE_ASSIGNMENT((#19335,#19340));
#19335 = SURFACE_STYLE_USAGE(.BOTH.,#19336);
#19336 = SURFACE_SIDE_STYLE('',(#19337));
#19337 = SURFACE_STYLE_FILL_AREA(#19338);
#19338 = FILL_AREA_STYLE('',(#19339));
#19339 = FILL_AREA_STYLE_COLOUR('',#17314);
#19340 = CURVE_STYLE('',#19341,POSITIVE_LENGTH_MEASURE(0.1),#17314);
#19341 = DRAUGHTING_PRE_DEFINED_CURVE_FONT('continuous');
#19342 = STYLED_ITEM('color',(#19343),#6683);
#19343 = PRESENTATION_STYLE_ASSIGNMENT((#19344,#19349));
#19344 = SURFACE_STYLE_USAGE(.BOTH.,#19345);
#19345 = SURFACE_SIDE_STYLE('',(#19346));
#19346 = SURFACE_STYLE_FILL_AREA(#19347);
#19347 = FILL_AREA_STYLE('',(#19348));
#19348 = FILL_AREA_STYLE_COLOUR('',#17128);
#19349 = CURVE_STYLE('',#19350,POSITIVE_LENGTH_MEASURE(0.1),#17128);
#19350 = DRAUGHTING_PRE_DEFINED_CURVE_FONT('continuous');
#19351 = STYLED_ITEM('color',(#19352),#6775);
#19352 = PRESENTATION_STYLE_ASSIGNMENT((#19353,#19358));
#19353 = SURFACE_STYLE_USAGE(.BOTH.,#19354);
#19354 = SURFACE_SIDE_STYLE('',(#19355));
#19355 = SURFACE_STYLE_FILL_AREA(#19356);
#19356 = FILL_AREA_STYLE('',(#19357));
#19357 = FILL_AREA_STYLE_COLOUR('',#17128);
#19358 = CURVE_STYLE('',#19359,POSITIVE_LENGTH_MEASURE(0.1),#17128);
#19359 = DRAUGHTING_PRE_DEFINED_CURVE_FONT('continuous');
#19360 = STYLED_ITEM('color',(#19361),#6800);
#19361 = PRESENTATION_STYLE_ASSIGNMENT((#19362,#19367));
#19362 = SURFACE_STYLE_USAGE(.BOTH.,#19363);
#19363 = SURFACE_SIDE_STYLE('',(#19364));
#19364 = SURFACE_STYLE_FILL_AREA(#19365);
#19365 = FILL_AREA_STYLE('',(#19366));
#19366 = FILL_AREA_STYLE_COLOUR('',#17128);
#19367 = CURVE_STYLE('',#19368,POSITIVE_LENGTH_MEASURE(0.1),#17128);
#19368 = DRAUGHTING_PRE_DEFINED_CURVE_FONT('continuous');
#19369 = STYLED_ITEM('color',(#19370),#6884);
#19370 = PRESENTATION_STYLE_ASSIGNMENT((#19371,#19376));
#19371 = SURFACE_STYLE_USAGE(.BOTH.,#19372);
#19372 = SURFACE_SIDE_STYLE('',(#19373));
#19373 = SURFACE_STYLE_FILL_AREA(#19374);
#19374 = FILL_AREA_STYLE('',(#19375));
#19375 = FILL_AREA_STYLE_COLOUR('',#17314);
#19376 = CURVE_STYLE('',#19377,POSITIVE_LENGTH_MEASURE(0.1),#17314);
#19377 = DRAUGHTING_PRE_DEFINED_CURVE_FONT('continuous');
#19378 = STYLED_ITEM('color',(#19379),#6906);
#19379 = PRESENTATION_STYLE_ASSIGNMENT((#19380,#19385));
#19380 = SURFACE_STYLE_USAGE(.BOTH.,#19381);
#19381 = SURFACE_SIDE_STYLE('',(#19382));
#19382 = SURFACE_STYLE_FILL_AREA(#19383);
#19383 = FILL_AREA_STYLE('',(#19384));
#19384 = FILL_AREA_STYLE_COLOUR('',#17128);
#19385 = CURVE_STYLE('',#19386,POSITIVE_LENGTH_MEASURE(0.1),#17128);
#19386 = DRAUGHTING_PRE_DEFINED_CURVE_FONT('continuous');
#19387 = STYLED_ITEM('color',(#19388),#6998);
#19388 = PRESENTATION_STYLE_ASSIGNMENT((#19389,#19394));
#19389 = SURFACE_STYLE_USAGE(.BOTH.,#19390);
#19390 = SURFACE_SIDE_STYLE('',(#19391));
#19391 = SURFACE_STYLE_FILL_AREA(#19392);
#19392 = FILL_AREA_STYLE('',(#19393));
#19393 = FILL_AREA_STYLE_COLOUR('',#17128);
#19394 = CURVE_STYLE('',#19395,POSITIVE_LENGTH_MEASURE(0.1),#17128);
#19395 = DRAUGHTING_PRE_DEFINED_CURVE_FONT('continuous');
#19396 = STYLED_ITEM('color',(#19397),#7023);
#19397 = PRESENTATION_STYLE_ASSIGNMENT((#19398,#19403));
#19398 = SURFACE_STYLE_USAGE(.BOTH.,#19399);
#19399 = SURFACE_SIDE_STYLE('',(#19400));
#19400 = SURFACE_STYLE_FILL_AREA(#19401);
#19401 = FILL_AREA_STYLE('',(#19402));
#19402 = FILL_AREA_STYLE_COLOUR('',#17128);
#19403 = CURVE_STYLE('',#19404,POSITIVE_LENGTH_MEASURE(0.1),#17128);
#19404 = DRAUGHTING_PRE_DEFINED_CURVE_FONT('continuous');
#19405 = STYLED_ITEM('color',(#19406),#7107);
#19406 = PRESENTATION_STYLE_ASSIGNMENT((#19407,#19412));
#19407 = SURFACE_STYLE_USAGE(.BOTH.,#19408);
#19408 = SURFACE_SIDE_STYLE('',(#19409));
#19409 = SURFACE_STYLE_FILL_AREA(#19410);
#19410 = FILL_AREA_STYLE('',(#19411));
#19411 = FILL_AREA_STYLE_COLOUR('',#17314);
#19412 = CURVE_STYLE('',#19413,POSITIVE_LENGTH_MEASURE(0.1),#17314);
#19413 = DRAUGHTING_PRE_DEFINED_CURVE_FONT('continuous');
#19414 = STYLED_ITEM('color',(#19415),#7129);
#19415 = PRESENTATION_STYLE_ASSIGNMENT((#19416,#19421));
#19416 = SURFACE_STYLE_USAGE(.BOTH.,#19417);
#19417 = SURFACE_SIDE_STYLE('',(#19418));
#19418 = SURFACE_STYLE_FILL_AREA(#19419);
#19419 = FILL_AREA_STYLE('',(#19420));
#19420 = FILL_AREA_STYLE_COLOUR('',#17128);
#19421 = CURVE_STYLE('',#19422,POSITIVE_LENGTH_MEASURE(0.1),#17128);
#19422 = DRAUGHTING_PRE_DEFINED_CURVE_FONT('continuous');
#19423 = STYLED_ITEM('color',(#19424),#7221);
#19424 = PRESENTATION_STYLE_ASSIGNMENT((#19425,#19430));
#19425 = SURFACE_STYLE_USAGE(.BOTH.,#19426);
#19426 = SURFACE_SIDE_STYLE('',(#19427));
#19427 = SURFACE_STYLE_FILL_AREA(#19428);
#19428 = FILL_AREA_STYLE('',(#19429));
#19429 = FILL_AREA_STYLE_COLOUR('',#17128);
#19430 = CURVE_STYLE('',#19431,POSITIVE_LENGTH_MEASURE(0.1),#17128);
#19431 = DRAUGHTING_PRE_DEFINED_CURVE_FONT('continuous');
#19432 = STYLED_ITEM('color',(#19433),#7246);
#19433 = PRESENTATION_STYLE_ASSIGNMENT((#19434,#19439));
#19434 = SURFACE_STYLE_USAGE(.BOTH.,#19435);
#19435 = SURFACE_SIDE_STYLE('',(#19436));
#19436 = SURFACE_STYLE_FILL_AREA(#19437);
#19437 = FILL_AREA_STYLE('',(#19438));
#19438 = FILL_AREA_STYLE_COLOUR('',#17128);
#19439 = CURVE_STYLE('',#19440,POSITIVE_LENGTH_MEASURE(0.1),#17128);
#19440 = DRAUGHTING_PRE_DEFINED_CURVE_FONT('continuous');
#19441 = STYLED_ITEM('color',(#19442),#7330);
#19442 = PRESENTATION_STYLE_ASSIGNMENT((#19443,#19448));
#19443 = SURFACE_STYLE_USAGE(.BOTH.,#19444);
#19444 = SURFACE_SIDE_STYLE('',(#19445));
#19445 = SURFACE_STYLE_FILL_AREA(#19446);
#19446 = FILL_AREA_STYLE('',(#19447));
#19447 = FILL_AREA_STYLE_COLOUR('',#17314);
#19448 = CURVE_STYLE('',#19449,POSITIVE_LENGTH_MEASURE(0.1),#17314);
#19449 = DRAUGHTING_PRE_DEFINED_CURVE_FONT('continuous');
#19450 = STYLED_ITEM('color',(#19451),#7352);
#19451 = PRESENTATION_STYLE_ASSIGNMENT((#19452,#19457));
#19452 = SURFACE_STYLE_USAGE(.BOTH.,#19453);
#19453 = SURFACE_SIDE_STYLE('',(#19454));
#19454 = SURFACE_STYLE_FILL_AREA(#19455);
#19455 = FILL_AREA_STYLE('',(#19456));
#19456 = FILL_AREA_STYLE_COLOUR('',#17128);
#19457 = CURVE_STYLE('',#19458,POSITIVE_LENGTH_MEASURE(0.1),#17128);
#19458 = DRAUGHTING_PRE_DEFINED_CURVE_FONT('continuous');
#19459 = STYLED_ITEM('color',(#19460),#7444);
#19460 = PRESENTATION_STYLE_ASSIGNMENT((#19461,#19466));
#19461 = SURFACE_STYLE_USAGE(.BOTH.,#19462);
#19462 = SURFACE_SIDE_STYLE('',(#19463));
#19463 = SURFACE_STYLE_FILL_AREA(#19464);
#19464 = FILL_AREA_STYLE('',(#19465));
#19465 = FILL_AREA_STYLE_COLOUR('',#17128);
#19466 = CURVE_STYLE('',#19467,POSITIVE_LENGTH_MEASURE(0.1),#17128);
#19467 = DRAUGHTING_PRE_DEFINED_CURVE_FONT('continuous');
#19468 = STYLED_ITEM('color',(#19469),#7469);
#19469 = PRESENTATION_STYLE_ASSIGNMENT((#19470,#19475));
#19470 = SURFACE_STYLE_USAGE(.BOTH.,#19471);
#19471 = SURFACE_SIDE_STYLE('',(#19472));
#19472 = SURFACE_STYLE_FILL_AREA(#19473);
#19473 = FILL_AREA_STYLE('',(#19474));
#19474 = FILL_AREA_STYLE_COLOUR('',#17128);
#19475 = CURVE_STYLE('',#19476,POSITIVE_LENGTH_MEASURE(0.1),#17128);
#19476 = DRAUGHTING_PRE_DEFINED_CURVE_FONT('continuous');
#19477 = STYLED_ITEM('color',(#19478),#7553);
#19478 = PRESENTATION_STYLE_ASSIGNMENT((#19479,#19484));
#19479 = SURFACE_STYLE_USAGE(.BOTH.,#19480);
#19480 = SURFACE_SIDE_STYLE('',(#19481));
#19481 = SURFACE_STYLE_FILL_AREA(#19482);
#19482 = FILL_AREA_STYLE('',(#19483));
#19483 = FILL_AREA_STYLE_COLOUR('',#17128);
#19484 = CURVE_STYLE('',#19485,POSITIVE_LENGTH_MEASURE(0.1),#17128);
#19485 = DRAUGHTING_PRE_DEFINED_CURVE_FONT('continuous');
#19486 = STYLED_ITEM('color',(#19487),#7570);
#19487 = PRESENTATION_STYLE_ASSIGNMENT((#19488,#19493));
#19488 = SURFACE_STYLE_USAGE(.BOTH.,#19489);
#19489 = SURFACE_SIDE_STYLE('',(#19490));
#19490 = SURFACE_STYLE_FILL_AREA(#19491);
#19491 = FILL_AREA_STYLE('',(#19492));
#19492 = FILL_AREA_STYLE_COLOUR('',#17128);
#19493 = CURVE_STYLE('',#19494,POSITIVE_LENGTH_MEASURE(0.1),#17128);
#19494 = DRAUGHTING_PRE_DEFINED_CURVE_FONT('continuous');
#19495 = STYLED_ITEM('color',(#19496),#7589);
#19496 = PRESENTATION_STYLE_ASSIGNMENT((#19497,#19502));
#19497 = SURFACE_STYLE_USAGE(.BOTH.,#19498);
#19498 = SURFACE_SIDE_STYLE('',(#19499));
#19499 = SURFACE_STYLE_FILL_AREA(#19500);
#19500 = FILL_AREA_STYLE('',(#19501));
#19501 = FILL_AREA_STYLE_COLOUR('',#17128);
#19502 = CURVE_STYLE('',#19503,POSITIVE_LENGTH_MEASURE(0.1),#17128);
#19503 = DRAUGHTING_PRE_DEFINED_CURVE_FONT('continuous');
#19504 = STYLED_ITEM('color',(#19505),#7608);
#19505 = PRESENTATION_STYLE_ASSIGNMENT((#19506,#19511));
#19506 = SURFACE_STYLE_USAGE(.BOTH.,#19507);
#19507 = SURFACE_SIDE_STYLE('',(#19508));
#19508 = SURFACE_STYLE_FILL_AREA(#19509);
#19509 = FILL_AREA_STYLE('',(#19510));
#19510 = FILL_AREA_STYLE_COLOUR('',#17128);
#19511 = CURVE_STYLE('',#19512,POSITIVE_LENGTH_MEASURE(0.1),#17128);
#19512 = DRAUGHTING_PRE_DEFINED_CURVE_FONT('continuous');
#19513 = STYLED_ITEM('color',(#19514),#7627);
#19514 = PRESENTATION_STYLE_ASSIGNMENT((#19515,#19520));
#19515 = SURFACE_STYLE_USAGE(.BOTH.,#19516);
#19516 = SURFACE_SIDE_STYLE('',(#19517));
#19517 = SURFACE_STYLE_FILL_AREA(#19518);
#19518 = FILL_AREA_STYLE('',(#19519));
#19519 = FILL_AREA_STYLE_COLOUR('',#17128);
#19520 = CURVE_STYLE('',#19521,POSITIVE_LENGTH_MEASURE(0.1),#17128);
#19521 = DRAUGHTING_PRE_DEFINED_CURVE_FONT('continuous');
#19522 = STYLED_ITEM('color',(#19523),#7646);
#19523 = PRESENTATION_STYLE_ASSIGNMENT((#19524,#19529));
#19524 = SURFACE_STYLE_USAGE(.BOTH.,#19525);
#19525 = SURFACE_SIDE_STYLE('',(#19526));
#19526 = SURFACE_STYLE_FILL_AREA(#19527);
#19527 = FILL_AREA_STYLE('',(#19528));
#19528 = FILL_AREA_STYLE_COLOUR('',#17128);
#19529 = CURVE_STYLE('',#19530,POSITIVE_LENGTH_MEASURE(0.1),#17128);
#19530 = DRAUGHTING_PRE_DEFINED_CURVE_FONT('continuous');
#19531 = STYLED_ITEM('color',(#19532),#7665);
#19532 = PRESENTATION_STYLE_ASSIGNMENT((#19533,#19538));
#19533 = SURFACE_STYLE_USAGE(.BOTH.,#19534);
#19534 = SURFACE_SIDE_STYLE('',(#19535));
#19535 = SURFACE_STYLE_FILL_AREA(#19536);
#19536 = FILL_AREA_STYLE('',(#19537));
#19537 = FILL_AREA_STYLE_COLOUR('',#17128);
#19538 = CURVE_STYLE('',#19539,POSITIVE_LENGTH_MEASURE(0.1),#17128);
#19539 = DRAUGHTING_PRE_DEFINED_CURVE_FONT('continuous');
#19540 = STYLED_ITEM('color',(#19541),#7684);
#19541 = PRESENTATION_STYLE_ASSIGNMENT((#19542,#19547));
#19542 = SURFACE_STYLE_USAGE(.BOTH.,#19543);
#19543 = SURFACE_SIDE_STYLE('',(#19544));
#19544 = SURFACE_STYLE_FILL_AREA(#19545);
#19545 = FILL_AREA_STYLE('',(#19546));
#19546 = FILL_AREA_STYLE_COLOUR('',#17128);
#19547 = CURVE_STYLE('',#19548,POSITIVE_LENGTH_MEASURE(0.1),#17128);
#19548 = DRAUGHTING_PRE_DEFINED_CURVE_FONT('continuous');
#19549 = STYLED_ITEM('color',(#19550),#7703);
#19550 = PRESENTATION_STYLE_ASSIGNMENT((#19551,#19556));
#19551 = SURFACE_STYLE_USAGE(.BOTH.,#19552);
#19552 = SURFACE_SIDE_STYLE('',(#19553));
#19553 = SURFACE_STYLE_FILL_AREA(#19554);
#19554 = FILL_AREA_STYLE('',(#19555));
#19555 = FILL_AREA_STYLE_COLOUR('',#17314);
#19556 = CURVE_STYLE('',#19557,POSITIVE_LENGTH_MEASURE(0.1),#17314);
#19557 = DRAUGHTING_PRE_DEFINED_CURVE_FONT('continuous');
#19558 = STYLED_ITEM('color',(#19559),#7749);
#19559 = PRESENTATION_STYLE_ASSIGNMENT((#19560,#19565));
#19560 = SURFACE_STYLE_USAGE(.BOTH.,#19561);
#19561 = SURFACE_SIDE_STYLE('',(#19562));
#19562 = SURFACE_STYLE_FILL_AREA(#19563);
#19563 = FILL_AREA_STYLE('',(#19564));
#19564 = FILL_AREA_STYLE_COLOUR('',#17314);
#19565 = CURVE_STYLE('',#19566,POSITIVE_LENGTH_MEASURE(0.1),#17314);
#19566 = DRAUGHTING_PRE_DEFINED_CURVE_FONT('continuous');
#19567 = STYLED_ITEM('color',(#19568),#7765);
#19568 = PRESENTATION_STYLE_ASSIGNMENT((#19569,#19574));
#19569 = SURFACE_STYLE_USAGE(.BOTH.,#19570);
#19570 = SURFACE_SIDE_STYLE('',(#19571));
#19571 = SURFACE_STYLE_FILL_AREA(#19572);
#19572 = FILL_AREA_STYLE('',(#19573));
#19573 = FILL_AREA_STYLE_COLOUR('',#17128);
#19574 = CURVE_STYLE('',#19575,POSITIVE_LENGTH_MEASURE(0.1),#17128);
#19575 = DRAUGHTING_PRE_DEFINED_CURVE_FONT('continuous');
#19576 = STYLED_ITEM('color',(#19577),#7784);
#19577 = PRESENTATION_STYLE_ASSIGNMENT((#19578,#19583));
#19578 = SURFACE_STYLE_USAGE(.BOTH.,#19579);
#19579 = SURFACE_SIDE_STYLE('',(#19580));
#19580 = SURFACE_STYLE_FILL_AREA(#19581);
#19581 = FILL_AREA_STYLE('',(#19582));
#19582 = FILL_AREA_STYLE_COLOUR('',#17128);
#19583 = CURVE_STYLE('',#19584,POSITIVE_LENGTH_MEASURE(0.1),#17128);
#19584 = DRAUGHTING_PRE_DEFINED_CURVE_FONT('continuous');
#19585 = STYLED_ITEM('color',(#19586),#7803);
#19586 = PRESENTATION_STYLE_ASSIGNMENT((#19587,#19592));
#19587 = SURFACE_STYLE_USAGE(.BOTH.,#19588);
#19588 = SURFACE_SIDE_STYLE('',(#19589));
#19589 = SURFACE_STYLE_FILL_AREA(#19590);
#19590 = FILL_AREA_STYLE('',(#19591));
#19591 = FILL_AREA_STYLE_COLOUR('',#17128);
#19592 = CURVE_STYLE('',#19593,POSITIVE_LENGTH_MEASURE(0.1),#17128);
#19593 = DRAUGHTING_PRE_DEFINED_CURVE_FONT('continuous');
#19594 = STYLED_ITEM('color',(#19595),#7822);
#19595 = PRESENTATION_STYLE_ASSIGNMENT((#19596,#19601));
#19596 = SURFACE_STYLE_USAGE(.BOTH.,#19597);
#19597 = SURFACE_SIDE_STYLE('',(#19598));
#19598 = SURFACE_STYLE_FILL_AREA(#19599);
#19599 = FILL_AREA_STYLE('',(#19600));
#19600 = FILL_AREA_STYLE_COLOUR('',#17128);
#19601 = CURVE_STYLE('',#19602,POSITIVE_LENGTH_MEASURE(0.1),#17128);
#19602 = DRAUGHTING_PRE_DEFINED_CURVE_FONT('continuous');
#19603 = STYLED_ITEM('color',(#19604),#7841);
#19604 = PRESENTATION_STYLE_ASSIGNMENT((#19605,#19610));
#19605 = SURFACE_STYLE_USAGE(.BOTH.,#19606);
#19606 = SURFACE_SIDE_STYLE('',(#19607));
#19607 = SURFACE_STYLE_FILL_AREA(#19608);
#19608 = FILL_AREA_STYLE('',(#19609));
#19609 = FILL_AREA_STYLE_COLOUR('',#17128);
#19610 = CURVE_STYLE('',#19611,POSITIVE_LENGTH_MEASURE(0.1),#17128);
#19611 = DRAUGHTING_PRE_DEFINED_CURVE_FONT('continuous');
#19612 = STYLED_ITEM('color',(#19613),#7860);
#19613 = PRESENTATION_STYLE_ASSIGNMENT((#19614,#19619));
#19614 = SURFACE_STYLE_USAGE(.BOTH.,#19615);
#19615 = SURFACE_SIDE_STYLE('',(#19616));
#19616 = SURFACE_STYLE_FILL_AREA(#19617);
#19617 = FILL_AREA_STYLE('',(#19618));
#19618 = FILL_AREA_STYLE_COLOUR('',#17128);
#19619 = CURVE_STYLE('',#19620,POSITIVE_LENGTH_MEASURE(0.1),#17128);
#19620 = DRAUGHTING_PRE_DEFINED_CURVE_FONT('continuous');
#19621 = STYLED_ITEM('color',(#19622),#7879);
#19622 = PRESENTATION_STYLE_ASSIGNMENT((#19623,#19628));
#19623 = SURFACE_STYLE_USAGE(.BOTH.,#19624);
#19624 = SURFACE_SIDE_STYLE('',(#19625));
#19625 = SURFACE_STYLE_FILL_AREA(#19626);
#19626 = FILL_AREA_STYLE('',(#19627));
#19627 = FILL_AREA_STYLE_COLOUR('',#17128);
#19628 = CURVE_STYLE('',#19629,POSITIVE_LENGTH_MEASURE(0.1),#17128);
#19629 = DRAUGHTING_PRE_DEFINED_CURVE_FONT('continuous');
#19630 = STYLED_ITEM('color',(#19631),#7898);
#19631 = PRESENTATION_STYLE_ASSIGNMENT((#19632,#19637));
#19632 = SURFACE_STYLE_USAGE(.BOTH.,#19633);
#19633 = SURFACE_SIDE_STYLE('',(#19634));
#19634 = SURFACE_STYLE_FILL_AREA(#19635);
#19635 = FILL_AREA_STYLE('',(#19636));
#19636 = FILL_AREA_STYLE_COLOUR('',#17314);
#19637 = CURVE_STYLE('',#19638,POSITIVE_LENGTH_MEASURE(0.1),#17314);
#19638 = DRAUGHTING_PRE_DEFINED_CURVE_FONT('continuous');
#19639 = STYLED_ITEM('color',(#19640),#7914);
#19640 = PRESENTATION_STYLE_ASSIGNMENT((#19641,#19646));
#19641 = SURFACE_STYLE_USAGE(.BOTH.,#19642);
#19642 = SURFACE_SIDE_STYLE('',(#19643));
#19643 = SURFACE_STYLE_FILL_AREA(#19644);
#19644 = FILL_AREA_STYLE('',(#19645));
#19645 = FILL_AREA_STYLE_COLOUR('',#17128);
#19646 = CURVE_STYLE('',#19647,POSITIVE_LENGTH_MEASURE(0.1),#17128);
#19647 = DRAUGHTING_PRE_DEFINED_CURVE_FONT('continuous');
#19648 = STYLED_ITEM('color',(#19649),#7931);
#19649 = PRESENTATION_STYLE_ASSIGNMENT((#19650,#19655));
#19650 = SURFACE_STYLE_USAGE(.BOTH.,#19651);
#19651 = SURFACE_SIDE_STYLE('',(#19652));
#19652 = SURFACE_STYLE_FILL_AREA(#19653);
#19653 = FILL_AREA_STYLE('',(#19654));
#19654 = FILL_AREA_STYLE_COLOUR('',#17314);
#19655 = CURVE_STYLE('',#19656,POSITIVE_LENGTH_MEASURE(0.1),#17314);
#19656 = DRAUGHTING_PRE_DEFINED_CURVE_FONT('continuous');
#19657 = STYLED_ITEM('color',(#19658),#7943);
#19658 = PRESENTATION_STYLE_ASSIGNMENT((#19659,#19664));
#19659 = SURFACE_STYLE_USAGE(.BOTH.,#19660);
#19660 = SURFACE_SIDE_STYLE('',(#19661));
#19661 = SURFACE_STYLE_FILL_AREA(#19662);
#19662 = FILL_AREA_STYLE('',(#19663));
#19663 = FILL_AREA_STYLE_COLOUR('',#17128);
#19664 = CURVE_STYLE('',#19665,POSITIVE_LENGTH_MEASURE(0.1),#17128);
#19665 = DRAUGHTING_PRE_DEFINED_CURVE_FONT('continuous');
#19666 = STYLED_ITEM('color',(#19667),#7960);
#19667 = PRESENTATION_STYLE_ASSIGNMENT((#19668,#19673));
#19668 = SURFACE_STYLE_USAGE(.BOTH.,#19669);
#19669 = SURFACE_SIDE_STYLE('',(#19670));
#19670 = SURFACE_STYLE_FILL_AREA(#19671);
#19671 = FILL_AREA_STYLE('',(#19672));
#19672 = FILL_AREA_STYLE_COLOUR('',#17128);
#19673 = CURVE_STYLE('',#19674,POSITIVE_LENGTH_MEASURE(0.1),#17128);
#19674 = DRAUGHTING_PRE_DEFINED_CURVE_FONT('continuous');
#19675 = STYLED_ITEM('color',(#19676),#7977);
#19676 = PRESENTATION_STYLE_ASSIGNMENT((#19677,#19682));
#19677 = SURFACE_STYLE_USAGE(.BOTH.,#19678);
#19678 = SURFACE_SIDE_STYLE('',(#19679));
#19679 = SURFACE_STYLE_FILL_AREA(#19680);
#19680 = FILL_AREA_STYLE('',(#19681));
#19681 = FILL_AREA_STYLE_COLOUR('',#17128);
#19682 = CURVE_STYLE('',#19683,POSITIVE_LENGTH_MEASURE(0.1),#17128);
#19683 = DRAUGHTING_PRE_DEFINED_CURVE_FONT('continuous');
#19684 = STYLED_ITEM('color',(#19685),#7994);
#19685 = PRESENTATION_STYLE_ASSIGNMENT((#19686,#19691));
#19686 = SURFACE_STYLE_USAGE(.BOTH.,#19687);
#19687 = SURFACE_SIDE_STYLE('',(#19688));
#19688 = SURFACE_STYLE_FILL_AREA(#19689);
#19689 = FILL_AREA_STYLE('',(#19690));
#19690 = FILL_AREA_STYLE_COLOUR('',#17128);
#19691 = CURVE_STYLE('',#19692,POSITIVE_LENGTH_MEASURE(0.1),#17128);
#19692 = DRAUGHTING_PRE_DEFINED_CURVE_FONT('continuous');
#19693 = STYLED_ITEM('color',(#19694),#8011);
#19694 = PRESENTATION_STYLE_ASSIGNMENT((#19695,#19700));
#19695 = SURFACE_STYLE_USAGE(.BOTH.,#19696);
#19696 = SURFACE_SIDE_STYLE('',(#19697));
#19697 = SURFACE_STYLE_FILL_AREA(#19698);
#19698 = FILL_AREA_STYLE('',(#19699));
#19699 = FILL_AREA_STYLE_COLOUR('',#17128);
#19700 = CURVE_STYLE('',#19701,POSITIVE_LENGTH_MEASURE(0.1),#17128);
#19701 = DRAUGHTING_PRE_DEFINED_CURVE_FONT('continuous');
#19702 = STYLED_ITEM('color',(#19703),#8028);
#19703 = PRESENTATION_STYLE_ASSIGNMENT((#19704,#19709));
#19704 = SURFACE_STYLE_USAGE(.BOTH.,#19705);
#19705 = SURFACE_SIDE_STYLE('',(#19706));
#19706 = SURFACE_STYLE_FILL_AREA(#19707);
#19707 = FILL_AREA_STYLE('',(#19708));
#19708 = FILL_AREA_STYLE_COLOUR('',#17128);
#19709 = CURVE_STYLE('',#19710,POSITIVE_LENGTH_MEASURE(0.1),#17128);
#19710 = DRAUGHTING_PRE_DEFINED_CURVE_FONT('continuous');
#19711 = STYLED_ITEM('color',(#19712),#8045);
#19712 = PRESENTATION_STYLE_ASSIGNMENT((#19713,#19718));
#19713 = SURFACE_STYLE_USAGE(.BOTH.,#19714);
#19714 = SURFACE_SIDE_STYLE('',(#19715));
#19715 = SURFACE_STYLE_FILL_AREA(#19716);
#19716 = FILL_AREA_STYLE('',(#19717));
#19717 = FILL_AREA_STYLE_COLOUR('',#17128);
#19718 = CURVE_STYLE('',#19719,POSITIVE_LENGTH_MEASURE(0.1),#17128);
#19719 = DRAUGHTING_PRE_DEFINED_CURVE_FONT('continuous');
#19720 = STYLED_ITEM('color',(#19721),#8062);
#19721 = PRESENTATION_STYLE_ASSIGNMENT((#19722,#19727));
#19722 = SURFACE_STYLE_USAGE(.BOTH.,#19723);
#19723 = SURFACE_SIDE_STYLE('',(#19724));
#19724 = SURFACE_STYLE_FILL_AREA(#19725);
#19725 = FILL_AREA_STYLE('',(#19726));
#19726 = FILL_AREA_STYLE_COLOUR('',#17128);
#19727 = CURVE_STYLE('',#19728,POSITIVE_LENGTH_MEASURE(0.1),#17128);
#19728 = DRAUGHTING_PRE_DEFINED_CURVE_FONT('continuous');
#19729 = STYLED_ITEM('color',(#19730),#8074);
#19730 = PRESENTATION_STYLE_ASSIGNMENT((#19731,#19736));
#19731 = SURFACE_STYLE_USAGE(.BOTH.,#19732);
#19732 = SURFACE_SIDE_STYLE('',(#19733));
#19733 = SURFACE_STYLE_FILL_AREA(#19734);
#19734 = FILL_AREA_STYLE('',(#19735));
#19735 = FILL_AREA_STYLE_COLOUR('',#17128);
#19736 = CURVE_STYLE('',#19737,POSITIVE_LENGTH_MEASURE(0.1),#17128);
#19737 = DRAUGHTING_PRE_DEFINED_CURVE_FONT('continuous');
#19738 = STYLED_ITEM('color',(#19739),#8091);
#19739 = PRESENTATION_STYLE_ASSIGNMENT((#19740,#19745));
#19740 = SURFACE_STYLE_USAGE(.BOTH.,#19741);
#19741 = SURFACE_SIDE_STYLE('',(#19742));
#19742 = SURFACE_STYLE_FILL_AREA(#19743);
#19743 = FILL_AREA_STYLE('',(#19744));
#19744 = FILL_AREA_STYLE_COLOUR('',#17128);
#19745 = CURVE_STYLE('',#19746,POSITIVE_LENGTH_MEASURE(0.1),#17128);
#19746 = DRAUGHTING_PRE_DEFINED_CURVE_FONT('continuous');
#19747 = STYLED_ITEM('color',(#19748),#8108);
#19748 = PRESENTATION_STYLE_ASSIGNMENT((#19749,#19754));
#19749 = SURFACE_STYLE_USAGE(.BOTH.,#19750);
#19750 = SURFACE_SIDE_STYLE('',(#19751));
#19751 = SURFACE_STYLE_FILL_AREA(#19752);
#19752 = FILL_AREA_STYLE('',(#19753));
#19753 = FILL_AREA_STYLE_COLOUR('',#17128);
#19754 = CURVE_STYLE('',#19755,POSITIVE_LENGTH_MEASURE(0.1),#17128);
#19755 = DRAUGHTING_PRE_DEFINED_CURVE_FONT('continuous');
#19756 = STYLED_ITEM('color',(#19757),#8125);
#19757 = PRESENTATION_STYLE_ASSIGNMENT((#19758,#19763));
#19758 = SURFACE_STYLE_USAGE(.BOTH.,#19759);
#19759 = SURFACE_SIDE_STYLE('',(#19760));
#19760 = SURFACE_STYLE_FILL_AREA(#19761);
#19761 = FILL_AREA_STYLE('',(#19762));
#19762 = FILL_AREA_STYLE_COLOUR('',#17128);
#19763 = CURVE_STYLE('',#19764,POSITIVE_LENGTH_MEASURE(0.1),#17128);
#19764 = DRAUGHTING_PRE_DEFINED_CURVE_FONT('continuous');
#19765 = STYLED_ITEM('color',(#19766),#8142);
#19766 = PRESENTATION_STYLE_ASSIGNMENT((#19767,#19772));
#19767 = SURFACE_STYLE_USAGE(.BOTH.,#19768);
#19768 = SURFACE_SIDE_STYLE('',(#19769));
#19769 = SURFACE_STYLE_FILL_AREA(#19770);
#19770 = FILL_AREA_STYLE('',(#19771));
#19771 = FILL_AREA_STYLE_COLOUR('',#17128);
#19772 = CURVE_STYLE('',#19773,POSITIVE_LENGTH_MEASURE(0.1),#17128);
#19773 = DRAUGHTING_PRE_DEFINED_CURVE_FONT('continuous');
#19774 = STYLED_ITEM('color',(#19775),#8159);
#19775 = PRESENTATION_STYLE_ASSIGNMENT((#19776,#19781));
#19776 = SURFACE_STYLE_USAGE(.BOTH.,#19777);
#19777 = SURFACE_SIDE_STYLE('',(#19778));
#19778 = SURFACE_STYLE_FILL_AREA(#19779);
#19779 = FILL_AREA_STYLE('',(#19780));
#19780 = FILL_AREA_STYLE_COLOUR('',#17128);
#19781 = CURVE_STYLE('',#19782,POSITIVE_LENGTH_MEASURE(0.1),#17128);
#19782 = DRAUGHTING_PRE_DEFINED_CURVE_FONT('continuous');
#19783 = STYLED_ITEM('color',(#19784),#8176);
#19784 = PRESENTATION_STYLE_ASSIGNMENT((#19785,#19790));
#19785 = SURFACE_STYLE_USAGE(.BOTH.,#19786);
#19786 = SURFACE_SIDE_STYLE('',(#19787));
#19787 = SURFACE_STYLE_FILL_AREA(#19788);
#19788 = FILL_AREA_STYLE('',(#19789));
#19789 = FILL_AREA_STYLE_COLOUR('',#17128);
#19790 = CURVE_STYLE('',#19791,POSITIVE_LENGTH_MEASURE(0.1),#17128);
#19791 = DRAUGHTING_PRE_DEFINED_CURVE_FONT('continuous');
#19792 = STYLED_ITEM('color',(#19793),#8193);
#19793 = PRESENTATION_STYLE_ASSIGNMENT((#19794,#19799));
#19794 = SURFACE_STYLE_USAGE(.BOTH.,#19795);
#19795 = SURFACE_SIDE_STYLE('',(#19796));
#19796 = SURFACE_STYLE_FILL_AREA(#19797);
#19797 = FILL_AREA_STYLE('',(#19798));
#19798 = FILL_AREA_STYLE_COLOUR('',#17128);
#19799 = CURVE_STYLE('',#19800,POSITIVE_LENGTH_MEASURE(0.1),#17128);
#19800 = DRAUGHTING_PRE_DEFINED_CURVE_FONT('continuous');
#19801 = STYLED_ITEM('color',(#19802),#8205);
#19802 = PRESENTATION_STYLE_ASSIGNMENT((#19803,#19808));
#19803 = SURFACE_STYLE_USAGE(.BOTH.,#19804);
#19804 = SURFACE_SIDE_STYLE('',(#19805));
#19805 = SURFACE_STYLE_FILL_AREA(#19806);
#19806 = FILL_AREA_STYLE('',(#19807));
#19807 = FILL_AREA_STYLE_COLOUR('',#17128);
#19808 = CURVE_STYLE('',#19809,POSITIVE_LENGTH_MEASURE(0.1),#17128);
#19809 = DRAUGHTING_PRE_DEFINED_CURVE_FONT('continuous');
#19810 = STYLED_ITEM('color',(#19811),#8222);
#19811 = PRESENTATION_STYLE_ASSIGNMENT((#19812,#19817));
#19812 = SURFACE_STYLE_USAGE(.BOTH.,#19813);
#19813 = SURFACE_SIDE_STYLE('',(#19814));
#19814 = SURFACE_STYLE_FILL_AREA(#19815);
#19815 = FILL_AREA_STYLE('',(#19816));
#19816 = FILL_AREA_STYLE_COLOUR('',#17128);
#19817 = CURVE_STYLE('',#19818,POSITIVE_LENGTH_MEASURE(0.1),#17128);
#19818 = DRAUGHTING_PRE_DEFINED_CURVE_FONT('continuous');
#19819 = STYLED_ITEM('color',(#19820),#8239);
#19820 = PRESENTATION_STYLE_ASSIGNMENT((#19821,#19826));
#19821 = SURFACE_STYLE_USAGE(.BOTH.,#19822);
#19822 = SURFACE_SIDE_STYLE('',(#19823));
#19823 = SURFACE_STYLE_FILL_AREA(#19824);
#19824 = FILL_AREA_STYLE('',(#19825));
#19825 = FILL_AREA_STYLE_COLOUR('',#17128);
#19826 = CURVE_STYLE('',#19827,POSITIVE_LENGTH_MEASURE(0.1),#17128);
#19827 = DRAUGHTING_PRE_DEFINED_CURVE_FONT('continuous');
#19828 = STYLED_ITEM('color',(#19829),#8256);
#19829 = PRESENTATION_STYLE_ASSIGNMENT((#19830,#19835));
#19830 = SURFACE_STYLE_USAGE(.BOTH.,#19831);
#19831 = SURFACE_SIDE_STYLE('',(#19832));
#19832 = SURFACE_STYLE_FILL_AREA(#19833);
#19833 = FILL_AREA_STYLE('',(#19834));
#19834 = FILL_AREA_STYLE_COLOUR('',#17128);
#19835 = CURVE_STYLE('',#19836,POSITIVE_LENGTH_MEASURE(0.1),#17128);
#19836 = DRAUGHTING_PRE_DEFINED_CURVE_FONT('continuous');
#19837 = STYLED_ITEM('color',(#19838),#8273);
#19838 = PRESENTATION_STYLE_ASSIGNMENT((#19839,#19844));
#19839 = SURFACE_STYLE_USAGE(.BOTH.,#19840);
#19840 = SURFACE_SIDE_STYLE('',(#19841));
#19841 = SURFACE_STYLE_FILL_AREA(#19842);
#19842 = FILL_AREA_STYLE('',(#19843));
#19843 = FILL_AREA_STYLE_COLOUR('',#17128);
#19844 = CURVE_STYLE('',#19845,POSITIVE_LENGTH_MEASURE(0.1),#17128);
#19845 = DRAUGHTING_PRE_DEFINED_CURVE_FONT('continuous');
#19846 = STYLED_ITEM('color',(#19847),#8290);
#19847 = PRESENTATION_STYLE_ASSIGNMENT((#19848,#19853));
#19848 = SURFACE_STYLE_USAGE(.BOTH.,#19849);
#19849 = SURFACE_SIDE_STYLE('',(#19850));
#19850 = SURFACE_STYLE_FILL_AREA(#19851);
#19851 = FILL_AREA_STYLE('',(#19852));
#19852 = FILL_AREA_STYLE_COLOUR('',#17128);
#19853 = CURVE_STYLE('',#19854,POSITIVE_LENGTH_MEASURE(0.1),#17128);
#19854 = DRAUGHTING_PRE_DEFINED_CURVE_FONT('continuous');
#19855 = STYLED_ITEM('color',(#19856),#8307);
#19856 = PRESENTATION_STYLE_ASSIGNMENT((#19857,#19862));
#19857 = SURFACE_STYLE_USAGE(.BOTH.,#19858);
#19858 = SURFACE_SIDE_STYLE('',(#19859));
#19859 = SURFACE_STYLE_FILL_AREA(#19860);
#19860 = FILL_AREA_STYLE('',(#19861));
#19861 = FILL_AREA_STYLE_COLOUR('',#17128);
#19862 = CURVE_STYLE('',#19863,POSITIVE_LENGTH_MEASURE(0.1),#17128);
#19863 = DRAUGHTING_PRE_DEFINED_CURVE_FONT('continuous');
#19864 = STYLED_ITEM('color',(#19865),#8324);
#19865 = PRESENTATION_STYLE_ASSIGNMENT((#19866,#19871));
#19866 = SURFACE_STYLE_USAGE(.BOTH.,#19867);
#19867 = SURFACE_SIDE_STYLE('',(#19868));
#19868 = SURFACE_STYLE_FILL_AREA(#19869);
#19869 = FILL_AREA_STYLE('',(#19870));
#19870 = FILL_AREA_STYLE_COLOUR('',#17128);
#19871 = CURVE_STYLE('',#19872,POSITIVE_LENGTH_MEASURE(0.1),#17128);
#19872 = DRAUGHTING_PRE_DEFINED_CURVE_FONT('continuous');
#19873 = STYLED_ITEM('color',(#19874),#8336);
#19874 = PRESENTATION_STYLE_ASSIGNMENT((#19875,#19880));
#19875 = SURFACE_STYLE_USAGE(.BOTH.,#19876);
#19876 = SURFACE_SIDE_STYLE('',(#19877));
#19877 = SURFACE_STYLE_FILL_AREA(#19878);
#19878 = FILL_AREA_STYLE('',(#19879));
#19879 = FILL_AREA_STYLE_COLOUR('',#17128);
#19880 = CURVE_STYLE('',#19881,POSITIVE_LENGTH_MEASURE(0.1),#17128);
#19881 = DRAUGHTING_PRE_DEFINED_CURVE_FONT('continuous');
#19882 = STYLED_ITEM('color',(#19883),#8353);
#19883 = PRESENTATION_STYLE_ASSIGNMENT((#19884,#19889));
#19884 = SURFACE_STYLE_USAGE(.BOTH.,#19885);
#19885 = SURFACE_SIDE_STYLE('',(#19886));
#19886 = SURFACE_STYLE_FILL_AREA(#19887);
#19887 = FILL_AREA_STYLE('',(#19888));
#19888 = FILL_AREA_STYLE_COLOUR('',#17128);
#19889 = CURVE_STYLE('',#19890,POSITIVE_LENGTH_MEASURE(0.1),#17128);
#19890 = DRAUGHTING_PRE_DEFINED_CURVE_FONT('continuous');
#19891 = STYLED_ITEM('color',(#19892),#8370);
#19892 = PRESENTATION_STYLE_ASSIGNMENT((#19893,#19898));
#19893 = SURFACE_STYLE_USAGE(.BOTH.,#19894);
#19894 = SURFACE_SIDE_STYLE('',(#19895));
#19895 = SURFACE_STYLE_FILL_AREA(#19896);
#19896 = FILL_AREA_STYLE('',(#19897));
#19897 = FILL_AREA_STYLE_COLOUR('',#17128);
#19898 = CURVE_STYLE('',#19899,POSITIVE_LENGTH_MEASURE(0.1),#17128);
#19899 = DRAUGHTING_PRE_DEFINED_CURVE_FONT('continuous');
#19900 = STYLED_ITEM('color',(#19901),#8387);
#19901 = PRESENTATION_STYLE_ASSIGNMENT((#19902,#19907));
#19902 = SURFACE_STYLE_USAGE(.BOTH.,#19903);
#19903 = SURFACE_SIDE_STYLE('',(#19904));
#19904 = SURFACE_STYLE_FILL_AREA(#19905);
#19905 = FILL_AREA_STYLE('',(#19906));
#19906 = FILL_AREA_STYLE_COLOUR('',#17128);
#19907 = CURVE_STYLE('',#19908,POSITIVE_LENGTH_MEASURE(0.1),#17128);
#19908 = DRAUGHTING_PRE_DEFINED_CURVE_FONT('continuous');
#19909 = STYLED_ITEM('color',(#19910),#8404);
#19910 = PRESENTATION_STYLE_ASSIGNMENT((#19911,#19916));
#19911 = SURFACE_STYLE_USAGE(.BOTH.,#19912);
#19912 = SURFACE_SIDE_STYLE('',(#19913));
#19913 = SURFACE_STYLE_FILL_AREA(#19914);
#19914 = FILL_AREA_STYLE('',(#19915));
#19915 = FILL_AREA_STYLE_COLOUR('',#17128);
#19916 = CURVE_STYLE('',#19917,POSITIVE_LENGTH_MEASURE(0.1),#17128);
#19917 = DRAUGHTING_PRE_DEFINED_CURVE_FONT('continuous');
#19918 = STYLED_ITEM('color',(#19919),#8421);
#19919 = PRESENTATION_STYLE_ASSIGNMENT((#19920,#19925));
#19920 = SURFACE_STYLE_USAGE(.BOTH.,#19921);
#19921 = SURFACE_SIDE_STYLE('',(#19922));
#19922 = SURFACE_STYLE_FILL_AREA(#19923);
#19923 = FILL_AREA_STYLE('',(#19924));
#19924 = FILL_AREA_STYLE_COLOUR('',#17128);
#19925 = CURVE_STYLE('',#19926,POSITIVE_LENGTH_MEASURE(0.1),#17128);
#19926 = DRAUGHTING_PRE_DEFINED_CURVE_FONT('continuous');
#19927 = STYLED_ITEM('color',(#19928),#8438);
#19928 = PRESENTATION_STYLE_ASSIGNMENT((#19929,#19934));
#19929 = SURFACE_STYLE_USAGE(.BOTH.,#19930);
#19930 = SURFACE_SIDE_STYLE('',(#19931));
#19931 = SURFACE_STYLE_FILL_AREA(#19932);
#19932 = FILL_AREA_STYLE('',(#19933));
#19933 = FILL_AREA_STYLE_COLOUR('',#17128);
#19934 = CURVE_STYLE('',#19935,POSITIVE_LENGTH_MEASURE(0.1),#17128);
#19935 = DRAUGHTING_PRE_DEFINED_CURVE_FONT('continuous');
#19936 = STYLED_ITEM('color',(#19937),#8455);
#19937 = PRESENTATION_STYLE_ASSIGNMENT((#19938,#19943));
#19938 = SURFACE_STYLE_USAGE(.BOTH.,#19939);
#19939 = SURFACE_SIDE_STYLE('',(#19940));
#19940 = SURFACE_STYLE_FILL_AREA(#19941);
#19941 = FILL_AREA_STYLE('',(#19942));
#19942 = FILL_AREA_STYLE_COLOUR('',#17128);
#19943 = CURVE_STYLE('',#19944,POSITIVE_LENGTH_MEASURE(0.1),#17128);
#19944 = DRAUGHTING_PRE_DEFINED_CURVE_FONT('continuous');
#19945 = STYLED_ITEM('color',(#19946),#8467);
#19946 = PRESENTATION_STYLE_ASSIGNMENT((#19947,#19952));
#19947 = SURFACE_STYLE_USAGE(.BOTH.,#19948);
#19948 = SURFACE_SIDE_STYLE('',(#19949));
#19949 = SURFACE_STYLE_FILL_AREA(#19950);
#19950 = FILL_AREA_STYLE('',(#19951));
#19951 = FILL_AREA_STYLE_COLOUR('',#17128);
#19952 = CURVE_STYLE('',#19953,POSITIVE_LENGTH_MEASURE(0.1),#17128);
#19953 = DRAUGHTING_PRE_DEFINED_CURVE_FONT('continuous');
#19954 = STYLED_ITEM('color',(#19955),#8484);
#19955 = PRESENTATION_STYLE_ASSIGNMENT((#19956,#19961));
#19956 = SURFACE_STYLE_USAGE(.BOTH.,#19957);
#19957 = SURFACE_SIDE_STYLE('',(#19958));
#19958 = SURFACE_STYLE_FILL_AREA(#19959);
#19959 = FILL_AREA_STYLE('',(#19960));
#19960 = FILL_AREA_STYLE_COLOUR('',#17128);
#19961 = CURVE_STYLE('',#19962,POSITIVE_LENGTH_MEASURE(0.1),#17128);
#19962 = DRAUGHTING_PRE_DEFINED_CURVE_FONT('continuous');
#19963 = STYLED_ITEM('color',(#19964),#8501);
#19964 = PRESENTATION_STYLE_ASSIGNMENT((#19965,#19970));
#19965 = SURFACE_STYLE_USAGE(.BOTH.,#19966);
#19966 = SURFACE_SIDE_STYLE('',(#19967));
#19967 = SURFACE_STYLE_FILL_AREA(#19968);
#19968 = FILL_AREA_STYLE('',(#19969));
#19969 = FILL_AREA_STYLE_COLOUR('',#17128);
#19970 = CURVE_STYLE('',#19971,POSITIVE_LENGTH_MEASURE(0.1),#17128);
#19971 = DRAUGHTING_PRE_DEFINED_CURVE_FONT('continuous');
#19972 = STYLED_ITEM('color',(#19973),#8518);
#19973 = PRESENTATION_STYLE_ASSIGNMENT((#19974,#19979));
#19974 = SURFACE_STYLE_USAGE(.BOTH.,#19975);
#19975 = SURFACE_SIDE_STYLE('',(#19976));
#19976 = SURFACE_STYLE_FILL_AREA(#19977);
#19977 = FILL_AREA_STYLE('',(#19978));
#19978 = FILL_AREA_STYLE_COLOUR('',#17128);
#19979 = CURVE_STYLE('',#19980,POSITIVE_LENGTH_MEASURE(0.1),#17128);
#19980 = DRAUGHTING_PRE_DEFINED_CURVE_FONT('continuous');
#19981 = STYLED_ITEM('color',(#19982),#8535);
#19982 = PRESENTATION_STYLE_ASSIGNMENT((#19983,#19988));
#19983 = SURFACE_STYLE_USAGE(.BOTH.,#19984);
#19984 = SURFACE_SIDE_STYLE('',(#19985));
#19985 = SURFACE_STYLE_FILL_AREA(#19986);
#19986 = FILL_AREA_STYLE('',(#19987));
#19987 = FILL_AREA_STYLE_COLOUR('',#17128);
#19988 = CURVE_STYLE('',#19989,POSITIVE_LENGTH_MEASURE(0.1),#17128);
#19989 = DRAUGHTING_PRE_DEFINED_CURVE_FONT('continuous');
#19990 = STYLED_ITEM('color',(#19991),#8552);
#19991 = PRESENTATION_STYLE_ASSIGNMENT((#19992,#19997));
#19992 = SURFACE_STYLE_USAGE(.BOTH.,#19993);
#19993 = SURFACE_SIDE_STYLE('',(#19994));
#19994 = SURFACE_STYLE_FILL_AREA(#19995);
#19995 = FILL_AREA_STYLE('',(#19996));
#19996 = FILL_AREA_STYLE_COLOUR('',#17128);
#19997 = CURVE_STYLE('',#19998,POSITIVE_LENGTH_MEASURE(0.1),#17128);
#19998 = DRAUGHTING_PRE_DEFINED_CURVE_FONT('continuous');
#19999 = STYLED_ITEM('color',(#20000),#8569);
#20000 = PRESENTATION_STYLE_ASSIGNMENT((#20001,#20006));
#20001 = SURFACE_STYLE_USAGE(.BOTH.,#20002);
#20002 = SURFACE_SIDE_STYLE('',(#20003));
#20003 = SURFACE_STYLE_FILL_AREA(#20004);
#20004 = FILL_AREA_STYLE('',(#20005));
#20005 = FILL_AREA_STYLE_COLOUR('',#17128);
#20006 = CURVE_STYLE('',#20007,POSITIVE_LENGTH_MEASURE(0.1),#17128);
#20007 = DRAUGHTING_PRE_DEFINED_CURVE_FONT('continuous');
#20008 = STYLED_ITEM('color',(#20009),#8586);
#20009 = PRESENTATION_STYLE_ASSIGNMENT((#20010,#20015));
#20010 = SURFACE_STYLE_USAGE(.BOTH.,#20011);
#20011 = SURFACE_SIDE_STYLE('',(#20012));
#20012 = SURFACE_STYLE_FILL_AREA(#20013);
#20013 = FILL_AREA_STYLE('',(#20014));
#20014 = FILL_AREA_STYLE_COLOUR('',#17128);
#20015 = CURVE_STYLE('',#20016,POSITIVE_LENGTH_MEASURE(0.1),#17128);
#20016 = DRAUGHTING_PRE_DEFINED_CURVE_FONT('continuous');
#20017 = STYLED_ITEM('color',(#20018),#8598);
#20018 = PRESENTATION_STYLE_ASSIGNMENT((#20019,#20024));
#20019 = SURFACE_STYLE_USAGE(.BOTH.,#20020);
#20020 = SURFACE_SIDE_STYLE('',(#20021));
#20021 = SURFACE_STYLE_FILL_AREA(#20022);
#20022 = FILL_AREA_STYLE('',(#20023));
#20023 = FILL_AREA_STYLE_COLOUR('',#17128);
#20024 = CURVE_STYLE('',#20025,POSITIVE_LENGTH_MEASURE(0.1),#17128);
#20025 = DRAUGHTING_PRE_DEFINED_CURVE_FONT('continuous');
#20026 = STYLED_ITEM('color',(#20027),#8615);
#20027 = PRESENTATION_STYLE_ASSIGNMENT((#20028,#20033));
#20028 = SURFACE_STYLE_USAGE(.BOTH.,#20029);
#20029 = SURFACE_SIDE_STYLE('',(#20030));
#20030 = SURFACE_STYLE_FILL_AREA(#20031);
#20031 = FILL_AREA_STYLE('',(#20032));
#20032 = FILL_AREA_STYLE_COLOUR('',#17128);
#20033 = CURVE_STYLE('',#20034,POSITIVE_LENGTH_MEASURE(0.1),#17128);
#20034 = DRAUGHTING_PRE_DEFINED_CURVE_FONT('continuous');
#20035 = STYLED_ITEM('color',(#20036),#8632);
#20036 = PRESENTATION_STYLE_ASSIGNMENT((#20037,#20042));
#20037 = SURFACE_STYLE_USAGE(.BOTH.,#20038);
#20038 = SURFACE_SIDE_STYLE('',(#20039));
#20039 = SURFACE_STYLE_FILL_AREA(#20040);
#20040 = FILL_AREA_STYLE('',(#20041));
#20041 = FILL_AREA_STYLE_COLOUR('',#17128);
#20042 = CURVE_STYLE('',#20043,POSITIVE_LENGTH_MEASURE(0.1),#17128);
#20043 = DRAUGHTING_PRE_DEFINED_CURVE_FONT('continuous');
#20044 = STYLED_ITEM('color',(#20045),#8649);
#20045 = PRESENTATION_STYLE_ASSIGNMENT((#20046,#20051));
#20046 = SURFACE_STYLE_USAGE(.BOTH.,#20047);
#20047 = SURFACE_SIDE_STYLE('',(#20048));
#20048 = SURFACE_STYLE_FILL_AREA(#20049);
#20049 = FILL_AREA_STYLE('',(#20050));
#20050 = FILL_AREA_STYLE_COLOUR('',#17128);
#20051 = CURVE_STYLE('',#20052,POSITIVE_LENGTH_MEASURE(0.1),#17128);
#20052 = DRAUGHTING_PRE_DEFINED_CURVE_FONT('continuous');
#20053 = STYLED_ITEM('color',(#20054),#8666);
#20054 = PRESENTATION_STYLE_ASSIGNMENT((#20055,#20060));
#20055 = SURFACE_STYLE_USAGE(.BOTH.,#20056);
#20056 = SURFACE_SIDE_STYLE('',(#20057));
#20057 = SURFACE_STYLE_FILL_AREA(#20058);
#20058 = FILL_AREA_STYLE('',(#20059));
#20059 = FILL_AREA_STYLE_COLOUR('',#17128);
#20060 = CURVE_STYLE('',#20061,POSITIVE_LENGTH_MEASURE(0.1),#17128);
#20061 = DRAUGHTING_PRE_DEFINED_CURVE_FONT('continuous');
#20062 = STYLED_ITEM('color',(#20063),#8683);
#20063 = PRESENTATION_STYLE_ASSIGNMENT((#20064,#20069));
#20064 = SURFACE_STYLE_USAGE(.BOTH.,#20065);
#20065 = SURFACE_SIDE_STYLE('',(#20066));
#20066 = SURFACE_STYLE_FILL_AREA(#20067);
#20067 = FILL_AREA_STYLE('',(#20068));
#20068 = FILL_AREA_STYLE_COLOUR('',#17128);
#20069 = CURVE_STYLE('',#20070,POSITIVE_LENGTH_MEASURE(0.1),#17128);
#20070 = DRAUGHTING_PRE_DEFINED_CURVE_FONT('continuous');
#20071 = STYLED_ITEM('color',(#20072),#8700);
#20072 = PRESENTATION_STYLE_ASSIGNMENT((#20073,#20078));
#20073 = SURFACE_STYLE_USAGE(.BOTH.,#20074);
#20074 = SURFACE_SIDE_STYLE('',(#20075));
#20075 = SURFACE_STYLE_FILL_AREA(#20076);
#20076 = FILL_AREA_STYLE('',(#20077));
#20077 = FILL_AREA_STYLE_COLOUR('',#17128);
#20078 = CURVE_STYLE('',#20079,POSITIVE_LENGTH_MEASURE(0.1),#17128);
#20079 = DRAUGHTING_PRE_DEFINED_CURVE_FONT('continuous');
#20080 = STYLED_ITEM('color',(#20081),#8717);
#20081 = PRESENTATION_STYLE_ASSIGNMENT((#20082,#20087));
#20082 = SURFACE_STYLE_USAGE(.BOTH.,#20083);
#20083 = SURFACE_SIDE_STYLE('',(#20084));
#20084 = SURFACE_STYLE_FILL_AREA(#20085);
#20085 = FILL_AREA_STYLE('',(#20086));
#20086 = FILL_AREA_STYLE_COLOUR('',#17128);
#20087 = CURVE_STYLE('',#20088,POSITIVE_LENGTH_MEASURE(0.1),#17128);
#20088 = DRAUGHTING_PRE_DEFINED_CURVE_FONT('continuous');
#20089 = STYLED_ITEM('color',(#20090),#8729);
#20090 = PRESENTATION_STYLE_ASSIGNMENT((#20091,#20096));
#20091 = SURFACE_STYLE_USAGE(.BOTH.,#20092);
#20092 = SURFACE_SIDE_STYLE('',(#20093));
#20093 = SURFACE_STYLE_FILL_AREA(#20094);
#20094 = FILL_AREA_STYLE('',(#20095));
#20095 = FILL_AREA_STYLE_COLOUR('',#17128);
#20096 = CURVE_STYLE('',#20097,POSITIVE_LENGTH_MEASURE(0.1),#17128);
#20097 = DRAUGHTING_PRE_DEFINED_CURVE_FONT('continuous');
#20098 = STYLED_ITEM('color',(#20099),#8746);
#20099 = PRESENTATION_STYLE_ASSIGNMENT((#20100,#20105));
#20100 = SURFACE_STYLE_USAGE(.BOTH.,#20101);
#20101 = SURFACE_SIDE_STYLE('',(#20102));
#20102 = SURFACE_STYLE_FILL_AREA(#20103);
#20103 = FILL_AREA_STYLE('',(#20104));
#20104 = FILL_AREA_STYLE_COLOUR('',#17128);
#20105 = CURVE_STYLE('',#20106,POSITIVE_LENGTH_MEASURE(0.1),#17128);
#20106 = DRAUGHTING_PRE_DEFINED_CURVE_FONT('continuous');
#20107 = STYLED_ITEM('color',(#20108),#8763);
#20108 = PRESENTATION_STYLE_ASSIGNMENT((#20109,#20114));
#20109 = SURFACE_STYLE_USAGE(.BOTH.,#20110);
#20110 = SURFACE_SIDE_STYLE('',(#20111));
#20111 = SURFACE_STYLE_FILL_AREA(#20112);
#20112 = FILL_AREA_STYLE('',(#20113));
#20113 = FILL_AREA_STYLE_COLOUR('',#17128);
#20114 = CURVE_STYLE('',#20115,POSITIVE_LENGTH_MEASURE(0.1),#17128);
#20115 = DRAUGHTING_PRE_DEFINED_CURVE_FONT('continuous');
#20116 = STYLED_ITEM('color',(#20117),#8780);
#20117 = PRESENTATION_STYLE_ASSIGNMENT((#20118,#20123));
#20118 = SURFACE_STYLE_USAGE(.BOTH.,#20119);
#20119 = SURFACE_SIDE_STYLE('',(#20120));
#20120 = SURFACE_STYLE_FILL_AREA(#20121);
#20121 = FILL_AREA_STYLE('',(#20122));
#20122 = FILL_AREA_STYLE_COLOUR('',#17128);
#20123 = CURVE_STYLE('',#20124,POSITIVE_LENGTH_MEASURE(0.1),#17128);
#20124 = DRAUGHTING_PRE_DEFINED_CURVE_FONT('continuous');
#20125 = STYLED_ITEM('color',(#20126),#8797);
#20126 = PRESENTATION_STYLE_ASSIGNMENT((#20127,#20132));
#20127 = SURFACE_STYLE_USAGE(.BOTH.,#20128);
#20128 = SURFACE_SIDE_STYLE('',(#20129));
#20129 = SURFACE_STYLE_FILL_AREA(#20130);
#20130 = FILL_AREA_STYLE('',(#20131));
#20131 = FILL_AREA_STYLE_COLOUR('',#17128);
#20132 = CURVE_STYLE('',#20133,POSITIVE_LENGTH_MEASURE(0.1),#17128);
#20133 = DRAUGHTING_PRE_DEFINED_CURVE_FONT('continuous');
#20134 = STYLED_ITEM('color',(#20135),#8814);
#20135 = PRESENTATION_STYLE_ASSIGNMENT((#20136,#20141));
#20136 = SURFACE_STYLE_USAGE(.BOTH.,#20137);
#20137 = SURFACE_SIDE_STYLE('',(#20138));
#20138 = SURFACE_STYLE_FILL_AREA(#20139);
#20139 = FILL_AREA_STYLE('',(#20140));
#20140 = FILL_AREA_STYLE_COLOUR('',#17128);
#20141 = CURVE_STYLE('',#20142,POSITIVE_LENGTH_MEASURE(0.1),#17128);
#20142 = DRAUGHTING_PRE_DEFINED_CURVE_FONT('continuous');
#20143 = STYLED_ITEM('color',(#20144),#8831);
#20144 = PRESENTATION_STYLE_ASSIGNMENT((#20145,#20150));
#20145 = SURFACE_STYLE_USAGE(.BOTH.,#20146);
#20146 = SURFACE_SIDE_STYLE('',(#20147));
#20147 = SURFACE_STYLE_FILL_AREA(#20148);
#20148 = FILL_AREA_STYLE('',(#20149));
#20149 = FILL_AREA_STYLE_COLOUR('',#17128);
#20150 = CURVE_STYLE('',#20151,POSITIVE_LENGTH_MEASURE(0.1),#17128);
#20151 = DRAUGHTING_PRE_DEFINED_CURVE_FONT('continuous');
#20152 = STYLED_ITEM('color',(#20153),#8848);
#20153 = PRESENTATION_STYLE_ASSIGNMENT((#20154,#20159));
#20154 = SURFACE_STYLE_USAGE(.BOTH.,#20155);
#20155 = SURFACE_SIDE_STYLE('',(#20156));
#20156 = SURFACE_STYLE_FILL_AREA(#20157);
#20157 = FILL_AREA_STYLE('',(#20158));
#20158 = FILL_AREA_STYLE_COLOUR('',#17128);
#20159 = CURVE_STYLE('',#20160,POSITIVE_LENGTH_MEASURE(0.1),#17128);
#20160 = DRAUGHTING_PRE_DEFINED_CURVE_FONT('continuous');
#20161 = STYLED_ITEM('color',(#20162),#8860);
#20162 = PRESENTATION_STYLE_ASSIGNMENT((#20163,#20168));
#20163 = SURFACE_STYLE_USAGE(.BOTH.,#20164);
#20164 = SURFACE_SIDE_STYLE('',(#20165));
#20165 = SURFACE_STYLE_FILL_AREA(#20166);
#20166 = FILL_AREA_STYLE('',(#20167));
#20167 = FILL_AREA_STYLE_COLOUR('',#17128);
#20168 = CURVE_STYLE('',#20169,POSITIVE_LENGTH_MEASURE(0.1),#17128);
#20169 = DRAUGHTING_PRE_DEFINED_CURVE_FONT('continuous');
#20170 = STYLED_ITEM('color',(#20171),#8877);
#20171 = PRESENTATION_STYLE_ASSIGNMENT((#20172,#20177));
#20172 = SURFACE_STYLE_USAGE(.BOTH.,#20173);
#20173 = SURFACE_SIDE_STYLE('',(#20174));
#20174 = SURFACE_STYLE_FILL_AREA(#20175);
#20175 = FILL_AREA_STYLE('',(#20176));
#20176 = FILL_AREA_STYLE_COLOUR('',#17128);
#20177 = CURVE_STYLE('',#20178,POSITIVE_LENGTH_MEASURE(0.1),#17128);
#20178 = DRAUGHTING_PRE_DEFINED_CURVE_FONT('continuous');
#20179 = STYLED_ITEM('color',(#20180),#8894);
#20180 = PRESENTATION_STYLE_ASSIGNMENT((#20181,#20186));
#20181 = SURFACE_STYLE_USAGE(.BOTH.,#20182);
#20182 = SURFACE_SIDE_STYLE('',(#20183));
#20183 = SURFACE_STYLE_FILL_AREA(#20184);
#20184 = FILL_AREA_STYLE('',(#20185));
#20185 = FILL_AREA_STYLE_COLOUR('',#17128);
#20186 = CURVE_STYLE('',#20187,POSITIVE_LENGTH_MEASURE(0.1),#17128);
#20187 = DRAUGHTING_PRE_DEFINED_CURVE_FONT('continuous');
#20188 = STYLED_ITEM('color',(#20189),#8911);
#20189 = PRESENTATION_STYLE_ASSIGNMENT((#20190,#20195));
#20190 = SURFACE_STYLE_USAGE(.BOTH.,#20191);
#20191 = SURFACE_SIDE_STYLE('',(#20192));
#20192 = SURFACE_STYLE_FILL_AREA(#20193);
#20193 = FILL_AREA_STYLE('',(#20194));
#20194 = FILL_AREA_STYLE_COLOUR('',#17128);
#20195 = CURVE_STYLE('',#20196,POSITIVE_LENGTH_MEASURE(0.1),#17128);
#20196 = DRAUGHTING_PRE_DEFINED_CURVE_FONT('continuous');
#20197 = STYLED_ITEM('color',(#20198),#8928);
#20198 = PRESENTATION_STYLE_ASSIGNMENT((#20199,#20204));
#20199 = SURFACE_STYLE_USAGE(.BOTH.,#20200);
#20200 = SURFACE_SIDE_STYLE('',(#20201));
#20201 = SURFACE_STYLE_FILL_AREA(#20202);
#20202 = FILL_AREA_STYLE('',(#20203));
#20203 = FILL_AREA_STYLE_COLOUR('',#17128);
#20204 = CURVE_STYLE('',#20205,POSITIVE_LENGTH_MEASURE(0.1),#17128);
#20205 = DRAUGHTING_PRE_DEFINED_CURVE_FONT('continuous');
#20206 = STYLED_ITEM('color',(#20207),#8945);
#20207 = PRESENTATION_STYLE_ASSIGNMENT((#20208,#20213));
#20208 = SURFACE_STYLE_USAGE(.BOTH.,#20209);
#20209 = SURFACE_SIDE_STYLE('',(#20210));
#20210 = SURFACE_STYLE_FILL_AREA(#20211);
#20211 = FILL_AREA_STYLE('',(#20212));
#20212 = FILL_AREA_STYLE_COLOUR('',#17128);
#20213 = CURVE_STYLE('',#20214,POSITIVE_LENGTH_MEASURE(0.1),#17128);
#20214 = DRAUGHTING_PRE_DEFINED_CURVE_FONT('continuous');
#20215 = STYLED_ITEM('color',(#20216),#8962);
#20216 = PRESENTATION_STYLE_ASSIGNMENT((#20217,#20222));
#20217 = SURFACE_STYLE_USAGE(.BOTH.,#20218);
#20218 = SURFACE_SIDE_STYLE('',(#20219));
#20219 = SURFACE_STYLE_FILL_AREA(#20220);
#20220 = FILL_AREA_STYLE('',(#20221));
#20221 = FILL_AREA_STYLE_COLOUR('',#17128);
#20222 = CURVE_STYLE('',#20223,POSITIVE_LENGTH_MEASURE(0.1),#17128);
#20223 = DRAUGHTING_PRE_DEFINED_CURVE_FONT('continuous');
#20224 = STYLED_ITEM('color',(#20225),#8974);
#20225 = PRESENTATION_STYLE_ASSIGNMENT((#20226,#20231));
#20226 = SURFACE_STYLE_USAGE(.BOTH.,#20227);
#20227 = SURFACE_SIDE_STYLE('',(#20228));
#20228 = SURFACE_STYLE_FILL_AREA(#20229);
#20229 = FILL_AREA_STYLE('',(#20230));
#20230 = FILL_AREA_STYLE_COLOUR('',#17128);
#20231 = CURVE_STYLE('',#20232,POSITIVE_LENGTH_MEASURE(0.1),#17128);
#20232 = DRAUGHTING_PRE_DEFINED_CURVE_FONT('continuous');
#20233 = STYLED_ITEM('color',(#20234),#8991);
#20234 = PRESENTATION_STYLE_ASSIGNMENT((#20235,#20240));
#20235 = SURFACE_STYLE_USAGE(.BOTH.,#20236);
#20236 = SURFACE_SIDE_STYLE('',(#20237));
#20237 = SURFACE_STYLE_FILL_AREA(#20238);
#20238 = FILL_AREA_STYLE('',(#20239));
#20239 = FILL_AREA_STYLE_COLOUR('',#17128);
#20240 = CURVE_STYLE('',#20241,POSITIVE_LENGTH_MEASURE(0.1),#17128);
#20241 = DRAUGHTING_PRE_DEFINED_CURVE_FONT('continuous');
#20242 = STYLED_ITEM('color',(#20243),#9008);
#20243 = PRESENTATION_STYLE_ASSIGNMENT((#20244,#20249));
#20244 = SURFACE_STYLE_USAGE(.BOTH.,#20245);
#20245 = SURFACE_SIDE_STYLE('',(#20246));
#20246 = SURFACE_STYLE_FILL_AREA(#20247);
#20247 = FILL_AREA_STYLE('',(#20248));
#20248 = FILL_AREA_STYLE_COLOUR('',#17128);
#20249 = CURVE_STYLE('',#20250,POSITIVE_LENGTH_MEASURE(0.1),#17128);
#20250 = DRAUGHTING_PRE_DEFINED_CURVE_FONT('continuous');
#20251 = STYLED_ITEM('color',(#20252),#9025);
#20252 = PRESENTATION_STYLE_ASSIGNMENT((#20253,#20258));
#20253 = SURFACE_STYLE_USAGE(.BOTH.,#20254);
#20254 = SURFACE_SIDE_STYLE('',(#20255));
#20255 = SURFACE_STYLE_FILL_AREA(#20256);
#20256 = FILL_AREA_STYLE('',(#20257));
#20257 = FILL_AREA_STYLE_COLOUR('',#17128);
#20258 = CURVE_STYLE('',#20259,POSITIVE_LENGTH_MEASURE(0.1),#17128);
#20259 = DRAUGHTING_PRE_DEFINED_CURVE_FONT('continuous');
#20260 = STYLED_ITEM('color',(#20261),#9042);
#20261 = PRESENTATION_STYLE_ASSIGNMENT((#20262,#20267));
#20262 = SURFACE_STYLE_USAGE(.BOTH.,#20263);
#20263 = SURFACE_SIDE_STYLE('',(#20264));
#20264 = SURFACE_STYLE_FILL_AREA(#20265);
#20265 = FILL_AREA_STYLE('',(#20266));
#20266 = FILL_AREA_STYLE_COLOUR('',#17128);
#20267 = CURVE_STYLE('',#20268,POSITIVE_LENGTH_MEASURE(0.1),#17128);
#20268 = DRAUGHTING_PRE_DEFINED_CURVE_FONT('continuous');
#20269 = STYLED_ITEM('color',(#20270),#9059);
#20270 = PRESENTATION_STYLE_ASSIGNMENT((#20271,#20276));
#20271 = SURFACE_STYLE_USAGE(.BOTH.,#20272);
#20272 = SURFACE_SIDE_STYLE('',(#20273));
#20273 = SURFACE_STYLE_FILL_AREA(#20274);
#20274 = FILL_AREA_STYLE('',(#20275));
#20275 = FILL_AREA_STYLE_COLOUR('',#17128);
#20276 = CURVE_STYLE('',#20277,POSITIVE_LENGTH_MEASURE(0.1),#17128);
#20277 = DRAUGHTING_PRE_DEFINED_CURVE_FONT('continuous');
#20278 = STYLED_ITEM('color',(#20279),#9076);
#20279 = PRESENTATION_STYLE_ASSIGNMENT((#20280,#20285));
#20280 = SURFACE_STYLE_USAGE(.BOTH.,#20281);
#20281 = SURFACE_SIDE_STYLE('',(#20282));
#20282 = SURFACE_STYLE_FILL_AREA(#20283);
#20283 = FILL_AREA_STYLE('',(#20284));
#20284 = FILL_AREA_STYLE_COLOUR('',#17128);
#20285 = CURVE_STYLE('',#20286,POSITIVE_LENGTH_MEASURE(0.1),#17128);
#20286 = DRAUGHTING_PRE_DEFINED_CURVE_FONT('continuous');
#20287 = STYLED_ITEM('color',(#20288),#9088);
#20288 = PRESENTATION_STYLE_ASSIGNMENT((#20289,#20294));
#20289 = SURFACE_STYLE_USAGE(.BOTH.,#20290);
#20290 = SURFACE_SIDE_STYLE('',(#20291));
#20291 = SURFACE_STYLE_FILL_AREA(#20292);
#20292 = FILL_AREA_STYLE('',(#20293));
#20293 = FILL_AREA_STYLE_COLOUR('',#17128);
#20294 = CURVE_STYLE('',#20295,POSITIVE_LENGTH_MEASURE(0.1),#17128);
#20295 = DRAUGHTING_PRE_DEFINED_CURVE_FONT('continuous');
#20296 = STYLED_ITEM('color',(#20297),#9105);
#20297 = PRESENTATION_STYLE_ASSIGNMENT((#20298,#20303));
#20298 = SURFACE_STYLE_USAGE(.BOTH.,#20299);
#20299 = SURFACE_SIDE_STYLE('',(#20300));
#20300 = SURFACE_STYLE_FILL_AREA(#20301);
#20301 = FILL_AREA_STYLE('',(#20302));
#20302 = FILL_AREA_STYLE_COLOUR('',#17128);
#20303 = CURVE_STYLE('',#20304,POSITIVE_LENGTH_MEASURE(0.1),#17128);
#20304 = DRAUGHTING_PRE_DEFINED_CURVE_FONT('continuous');
#20305 = STYLED_ITEM('color',(#20306),#9122);
#20306 = PRESENTATION_STYLE_ASSIGNMENT((#20307,#20312));
#20307 = SURFACE_STYLE_USAGE(.BOTH.,#20308);
#20308 = SURFACE_SIDE_STYLE('',(#20309));
#20309 = SURFACE_STYLE_FILL_AREA(#20310);
#20310 = FILL_AREA_STYLE('',(#20311));
#20311 = FILL_AREA_STYLE_COLOUR('',#17128);
#20312 = CURVE_STYLE('',#20313,POSITIVE_LENGTH_MEASURE(0.1),#17128);
#20313 = DRAUGHTING_PRE_DEFINED_CURVE_FONT('continuous');
#20314 = STYLED_ITEM('color',(#20315),#9139);
#20315 = PRESENTATION_STYLE_ASSIGNMENT((#20316,#20321));
#20316 = SURFACE_STYLE_USAGE(.BOTH.,#20317);
#20317 = SURFACE_SIDE_STYLE('',(#20318));
#20318 = SURFACE_STYLE_FILL_AREA(#20319);
#20319 = FILL_AREA_STYLE('',(#20320));
#20320 = FILL_AREA_STYLE_COLOUR('',#17128);
#20321 = CURVE_STYLE('',#20322,POSITIVE_LENGTH_MEASURE(0.1),#17128);
#20322 = DRAUGHTING_PRE_DEFINED_CURVE_FONT('continuous');
#20323 = STYLED_ITEM('color',(#20324),#9156);
#20324 = PRESENTATION_STYLE_ASSIGNMENT((#20325,#20330));
#20325 = SURFACE_STYLE_USAGE(.BOTH.,#20326);
#20326 = SURFACE_SIDE_STYLE('',(#20327));
#20327 = SURFACE_STYLE_FILL_AREA(#20328);
#20328 = FILL_AREA_STYLE('',(#20329));
#20329 = FILL_AREA_STYLE_COLOUR('',#17128);
#20330 = CURVE_STYLE('',#20331,POSITIVE_LENGTH_MEASURE(0.1),#17128);
#20331 = DRAUGHTING_PRE_DEFINED_CURVE_FONT('continuous');
#20332 = STYLED_ITEM('color',(#20333),#9173);
#20333 = PRESENTATION_STYLE_ASSIGNMENT((#20334,#20339));
#20334 = SURFACE_STYLE_USAGE(.BOTH.,#20335);
#20335 = SURFACE_SIDE_STYLE('',(#20336));
#20336 = SURFACE_STYLE_FILL_AREA(#20337);
#20337 = FILL_AREA_STYLE('',(#20338));
#20338 = FILL_AREA_STYLE_COLOUR('',#17128);
#20339 = CURVE_STYLE('',#20340,POSITIVE_LENGTH_MEASURE(0.1),#17128);
#20340 = DRAUGHTING_PRE_DEFINED_CURVE_FONT('continuous');
#20341 = STYLED_ITEM('color',(#20342),#9190);
#20342 = PRESENTATION_STYLE_ASSIGNMENT((#20343,#20348));
#20343 = SURFACE_STYLE_USAGE(.BOTH.,#20344);
#20344 = SURFACE_SIDE_STYLE('',(#20345));
#20345 = SURFACE_STYLE_FILL_AREA(#20346);
#20346 = FILL_AREA_STYLE('',(#20347));
#20347 = FILL_AREA_STYLE_COLOUR('',#17128);
#20348 = CURVE_STYLE('',#20349,POSITIVE_LENGTH_MEASURE(0.1),#17128);
#20349 = DRAUGHTING_PRE_DEFINED_CURVE_FONT('continuous');
#20350 = STYLED_ITEM('color',(#20351),#9207);
#20351 = PRESENTATION_STYLE_ASSIGNMENT((#20352,#20357));
#20352 = SURFACE_STYLE_USAGE(.BOTH.,#20353);
#20353 = SURFACE_SIDE_STYLE('',(#20354));
#20354 = SURFACE_STYLE_FILL_AREA(#20355);
#20355 = FILL_AREA_STYLE('',(#20356));
#20356 = FILL_AREA_STYLE_COLOUR('',#17128);
#20357 = CURVE_STYLE('',#20358,POSITIVE_LENGTH_MEASURE(0.1),#17128);
#20358 = DRAUGHTING_PRE_DEFINED_CURVE_FONT('continuous');
#20359 = STYLED_ITEM('color',(#20360),#9219);
#20360 = PRESENTATION_STYLE_ASSIGNMENT((#20361,#20366));
#20361 = SURFACE_STYLE_USAGE(.BOTH.,#20362);
#20362 = SURFACE_SIDE_STYLE('',(#20363));
#20363 = SURFACE_STYLE_FILL_AREA(#20364);
#20364 = FILL_AREA_STYLE('',(#20365));
#20365 = FILL_AREA_STYLE_COLOUR('',#17128);
#20366 = CURVE_STYLE('',#20367,POSITIVE_LENGTH_MEASURE(0.1),#17128);
#20367 = DRAUGHTING_PRE_DEFINED_CURVE_FONT('continuous');
#20368 = STYLED_ITEM('color',(#20369),#9236);
#20369 = PRESENTATION_STYLE_ASSIGNMENT((#20370,#20375));
#20370 = SURFACE_STYLE_USAGE(.BOTH.,#20371);
#20371 = SURFACE_SIDE_STYLE('',(#20372));
#20372 = SURFACE_STYLE_FILL_AREA(#20373);
#20373 = FILL_AREA_STYLE('',(#20374));
#20374 = FILL_AREA_STYLE_COLOUR('',#17128);
#20375 = CURVE_STYLE('',#20376,POSITIVE_LENGTH_MEASURE(0.1),#17128);
#20376 = DRAUGHTING_PRE_DEFINED_CURVE_FONT('continuous');
#20377 = STYLED_ITEM('color',(#20378),#9253);
#20378 = PRESENTATION_STYLE_ASSIGNMENT((#20379,#20384));
#20379 = SURFACE_STYLE_USAGE(.BOTH.,#20380);
#20380 = SURFACE_SIDE_STYLE('',(#20381));
#20381 = SURFACE_STYLE_FILL_AREA(#20382);
#20382 = FILL_AREA_STYLE('',(#20383));
#20383 = FILL_AREA_STYLE_COLOUR('',#17128);
#20384 = CURVE_STYLE('',#20385,POSITIVE_LENGTH_MEASURE(0.1),#17128);
#20385 = DRAUGHTING_PRE_DEFINED_CURVE_FONT('continuous');
#20386 = STYLED_ITEM('color',(#20387),#9270);
#20387 = PRESENTATION_STYLE_ASSIGNMENT((#20388,#20393));
#20388 = SURFACE_STYLE_USAGE(.BOTH.,#20389);
#20389 = SURFACE_SIDE_STYLE('',(#20390));
#20390 = SURFACE_STYLE_FILL_AREA(#20391);
#20391 = FILL_AREA_STYLE('',(#20392));
#20392 = FILL_AREA_STYLE_COLOUR('',#17128);
#20393 = CURVE_STYLE('',#20394,POSITIVE_LENGTH_MEASURE(0.1),#17128);
#20394 = DRAUGHTING_PRE_DEFINED_CURVE_FONT('continuous');
#20395 = STYLED_ITEM('color',(#20396),#9287);
#20396 = PRESENTATION_STYLE_ASSIGNMENT((#20397,#20402));
#20397 = SURFACE_STYLE_USAGE(.BOTH.,#20398);
#20398 = SURFACE_SIDE_STYLE('',(#20399));
#20399 = SURFACE_STYLE_FILL_AREA(#20400);
#20400 = FILL_AREA_STYLE('',(#20401));
#20401 = FILL_AREA_STYLE_COLOUR('',#17128);
#20402 = CURVE_STYLE('',#20403,POSITIVE_LENGTH_MEASURE(0.1),#17128);
#20403 = DRAUGHTING_PRE_DEFINED_CURVE_FONT('continuous');
#20404 = STYLED_ITEM('color',(#20405),#9304);
#20405 = PRESENTATION_STYLE_ASSIGNMENT((#20406,#20411));
#20406 = SURFACE_STYLE_USAGE(.BOTH.,#20407);
#20407 = SURFACE_SIDE_STYLE('',(#20408));
#20408 = SURFACE_STYLE_FILL_AREA(#20409);
#20409 = FILL_AREA_STYLE('',(#20410));
#20410 = FILL_AREA_STYLE_COLOUR('',#17128);
#20411 = CURVE_STYLE('',#20412,POSITIVE_LENGTH_MEASURE(0.1),#17128);
#20412 = DRAUGHTING_PRE_DEFINED_CURVE_FONT('continuous');
#20413 = STYLED_ITEM('color',(#20414),#9321);
#20414 = PRESENTATION_STYLE_ASSIGNMENT((#20415,#20420));
#20415 = SURFACE_STYLE_USAGE(.BOTH.,#20416);
#20416 = SURFACE_SIDE_STYLE('',(#20417));
#20417 = SURFACE_STYLE_FILL_AREA(#20418);
#20418 = FILL_AREA_STYLE('',(#20419));
#20419 = FILL_AREA_STYLE_COLOUR('',#17128);
#20420 = CURVE_STYLE('',#20421,POSITIVE_LENGTH_MEASURE(0.1),#17128);
#20421 = DRAUGHTING_PRE_DEFINED_CURVE_FONT('continuous');
#20422 = STYLED_ITEM('color',(#20423),#9338);
#20423 = PRESENTATION_STYLE_ASSIGNMENT((#20424,#20429));
#20424 = SURFACE_STYLE_USAGE(.BOTH.,#20425);
#20425 = SURFACE_SIDE_STYLE('',(#20426));
#20426 = SURFACE_STYLE_FILL_AREA(#20427);
#20427 = FILL_AREA_STYLE('',(#20428));
#20428 = FILL_AREA_STYLE_COLOUR('',#17128);
#20429 = CURVE_STYLE('',#20430,POSITIVE_LENGTH_MEASURE(0.1),#17128);
#20430 = DRAUGHTING_PRE_DEFINED_CURVE_FONT('continuous');
#20431 = STYLED_ITEM('color',(#20432),#9350);
#20432 = PRESENTATION_STYLE_ASSIGNMENT((#20433,#20438));
#20433 = SURFACE_STYLE_USAGE(.BOTH.,#20434);
#20434 = SURFACE_SIDE_STYLE('',(#20435));
#20435 = SURFACE_STYLE_FILL_AREA(#20436);
#20436 = FILL_AREA_STYLE('',(#20437));
#20437 = FILL_AREA_STYLE_COLOUR('',#17128);
#20438 = CURVE_STYLE('',#20439,POSITIVE_LENGTH_MEASURE(0.1),#17128);
#20439 = DRAUGHTING_PRE_DEFINED_CURVE_FONT('continuous');
#20440 = STYLED_ITEM('color',(#20441),#9367);
#20441 = PRESENTATION_STYLE_ASSIGNMENT((#20442,#20447));
#20442 = SURFACE_STYLE_USAGE(.BOTH.,#20443);
#20443 = SURFACE_SIDE_STYLE('',(#20444));
#20444 = SURFACE_STYLE_FILL_AREA(#20445);
#20445 = FILL_AREA_STYLE('',(#20446));
#20446 = FILL_AREA_STYLE_COLOUR('',#17128);
#20447 = CURVE_STYLE('',#20448,POSITIVE_LENGTH_MEASURE(0.1),#17128);
#20448 = DRAUGHTING_PRE_DEFINED_CURVE_FONT('continuous');
#20449 = STYLED_ITEM('color',(#20450),#9384);
#20450 = PRESENTATION_STYLE_ASSIGNMENT((#20451,#20456));
#20451 = SURFACE_STYLE_USAGE(.BOTH.,#20452);
#20452 = SURFACE_SIDE_STYLE('',(#20453));
#20453 = SURFACE_STYLE_FILL_AREA(#20454);
#20454 = FILL_AREA_STYLE('',(#20455));
#20455 = FILL_AREA_STYLE_COLOUR('',#17128);
#20456 = CURVE_STYLE('',#20457,POSITIVE_LENGTH_MEASURE(0.1),#17128);
#20457 = DRAUGHTING_PRE_DEFINED_CURVE_FONT('continuous');
#20458 = STYLED_ITEM('color',(#20459),#9401);
#20459 = PRESENTATION_STYLE_ASSIGNMENT((#20460,#20465));
#20460 = SURFACE_STYLE_USAGE(.BOTH.,#20461);
#20461 = SURFACE_SIDE_STYLE('',(#20462));
#20462 = SURFACE_STYLE_FILL_AREA(#20463);
#20463 = FILL_AREA_STYLE('',(#20464));
#20464 = FILL_AREA_STYLE_COLOUR('',#17128);
#20465 = CURVE_STYLE('',#20466,POSITIVE_LENGTH_MEASURE(0.1),#17128);
#20466 = DRAUGHTING_PRE_DEFINED_CURVE_FONT('continuous');
#20467 = STYLED_ITEM('color',(#20468),#9418);
#20468 = PRESENTATION_STYLE_ASSIGNMENT((#20469,#20474));
#20469 = SURFACE_STYLE_USAGE(.BOTH.,#20470);
#20470 = SURFACE_SIDE_STYLE('',(#20471));
#20471 = SURFACE_STYLE_FILL_AREA(#20472);
#20472 = FILL_AREA_STYLE('',(#20473));
#20473 = FILL_AREA_STYLE_COLOUR('',#17128);
#20474 = CURVE_STYLE('',#20475,POSITIVE_LENGTH_MEASURE(0.1),#17128);
#20475 = DRAUGHTING_PRE_DEFINED_CURVE_FONT('continuous');
#20476 = STYLED_ITEM('color',(#20477),#9435);
#20477 = PRESENTATION_STYLE_ASSIGNMENT((#20478,#20483));
#20478 = SURFACE_STYLE_USAGE(.BOTH.,#20479);
#20479 = SURFACE_SIDE_STYLE('',(#20480));
#20480 = SURFACE_STYLE_FILL_AREA(#20481);
#20481 = FILL_AREA_STYLE('',(#20482));
#20482 = FILL_AREA_STYLE_COLOUR('',#17128);
#20483 = CURVE_STYLE('',#20484,POSITIVE_LENGTH_MEASURE(0.1),#17128);
#20484 = DRAUGHTING_PRE_DEFINED_CURVE_FONT('continuous');
#20485 = STYLED_ITEM('color',(#20486),#9452);
#20486 = PRESENTATION_STYLE_ASSIGNMENT((#20487,#20492));
#20487 = SURFACE_STYLE_USAGE(.BOTH.,#20488);
#20488 = SURFACE_SIDE_STYLE('',(#20489));
#20489 = SURFACE_STYLE_FILL_AREA(#20490);
#20490 = FILL_AREA_STYLE('',(#20491));
#20491 = FILL_AREA_STYLE_COLOUR('',#17128);
#20492 = CURVE_STYLE('',#20493,POSITIVE_LENGTH_MEASURE(0.1),#17128);
#20493 = DRAUGHTING_PRE_DEFINED_CURVE_FONT('continuous');
#20494 = STYLED_ITEM('color',(#20495),#9469);
#20495 = PRESENTATION_STYLE_ASSIGNMENT((#20496,#20501));
#20496 = SURFACE_STYLE_USAGE(.BOTH.,#20497);
#20497 = SURFACE_SIDE_STYLE('',(#20498));
#20498 = SURFACE_STYLE_FILL_AREA(#20499);
#20499 = FILL_AREA_STYLE('',(#20500));
#20500 = FILL_AREA_STYLE_COLOUR('',#17128);
#20501 = CURVE_STYLE('',#20502,POSITIVE_LENGTH_MEASURE(0.1),#17128);
#20502 = DRAUGHTING_PRE_DEFINED_CURVE_FONT('continuous');
#20503 = STYLED_ITEM('color',(#20504),#9481);
#20504 = PRESENTATION_STYLE_ASSIGNMENT((#20505,#20510));
#20505 = SURFACE_STYLE_USAGE(.BOTH.,#20506);
#20506 = SURFACE_SIDE_STYLE('',(#20507));
#20507 = SURFACE_STYLE_FILL_AREA(#20508);
#20508 = FILL_AREA_STYLE('',(#20509));
#20509 = FILL_AREA_STYLE_COLOUR('',#17128);
#20510 = CURVE_STYLE('',#20511,POSITIVE_LENGTH_MEASURE(0.1),#17128);
#20511 = DRAUGHTING_PRE_DEFINED_CURVE_FONT('continuous');
#20512 = STYLED_ITEM('color',(#20513),#9498);
#20513 = PRESENTATION_STYLE_ASSIGNMENT((#20514,#20519));
#20514 = SURFACE_STYLE_USAGE(.BOTH.,#20515);
#20515 = SURFACE_SIDE_STYLE('',(#20516));
#20516 = SURFACE_STYLE_FILL_AREA(#20517);
#20517 = FILL_AREA_STYLE('',(#20518));
#20518 = FILL_AREA_STYLE_COLOUR('',#17128);
#20519 = CURVE_STYLE('',#20520,POSITIVE_LENGTH_MEASURE(0.1),#17128);
#20520 = DRAUGHTING_PRE_DEFINED_CURVE_FONT('continuous');
#20521 = STYLED_ITEM('color',(#20522),#9515);
#20522 = PRESENTATION_STYLE_ASSIGNMENT((#20523,#20528));
#20523 = SURFACE_STYLE_USAGE(.BOTH.,#20524);
#20524 = SURFACE_SIDE_STYLE('',(#20525));
#20525 = SURFACE_STYLE_FILL_AREA(#20526);
#20526 = FILL_AREA_STYLE('',(#20527));
#20527 = FILL_AREA_STYLE_COLOUR('',#17128);
#20528 = CURVE_STYLE('',#20529,POSITIVE_LENGTH_MEASURE(0.1),#17128);
#20529 = DRAUGHTING_PRE_DEFINED_CURVE_FONT('continuous');
#20530 = STYLED_ITEM('color',(#20531),#9532);
#20531 = PRESENTATION_STYLE_ASSIGNMENT((#20532,#20537));
#20532 = SURFACE_STYLE_USAGE(.BOTH.,#20533);
#20533 = SURFACE_SIDE_STYLE('',(#20534));
#20534 = SURFACE_STYLE_FILL_AREA(#20535);
#20535 = FILL_AREA_STYLE('',(#20536));
#20536 = FILL_AREA_STYLE_COLOUR('',#17128);
#20537 = CURVE_STYLE('',#20538,POSITIVE_LENGTH_MEASURE(0.1),#17128);
#20538 = DRAUGHTING_PRE_DEFINED_CURVE_FONT('continuous');
#20539 = STYLED_ITEM('color',(#20540),#9549);
#20540 = PRESENTATION_STYLE_ASSIGNMENT((#20541,#20546));
#20541 = SURFACE_STYLE_USAGE(.BOTH.,#20542);
#20542 = SURFACE_SIDE_STYLE('',(#20543));
#20543 = SURFACE_STYLE_FILL_AREA(#20544);
#20544 = FILL_AREA_STYLE('',(#20545));
#20545 = FILL_AREA_STYLE_COLOUR('',#17128);
#20546 = CURVE_STYLE('',#20547,POSITIVE_LENGTH_MEASURE(0.1),#17128);
#20547 = DRAUGHTING_PRE_DEFINED_CURVE_FONT('continuous');
#20548 = STYLED_ITEM('color',(#20549),#9566);
#20549 = PRESENTATION_STYLE_ASSIGNMENT((#20550,#20555));
#20550 = SURFACE_STYLE_USAGE(.BOTH.,#20551);
#20551 = SURFACE_SIDE_STYLE('',(#20552));
#20552 = SURFACE_STYLE_FILL_AREA(#20553);
#20553 = FILL_AREA_STYLE('',(#20554));
#20554 = FILL_AREA_STYLE_COLOUR('',#17128);
#20555 = CURVE_STYLE('',#20556,POSITIVE_LENGTH_MEASURE(0.1),#17128);
#20556 = DRAUGHTING_PRE_DEFINED_CURVE_FONT('continuous');
#20557 = STYLED_ITEM('color',(#20558),#9583);
#20558 = PRESENTATION_STYLE_ASSIGNMENT((#20559,#20564));
#20559 = SURFACE_STYLE_USAGE(.BOTH.,#20560);
#20560 = SURFACE_SIDE_STYLE('',(#20561));
#20561 = SURFACE_STYLE_FILL_AREA(#20562);
#20562 = FILL_AREA_STYLE('',(#20563));
#20563 = FILL_AREA_STYLE_COLOUR('',#17128);
#20564 = CURVE_STYLE('',#20565,POSITIVE_LENGTH_MEASURE(0.1),#17128);
#20565 = DRAUGHTING_PRE_DEFINED_CURVE_FONT('continuous');
#20566 = STYLED_ITEM('color',(#20567),#9600);
#20567 = PRESENTATION_STYLE_ASSIGNMENT((#20568,#20573));
#20568 = SURFACE_STYLE_USAGE(.BOTH.,#20569);
#20569 = SURFACE_SIDE_STYLE('',(#20570));
#20570 = SURFACE_STYLE_FILL_AREA(#20571);
#20571 = FILL_AREA_STYLE('',(#20572));
#20572 = FILL_AREA_STYLE_COLOUR('',#17128);
#20573 = CURVE_STYLE('',#20574,POSITIVE_LENGTH_MEASURE(0.1),#17128);
#20574 = DRAUGHTING_PRE_DEFINED_CURVE_FONT('continuous');
#20575 = STYLED_ITEM('color',(#20576),#9612);
#20576 = PRESENTATION_STYLE_ASSIGNMENT((#20577,#20582));
#20577 = SURFACE_STYLE_USAGE(.BOTH.,#20578);
#20578 = SURFACE_SIDE_STYLE('',(#20579));
#20579 = SURFACE_STYLE_FILL_AREA(#20580);
#20580 = FILL_AREA_STYLE('',(#20581));
#20581 = FILL_AREA_STYLE_COLOUR('',#17128);
#20582 = CURVE_STYLE('',#20583,POSITIVE_LENGTH_MEASURE(0.1),#17128);
#20583 = DRAUGHTING_PRE_DEFINED_CURVE_FONT('continuous');
#20584 = STYLED_ITEM('color',(#20585),#9629);
#20585 = PRESENTATION_STYLE_ASSIGNMENT((#20586,#20591));
#20586 = SURFACE_STYLE_USAGE(.BOTH.,#20587);
#20587 = SURFACE_SIDE_STYLE('',(#20588));
#20588 = SURFACE_STYLE_FILL_AREA(#20589);
#20589 = FILL_AREA_STYLE('',(#20590));
#20590 = FILL_AREA_STYLE_COLOUR('',#17128);
#20591 = CURVE_STYLE('',#20592,POSITIVE_LENGTH_MEASURE(0.1),#17128);
#20592 = DRAUGHTING_PRE_DEFINED_CURVE_FONT('continuous');
#20593 = STYLED_ITEM('color',(#20594),#9646);
#20594 = PRESENTATION_STYLE_ASSIGNMENT((#20595,#20600));
#20595 = SURFACE_STYLE_USAGE(.BOTH.,#20596);
#20596 = SURFACE_SIDE_STYLE('',(#20597));
#20597 = SURFACE_STYLE_FILL_AREA(#20598);
#20598 = FILL_AREA_STYLE('',(#20599));
#20599 = FILL_AREA_STYLE_COLOUR('',#17128);
#20600 = CURVE_STYLE('',#20601,POSITIVE_LENGTH_MEASURE(0.1),#17128);
#20601 = DRAUGHTING_PRE_DEFINED_CURVE_FONT('continuous');
#20602 = STYLED_ITEM('color',(#20603),#9663);
#20603 = PRESENTATION_STYLE_ASSIGNMENT((#20604,#20609));
#20604 = SURFACE_STYLE_USAGE(.BOTH.,#20605);
#20605 = SURFACE_SIDE_STYLE('',(#20606));
#20606 = SURFACE_STYLE_FILL_AREA(#20607);
#20607 = FILL_AREA_STYLE('',(#20608));
#20608 = FILL_AREA_STYLE_COLOUR('',#17128);
#20609 = CURVE_STYLE('',#20610,POSITIVE_LENGTH_MEASURE(0.1),#17128);
#20610 = DRAUGHTING_PRE_DEFINED_CURVE_FONT('continuous');
#20611 = STYLED_ITEM('color',(#20612),#9680);
#20612 = PRESENTATION_STYLE_ASSIGNMENT((#20613,#20618));
#20613 = SURFACE_STYLE_USAGE(.BOTH.,#20614);
#20614 = SURFACE_SIDE_STYLE('',(#20615));
#20615 = SURFACE_STYLE_FILL_AREA(#20616);
#20616 = FILL_AREA_STYLE('',(#20617));
#20617 = FILL_AREA_STYLE_COLOUR('',#17128);
#20618 = CURVE_STYLE('',#20619,POSITIVE_LENGTH_MEASURE(0.1),#17128);
#20619 = DRAUGHTING_PRE_DEFINED_CURVE_FONT('continuous');
#20620 = STYLED_ITEM('color',(#20621),#9697);
#20621 = PRESENTATION_STYLE_ASSIGNMENT((#20622,#20627));
#20622 = SURFACE_STYLE_USAGE(.BOTH.,#20623);
#20623 = SURFACE_SIDE_STYLE('',(#20624));
#20624 = SURFACE_STYLE_FILL_AREA(#20625);
#20625 = FILL_AREA_STYLE('',(#20626));
#20626 = FILL_AREA_STYLE_COLOUR('',#17128);
#20627 = CURVE_STYLE('',#20628,POSITIVE_LENGTH_MEASURE(0.1),#17128);
#20628 = DRAUGHTING_PRE_DEFINED_CURVE_FONT('continuous');
#20629 = STYLED_ITEM('color',(#20630),#9714);
#20630 = PRESENTATION_STYLE_ASSIGNMENT((#20631,#20636));
#20631 = SURFACE_STYLE_USAGE(.BOTH.,#20632);
#20632 = SURFACE_SIDE_STYLE('',(#20633));
#20633 = SURFACE_STYLE_FILL_AREA(#20634);
#20634 = FILL_AREA_STYLE('',(#20635));
#20635 = FILL_AREA_STYLE_COLOUR('',#17128);
#20636 = CURVE_STYLE('',#20637,POSITIVE_LENGTH_MEASURE(0.1),#17128);
#20637 = DRAUGHTING_PRE_DEFINED_CURVE_FONT('continuous');
#20638 = STYLED_ITEM('color',(#20639),#9731);
#20639 = PRESENTATION_STYLE_ASSIGNMENT((#20640,#20645));
#20640 = SURFACE_STYLE_USAGE(.BOTH.,#20641);
#20641 = SURFACE_SIDE_STYLE('',(#20642));
#20642 = SURFACE_STYLE_FILL_AREA(#20643);
#20643 = FILL_AREA_STYLE('',(#20644));
#20644 = FILL_AREA_STYLE_COLOUR('',#17128);
#20645 = CURVE_STYLE('',#20646,POSITIVE_LENGTH_MEASURE(0.1),#17128);
#20646 = DRAUGHTING_PRE_DEFINED_CURVE_FONT('continuous');
#20647 = STYLED_ITEM('color',(#20648),#9743);
#20648 = PRESENTATION_STYLE_ASSIGNMENT((#20649,#20654));
#20649 = SURFACE_STYLE_USAGE(.BOTH.,#20650);
#20650 = SURFACE_SIDE_STYLE('',(#20651));
#20651 = SURFACE_STYLE_FILL_AREA(#20652);
#20652 = FILL_AREA_STYLE('',(#20653));
#20653 = FILL_AREA_STYLE_COLOUR('',#17128);
#20654 = CURVE_STYLE('',#20655,POSITIVE_LENGTH_MEASURE(0.1),#17128);
#20655 = DRAUGHTING_PRE_DEFINED_CURVE_FONT('continuous');
#20656 = STYLED_ITEM('color',(#20657),#9760);
#20657 = PRESENTATION_STYLE_ASSIGNMENT((#20658,#20663));
#20658 = SURFACE_STYLE_USAGE(.BOTH.,#20659);
#20659 = SURFACE_SIDE_STYLE('',(#20660));
#20660 = SURFACE_STYLE_FILL_AREA(#20661);
#20661 = FILL_AREA_STYLE('',(#20662));
#20662 = FILL_AREA_STYLE_COLOUR('',#17128);
#20663 = CURVE_STYLE('',#20664,POSITIVE_LENGTH_MEASURE(0.1),#17128);
#20664 = DRAUGHTING_PRE_DEFINED_CURVE_FONT('continuous');
#20665 = STYLED_ITEM('color',(#20666),#9777);
#20666 = PRESENTATION_STYLE_ASSIGNMENT((#20667,#20672));
#20667 = SURFACE_STYLE_USAGE(.BOTH.,#20668);
#20668 = SURFACE_SIDE_STYLE('',(#20669));
#20669 = SURFACE_STYLE_FILL_AREA(#20670);
#20670 = FILL_AREA_STYLE('',(#20671));
#20671 = FILL_AREA_STYLE_COLOUR('',#17128);
#20672 = CURVE_STYLE('',#20673,POSITIVE_LENGTH_MEASURE(0.1),#17128);
#20673 = DRAUGHTING_PRE_DEFINED_CURVE_FONT('continuous');
#20674 = STYLED_ITEM('color',(#20675),#9794);
#20675 = PRESENTATION_STYLE_ASSIGNMENT((#20676,#20681));
#20676 = SURFACE_STYLE_USAGE(.BOTH.,#20677);
#20677 = SURFACE_SIDE_STYLE('',(#20678));
#20678 = SURFACE_STYLE_FILL_AREA(#20679);
#20679 = FILL_AREA_STYLE('',(#20680));
#20680 = FILL_AREA_STYLE_COLOUR('',#17128);
#20681 = CURVE_STYLE('',#20682,POSITIVE_LENGTH_MEASURE(0.1),#17128);
#20682 = DRAUGHTING_PRE_DEFINED_CURVE_FONT('continuous');
#20683 = STYLED_ITEM('color',(#20684),#9811);
#20684 = PRESENTATION_STYLE_ASSIGNMENT((#20685,#20690));
#20685 = SURFACE_STYLE_USAGE(.BOTH.,#20686);
#20686 = SURFACE_SIDE_STYLE('',(#20687));
#20687 = SURFACE_STYLE_FILL_AREA(#20688);
#20688 = FILL_AREA_STYLE('',(#20689));
#20689 = FILL_AREA_STYLE_COLOUR('',#17128);
#20690 = CURVE_STYLE('',#20691,POSITIVE_LENGTH_MEASURE(0.1),#17128);
#20691 = DRAUGHTING_PRE_DEFINED_CURVE_FONT('continuous');
#20692 = STYLED_ITEM('color',(#20693),#9828);
#20693 = PRESENTATION_STYLE_ASSIGNMENT((#20694,#20699));
#20694 = SURFACE_STYLE_USAGE(.BOTH.,#20695);
#20695 = SURFACE_SIDE_STYLE('',(#20696));
#20696 = SURFACE_STYLE_FILL_AREA(#20697);
#20697 = FILL_AREA_STYLE('',(#20698));
#20698 = FILL_AREA_STYLE_COLOUR('',#17128);
#20699 = CURVE_STYLE('',#20700,POSITIVE_LENGTH_MEASURE(0.1),#17128);
#20700 = DRAUGHTING_PRE_DEFINED_CURVE_FONT('continuous');
#20701 = STYLED_ITEM('color',(#20702),#9845);
#20702 = PRESENTATION_STYLE_ASSIGNMENT((#20703,#20708));
#20703 = SURFACE_STYLE_USAGE(.BOTH.,#20704);
#20704 = SURFACE_SIDE_STYLE('',(#20705));
#20705 = SURFACE_STYLE_FILL_AREA(#20706);
#20706 = FILL_AREA_STYLE('',(#20707));
#20707 = FILL_AREA_STYLE_COLOUR('',#17128);
#20708 = CURVE_STYLE('',#20709,POSITIVE_LENGTH_MEASURE(0.1),#17128);
#20709 = DRAUGHTING_PRE_DEFINED_CURVE_FONT('continuous');
#20710 = STYLED_ITEM('color',(#20711),#9862);
#20711 = PRESENTATION_STYLE_ASSIGNMENT((#20712,#20717));
#20712 = SURFACE_STYLE_USAGE(.BOTH.,#20713);
#20713 = SURFACE_SIDE_STYLE('',(#20714));
#20714 = SURFACE_STYLE_FILL_AREA(#20715);
#20715 = FILL_AREA_STYLE('',(#20716));
#20716 = FILL_AREA_STYLE_COLOUR('',#17128);
#20717 = CURVE_STYLE('',#20718,POSITIVE_LENGTH_MEASURE(0.1),#17128);
#20718 = DRAUGHTING_PRE_DEFINED_CURVE_FONT('continuous');
#20719 = STYLED_ITEM('color',(#20720),#9874);
#20720 = PRESENTATION_STYLE_ASSIGNMENT((#20721,#20726));
#20721 = SURFACE_STYLE_USAGE(.BOTH.,#20722);
#20722 = SURFACE_SIDE_STYLE('',(#20723));
#20723 = SURFACE_STYLE_FILL_AREA(#20724);
#20724 = FILL_AREA_STYLE('',(#20725));
#20725 = FILL_AREA_STYLE_COLOUR('',#17128);
#20726 = CURVE_STYLE('',#20727,POSITIVE_LENGTH_MEASURE(0.1),#17128);
#20727 = DRAUGHTING_PRE_DEFINED_CURVE_FONT('continuous');
#20728 = STYLED_ITEM('color',(#20729),#9891);
#20729 = PRESENTATION_STYLE_ASSIGNMENT((#20730,#20735));
#20730 = SURFACE_STYLE_USAGE(.BOTH.,#20731);
#20731 = SURFACE_SIDE_STYLE('',(#20732));
#20732 = SURFACE_STYLE_FILL_AREA(#20733);
#20733 = FILL_AREA_STYLE('',(#20734));
#20734 = FILL_AREA_STYLE_COLOUR('',#17128);
#20735 = CURVE_STYLE('',#20736,POSITIVE_LENGTH_MEASURE(0.1),#17128);
#20736 = DRAUGHTING_PRE_DEFINED_CURVE_FONT('continuous');
#20737 = STYLED_ITEM('color',(#20738),#9908);
#20738 = PRESENTATION_STYLE_ASSIGNMENT((#20739,#20744));
#20739 = SURFACE_STYLE_USAGE(.BOTH.,#20740);
#20740 = SURFACE_SIDE_STYLE('',(#20741));
#20741 = SURFACE_STYLE_FILL_AREA(#20742);
#20742 = FILL_AREA_STYLE('',(#20743));
#20743 = FILL_AREA_STYLE_COLOUR('',#17128);
#20744 = CURVE_STYLE('',#20745,POSITIVE_LENGTH_MEASURE(0.1),#17128);
#20745 = DRAUGHTING_PRE_DEFINED_CURVE_FONT('continuous');
#20746 = STYLED_ITEM('color',(#20747),#9925);
#20747 = PRESENTATION_STYLE_ASSIGNMENT((#20748,#20753));
#20748 = SURFACE_STYLE_USAGE(.BOTH.,#20749);
#20749 = SURFACE_SIDE_STYLE('',(#20750));
#20750 = SURFACE_STYLE_FILL_AREA(#20751);
#20751 = FILL_AREA_STYLE('',(#20752));
#20752 = FILL_AREA_STYLE_COLOUR('',#17128);
#20753 = CURVE_STYLE('',#20754,POSITIVE_LENGTH_MEASURE(0.1),#17128);
#20754 = DRAUGHTING_PRE_DEFINED_CURVE_FONT('continuous');
#20755 = STYLED_ITEM('color',(#20756),#9942);
#20756 = PRESENTATION_STYLE_ASSIGNMENT((#20757,#20762));
#20757 = SURFACE_STYLE_USAGE(.BOTH.,#20758);
#20758 = SURFACE_SIDE_STYLE('',(#20759));
#20759 = SURFACE_STYLE_FILL_AREA(#20760);
#20760 = FILL_AREA_STYLE('',(#20761));
#20761 = FILL_AREA_STYLE_COLOUR('',#17128);
#20762 = CURVE_STYLE('',#20763,POSITIVE_LENGTH_MEASURE(0.1),#17128);
#20763 = DRAUGHTING_PRE_DEFINED_CURVE_FONT('continuous');
#20764 = STYLED_ITEM('color',(#20765),#9959);
#20765 = PRESENTATION_STYLE_ASSIGNMENT((#20766,#20771));
#20766 = SURFACE_STYLE_USAGE(.BOTH.,#20767);
#20767 = SURFACE_SIDE_STYLE('',(#20768));
#20768 = SURFACE_STYLE_FILL_AREA(#20769);
#20769 = FILL_AREA_STYLE('',(#20770));
#20770 = FILL_AREA_STYLE_COLOUR('',#17128);
#20771 = CURVE_STYLE('',#20772,POSITIVE_LENGTH_MEASURE(0.1),#17128);
#20772 = DRAUGHTING_PRE_DEFINED_CURVE_FONT('continuous');
#20773 = STYLED_ITEM('color',(#20774),#9976);
#20774 = PRESENTATION_STYLE_ASSIGNMENT((#20775,#20780));
#20775 = SURFACE_STYLE_USAGE(.BOTH.,#20776);
#20776 = SURFACE_SIDE_STYLE('',(#20777));
#20777 = SURFACE_STYLE_FILL_AREA(#20778);
#20778 = FILL_AREA_STYLE('',(#20779));
#20779 = FILL_AREA_STYLE_COLOUR('',#17128);
#20780 = CURVE_STYLE('',#20781,POSITIVE_LENGTH_MEASURE(0.1),#17128);
#20781 = DRAUGHTING_PRE_DEFINED_CURVE_FONT('continuous');
#20782 = STYLED_ITEM('color',(#20783),#9993);
#20783 = PRESENTATION_STYLE_ASSIGNMENT((#20784,#20789));
#20784 = SURFACE_STYLE_USAGE(.BOTH.,#20785);
#20785 = SURFACE_SIDE_STYLE('',(#20786));
#20786 = SURFACE_STYLE_FILL_AREA(#20787);
#20787 = FILL_AREA_STYLE('',(#20788));
#20788 = FILL_AREA_STYLE_COLOUR('',#17128);
#20789 = CURVE_STYLE('',#20790,POSITIVE_LENGTH_MEASURE(0.1),#17128);
#20790 = DRAUGHTING_PRE_DEFINED_CURVE_FONT('continuous');
#20791 = STYLED_ITEM('color',(#20792),#10005);
#20792 = PRESENTATION_STYLE_ASSIGNMENT((#20793,#20799));
#20793 = SURFACE_STYLE_USAGE(.BOTH.,#20794);
#20794 = SURFACE_SIDE_STYLE('',(#20795));
#20795 = SURFACE_STYLE_FILL_AREA(#20796);
#20796 = FILL_AREA_STYLE('',(#20797));
#20797 = FILL_AREA_STYLE_COLOUR('',#20798);
#20798 = COLOUR_RGB('',0.690999998585,0.664000007176,0.597999987832);
#20799 = CURVE_STYLE('',#20800,POSITIVE_LENGTH_MEASURE(0.1),#20798);
#20800 = DRAUGHTING_PRE_DEFINED_CURVE_FONT('continuous');
#20801 = MECHANICAL_DESIGN_GEOMETRIC_PRESENTATION_REPRESENTATION('',(
    #20802,#20810,#20817,#20824,#20831,#20838,#20846,#20853,#20860,
    #20867),#13512);
#20802 = STYLED_ITEM('color',(#20803),#11658);
#20803 = PRESENTATION_STYLE_ASSIGNMENT((#20804));
#20804 = SURFACE_STYLE_USAGE(.BOTH.,#20805);
#20805 = SURFACE_SIDE_STYLE('',(#20806));
#20806 = SURFACE_STYLE_FILL_AREA(#20807);
#20807 = FILL_AREA_STYLE('',(#20808));
#20808 = FILL_AREA_STYLE_COLOUR('',#20809);
#20809 = COLOUR_RGB('',0.815686284108,0.815686284108,0.815686284108);
#20810 = STYLED_ITEM('color',(#20811),#11808);
#20811 = PRESENTATION_STYLE_ASSIGNMENT((#20812));
#20812 = SURFACE_STYLE_USAGE(.BOTH.,#20813);
#20813 = SURFACE_SIDE_STYLE('',(#20814));
#20814 = SURFACE_STYLE_FILL_AREA(#20815);
#20815 = FILL_AREA_STYLE('',(#20816));
#20816 = FILL_AREA_STYLE_COLOUR('',#18163);
#20817 = STYLED_ITEM('color',(#20818),#12234);
#20818 = PRESENTATION_STYLE_ASSIGNMENT((#20819));
#20819 = SURFACE_STYLE_USAGE(.BOTH.,#20820);
#20820 = SURFACE_SIDE_STYLE('',(#20821));
#20821 = SURFACE_STYLE_FILL_AREA(#20822);
#20822 = FILL_AREA_STYLE('',(#20823));
#20823 = FILL_AREA_STYLE_COLOUR('',#18163);
#20824 = STYLED_ITEM('color',(#20825),#12660);
#20825 = PRESENTATION_STYLE_ASSIGNMENT((#20826));
#20826 = SURFACE_STYLE_USAGE(.BOTH.,#20827);
#20827 = SURFACE_SIDE_STYLE('',(#20828));
#20828 = SURFACE_STYLE_FILL_AREA(#20829);
#20829 = FILL_AREA_STYLE('',(#20830));
#20830 = FILL_AREA_STYLE_COLOUR('',#18163);
#20831 = STYLED_ITEM('color',(#20832),#13086);
#20832 = PRESENTATION_STYLE_ASSIGNMENT((#20833));
#20833 = SURFACE_STYLE_USAGE(.BOTH.,#20834);
#20834 = SURFACE_SIDE_STYLE('',(#20835));
#20835 = SURFACE_STYLE_FILL_AREA(#20836);
#20836 = FILL_AREA_STYLE('',(#20837));
#20837 = FILL_AREA_STYLE_COLOUR('',#18163);
#20838 = OVER_RIDING_STYLED_ITEM('overriding color',(#20839),#11658,
  #20802);
#20839 = PRESENTATION_STYLE_BY_CONTEXT((#20840),#17063);
#20840 = SURFACE_STYLE_USAGE(.BOTH.,#20841);
#20841 = SURFACE_SIDE_STYLE('',(#20842));
#20842 = SURFACE_STYLE_FILL_AREA(#20843);
#20843 = FILL_AREA_STYLE('',(#20844));
#20844 = FILL_AREA_STYLE_COLOUR('',#20845);
#20845 = COLOUR_RGB('',0.815686284108,0.815686284108,0.815686284108);
#20846 = OVER_RIDING_STYLED_ITEM('overriding color',(#20847),#11808,
  #20802);
#20847 = PRESENTATION_STYLE_BY_CONTEXT((#20848),#17063);
#20848 = SURFACE_STYLE_USAGE(.BOTH.,#20849);
#20849 = SURFACE_SIDE_STYLE('',(#20850));
#20850 = SURFACE_STYLE_FILL_AREA(#20851);
#20851 = FILL_AREA_STYLE('',(#20852));
#20852 = FILL_AREA_STYLE_COLOUR('',#20845);
#20853 = OVER_RIDING_STYLED_ITEM('overriding color',(#20854),#12234,
  #20802);
#20854 = PRESENTATION_STYLE_BY_CONTEXT((#20855),#17063);
#20855 = SURFACE_STYLE_USAGE(.BOTH.,#20856);
#20856 = SURFACE_SIDE_STYLE('',(#20857));
#20857 = SURFACE_STYLE_FILL_AREA(#20858);
#20858 = FILL_AREA_STYLE('',(#20859));
#20859 = FILL_AREA_STYLE_COLOUR('',#20845);
#20860 = OVER_RIDING_STYLED_ITEM('overriding color',(#20861),#12660,
  #20802);
#20861 = PRESENTATION_STYLE_BY_CONTEXT((#20862),#17063);
#20862 = SURFACE_STYLE_USAGE(.BOTH.,#20863);
#20863 = SURFACE_SIDE_STYLE('',(#20864));
#20864 = SURFACE_STYLE_FILL_AREA(#20865);
#20865 = FILL_AREA_STYLE('',(#20866));
#20866 = FILL_AREA_STYLE_COLOUR('',#20845);
#20867 = OVER_RIDING_STYLED_ITEM('overriding color',(#20868),#13086,
  #20802);
#20868 = PRESENTATION_STYLE_BY_CONTEXT((#20869),#17063);
#20869 = SURFACE_STYLE_USAGE(.BOTH.,#20870);
#20870 = SURFACE_SIDE_STYLE('',(#20871));
#20871 = SURFACE_STYLE_FILL_AREA(#20872);
#20872 = FILL_AREA_STYLE('',(#20873));
#20873 = FILL_AREA_STYLE_COLOUR('',#20845);
ENDSEC;
END-ISO-10303-21;
